"reference_index","source_root","relative_path","source_label","source_name","cluster_label","file_size_bytes","sha256"
"0","malignant","reference_000000.png","5","Malignant","0","7679","e9079f67514d39520d54fd33df359218dac01232e8ce566d80d3207ab1868671"
"1","malignant","reference_000001.png","5","Malignant","0","10066","e3d35067c13ec7222665bbaacb915bd9b0f8f10c8721de2d72a3077f0c44c18b"
"2","malignant","reference_000002.png","5","Malignant","0","5855","36340692481b7925cff5349d0c422e8b7086a66ab40f460295a06bcd6cd97774"
"3","malignant","reference_000003.png","5","Malignant","0","12690","384dcb5ed480a23fbc18fdece4574b684e03f57955b2d9a6a7f77355e396ad26"
"4","malignant","reference_000004.png","5","Malignant","0","8224","9e218d4dae4581dd855560ba820c54fccc71aa59792ff9e37be5ee0513d5cee0"
"5","malignant","reference_000005.png","5","Malignant","0","7902","7c718c26aba1113d076bfe603129c519d4d640b4a64c382042d65ab0cf852c09"
"6","malignant","reference_000006.png","5","Malignant","0","8005","577bddba932172f4d8d452b81517977bf3573f733a24350b49e2250d20999ec4"
"7","malignant","reference_000007.png","5","Malignant","0","8899","3e4f3fa78c71546e26021c2d3b809ae830b7a3c7396c66eb5716182ff341a6b1"
"8","malignant","reference_000008.png","5","Malignant","0","9464","0400952afe624662d24db987ce4da54add03389c373e18ec69bbb4f3be7b1645"
"9","malignant","reference_000009.png","5","Malignant","0","9114","87086f77f7459d9f24a7910748626f83c1fd4e558f52b99d026b6e8e9034d600"
"10","malignant","reference_000010.png","5","Malignant","0","9647","c8cebc8af2ec4eba4fe607291af8d19c2659fead99b2b953754d676d1c44cc63"
"11","malignant","reference_000011.png","5","Malignant","0","8830","77b322202cdff785d70a1668e1ee6c13d6cd4ed404926b3d28cf0ffcfb67ac6e"
"12","malignant","reference_000012.png","5","Malignant","0","8190","06ee29e0bdaa4c722a56509605de6b2fa80b0d0335a9988d64aeda164ade1db2"
"13","malignant","reference_000013.png","5","Malignant","0","7531","d8d03ce404fdd6915f51c2aabd39447e5cedbcd810ae393ccac3f51b1a4631d1"
"14","malignant","reference_000014.png","5","Malignant","0","12849","1ed0228b0dde050e4a554766613cc96fd57d46ac97f33e3f90c3646e3297cc06"
"15","malignant","reference_000015.png","5","Malignant","0","9455","752244f3b694245798186bcc2ecea757dbf812c81a71c5d1afd5a7f054e8e4a3"
"16","malignant","reference_000016.png","5","Malignant","0","7856","1398bfb3409f0f60b098aafd5320c366fce41a898585a5064cf6306a33469a4b"
"17","malignant","reference_000017.png","5","Malignant","0","7486","252a08e5fbb192248a40a515edf5363f26d0137f9a8c1e85184596050c5041db"
"18","malignant","reference_000018.png","5","Malignant","0","8374","93c5988ea283d81fd2daaf637b6977b7a7d1d8ab2f50f87274615fe1e1c06ac7"
"19","malignant","reference_000019.png","5","Malignant","0","8062","42cdf1593c999f569fd2bd4af022f254a413f93ed18fa95d18727b8ff33325e7"
"20","malignant","reference_000020.png","5","Malignant","0","23532","5d80413ff2141bbb1426a48d3b6621f06e5dbc518cb5edda1f7f15d3428e1bf9"
"21","malignant","reference_000021.png","5","Malignant","7","11949","5e07fcc7710015f4e97d0d39b0af7ce6bfe16be1934d4b873658c5209be8a2d2"
"22","malignant","reference_000022.png","5","Malignant","7","10360","f6734d1a605c99703297aebc40363a95aff22140c59dfa430edf7c829ee1b605"
"23","malignant","reference_000023.png","5","Malignant","0","8749","ca7bb6385bae56d6bad3b52dcea69dfdd1f3a97aeef6929ead195bc72cb39bcb"
"24","malignant","reference_000024.png","5","Malignant","0","13570","95992869191e63b6639add25750daef7d33852da812a2e1c4d18a2dab073d9c4"
"25","malignant","reference_000025.png","5","Malignant","0","17540","1e859d7279a05cf7624c7726e6ee066222837fd82b27464f66c98a856b4d600a"
"26","malignant","reference_000026.png","5","Malignant","0","11714","b7121234b1becd1e9e6f647399888ce395bdf347ddc5a70d565a0479c3400cc1"
"27","malignant","reference_000027.png","5","Malignant","0","12511","d32be29f07fecff402d0d77adca8a23cfb9c5a9c00e0c6069e4c2db70827af30"
"28","malignant","reference_000028.png","5","Malignant","0","10658","4ef5324b3c6c7e4039831617eb544de79dc8bf777b399770de75a48c382b9cf1"
"29","malignant","reference_000029.png","5","Malignant","0","27008","22f3e31ac33cbeae60697bdd28c6832179258b55d36a7d01684e7a61895dc088"
"30","malignant","reference_000030.png","5","Malignant","0","24011","26e5548a556a5663717409f0cca89c4fe18486b2f0b6a48efa3fa191c12947bf"
"31","malignant","reference_000031.png","5","Malignant","0","18831","5791f208151ecd3680e75391dac3c4b1322c8bd624359b68068f5cfb7d374fda"
"32","malignant","reference_000032.png","5","Malignant","0","22960","9b6be8dd9b7b8137444d8e67da33af605b0524537f5bc1ddd82fec6b989d9b9b"
"33","malignant","reference_000033.png","5","Malignant","0","31489","bfd7fa19a9e8a934eb7f3613bdcd5469d3d37805bcb0492c1ede2f80e9941421"
"34","malignant","reference_000034.png","5","Malignant","0","22725","b3516751541e7dcd80acfc64f99315237c522dbacbae50604ab866cf17345f06"
"35","malignant","reference_000035.png","5","Malignant","0","19675","ba3bf2ffea0bdb60f1fa6227a7e1405637aab0aaa1e01bce31da7b4e28a63ac6"
"36","malignant","reference_000036.png","5","Malignant","0","12290","cdf43aa526db1f543feae6195f06bbace7b8d4a880fe48fbc0e88f11b6f3d015"
"37","malignant","reference_000037.png","5","Malignant","0","10787","145b3da404cda99b3b974896af4721bb986783e623dbcd33c8a0d3f45a3609b9"
"38","malignant","reference_000038.png","5","Malignant","0","9426","c5c837ff17cd22db37596820a386ebc1d973175e5d2639750e8a5c9a9f0bdb89"
"39","malignant","reference_000039.png","5","Malignant","0","14749","5f00dd230bb96a905637931cc7c36223d53c9230d0f19387bce8c310d4234a4d"
"40","malignant","reference_000040.png","5","Malignant","0","12116","a71a30edbbc45c49bb75ec9ad4074282907b3faf6e6ecb68a04b72c702ca480c"
"41","malignant","reference_000041.png","5","Malignant","0","26398","7f6b0c6c3b1e176ac409372358e9108bab5e7c42d1f556544ac532aa0697ff8e"
"42","malignant","reference_000042.png","5","Malignant","0","23630","9e4fbbe4e9f1b757475a53bc04ae3d89039f8feee6407f8b0d91784a9f6dbff1"
"43","malignant","reference_000043.png","5","Malignant","0","30033","f0263be29dd7dab217bc23697dababbead1397ce0d090c4c92e4529ddf74343f"
"44","malignant","reference_000044.png","5","Malignant","0","26731","fc8a0de595ca5f2aa894483cff4f357c8d141b53d110fd1e6051d5c27ac508df"
"45","malignant","reference_000045.png","5","Malignant","0","27366","2d63c9f0845adfe4865c174c0bd28297db21eba916d6dc6b9d92e23eaffd4285"
"46","malignant","reference_000046.png","5","Malignant","0","18408","2e3485072ef548c6b46c459caa3a3a2547a5d075809902126785eccf6c86678e"
"47","malignant","reference_000047.png","5","Malignant","0","15698","7c3ba684ca51a38b01f148adb3bf0ad03648b75a21dd53929609f22792b36877"
"48","malignant","reference_000048.png","5","Malignant","0","30306","de970eaeb490339deead82325960a91bb1675dd71834007f07cb9eeb855d09a6"
"49","malignant","reference_000049.png","5","Malignant","0","14989","a048345eb695fa552b17d2c815df57c6b359e693584f1cc74ac2faf6b546c2cc"
"50","malignant","reference_000050.png","5","Malignant","0","23367","bf73d76c0933c9c4d25d20b5882df48e1c813b9ae18012a9e92bca7d5c43c4a8"
"51","malignant","reference_000051.png","5","Malignant","0","27800","a63538584ff63bc483fd50ff4113870f8d29b319e87471bfe28f3f71804ad200"
"52","malignant","reference_000052.png","5","Malignant","0","13019","5301982cfb3ac7f81c2d4dafc11627ea4003d3505d15b92ca8992cc29b90f2cc"
"53","malignant","reference_000053.png","5","Malignant","0","14133","7c0eab7335c548f12c076ae901dd8ebebdd69aa055156ac008876473850446c4"
"54","malignant","reference_000054.png","5","Malignant","0","22750","7644867e66172b85646d453e7fddd3d1ab08527fff314ca2b001c392caa0f384"
"55","malignant","reference_000055.png","5","Malignant","0","16044","ff4998c6279a38d7625b1a5f6a57da44900f34448f7f15b4cab21e1cf7757e4f"
"56","malignant","reference_000056.png","5","Malignant","0","19370","ee34340d24c5494ff4a8e2f8f38b26e4a3a81b240eb1de7e7873e7d34d78a52c"
"57","malignant","reference_000057.png","5","Malignant","0","18729","3634d67c29f81ee4c76e1e18f593d049fb5a36c23201dd3c4fb671ff289bc2dc"
"58","malignant","reference_000058.png","5","Malignant","0","9790","3aecc972063fb4c864c3e18c35f7ac30b66d56e9ae9c2c83d5be5653dfbe7d34"
"59","malignant","reference_000059.png","5","Malignant","0","26998","3c32f37ff48fdee5d23af63ea2668624534fc27975517e68b9239822138c052f"
"60","malignant","reference_000060.png","5","Malignant","0","37839","3514ad3678084846d7ed693fc1ce9e891c2a0fde84da609ab68c91013d520d49"
"61","malignant","reference_000061.png","5","Malignant","0","22368","a9758fbc0f1170d3fbb545a980cee2690b85fd6a301f3b7891ba96a15ca39529"
"62","malignant","reference_000062.png","5","Malignant","0","46296","7cb7ce7427c3a27f7a3b590aadfbe374a1f76f93f063cd56b3aaa412a6b13ddc"
"63","malignant","reference_000063.png","5","Malignant","0","21117","d4f4d5c39197963142509aa2e1114a76bd1c58889b04a7199b11a8920395cf57"
"64","malignant","reference_000064.png","5","Malignant","0","12797","bf863b4c542dbb2110f901f277edaa0892a207b35a3c1ef2a7a1c159d0678475"
"65","malignant","reference_000065.png","5","Malignant","0","13551","a75f2a5945faa91db3b71452d54ec955129b41c8225eb345cb31b0f1179aced1"
"66","malignant","reference_000066.png","5","Malignant","0","20148","12bb3c8116f8190cc40cf56a288abecbb5940ccfe7006e0facfa1ea028380719"
"67","malignant","reference_000067.png","5","Malignant","0","25360","d002f665598d9f4729ff749ec0577b815db896ff9b5bc8d2617379ad5bed6b8f"
"68","malignant","reference_000068.png","5","Malignant","0","25322","8878ad63f28c6d663c2dfb1a5ca8b48193cd9bd4ec3e7b1e882ead08cc933f8b"
"69","malignant","reference_000069.png","5","Malignant","0","23893","af540fd0358846b46ccb9d0ea5ae9efb826c4b94ffe3b8e47882bb03cab225b8"
"70","malignant","reference_000070.png","5","Malignant","0","17409","c016c8b5d96a5280257c0af1d391d5fc71c065d1e19a883f081e9d2415717290"
"71","malignant","reference_000071.png","5","Malignant","0","20611","079070944e6100e3cd1a8f2b7be31fe0a76fc084e5ae76b9eb058f4c45808619"
"72","malignant","reference_000072.png","5","Malignant","0","18274","fb8f4229a66958839172fc2d92fe1c6ded7a86469698f70a6cee6377937e0833"
"73","malignant","reference_000073.png","5","Malignant","0","13852","02612a9f262f8f5926b45c2d64f9d9011c416f535233193fea3c399c76f466f9"
"74","malignant","reference_000074.png","5","Malignant","0","13103","9432962c1518b57675005196690ff22233a7a08123829d499e921e70de0c8299"
"75","malignant","reference_000075.png","5","Malignant","0","13814","b34af6ac120a13f52e9e3837bc48c24f9f2b5109d5ae25d29f99fc601f0b17c3"
"76","malignant","reference_000076.png","5","Malignant","0","21134","dd5cacdda578bcb1c695699cb9673e82e4068a9b0e7511f770cf2c22b35b49a5"
"77","malignant","reference_000077.png","5","Malignant","0","29333","e60c2581fb57ff5378cc331f01aea85728b88aaccb13829558898eac9fde72fc"
"78","malignant","reference_000078.png","5","Malignant","0","12777","bd94c6610694b1ab9af143b7e1304744db560f3cf32e4bf1c5ff3816db3256c4"
"79","malignant","reference_000079.png","5","Malignant","0","27792","edc67d189185fa6a3fea82071d134446a6cd5811804596d93a84c788b18bc49a"
"80","malignant","reference_000080.png","5","Malignant","0","13859","012fbc504d5d1eaeb607e2255925bd87ee0bf5c142d379250d486175cdb41f81"
"81","malignant","reference_000081.png","5","Malignant","0","34700","5dc0e0bb5f215db8ddc07342986bfc0abd55c85771a364ba0878fd771e30a4d7"
"82","malignant","reference_000082.png","5","Malignant","0","6466","e3c743929397b02c3da4c303c6606f3fe0c20f80ba240bce3daf7699b8834e2d"
"83","malignant","reference_000083.png","5","Malignant","0","30095","26979f054db278d7b1c8acdcd6fcc048e1ec51f81a083c35045fdac2c89e4ee1"
"84","malignant","reference_000084.png","5","Malignant","0","32600","e4a55837afad6b22a259f66b89e10711d689d2746d729efd1954969a724265d1"
"85","malignant","reference_000085.png","5","Malignant","0","10478","cf5dda7922bd27f9495d30f0e2baea02c1c7ab70690c0dd0eefa586916ee4e95"
"86","malignant","reference_000086.png","5","Malignant","0","23766","c93b4e2f4f9b6bcab7606a995fe6c5ee5b06c333d16b684b8c29c900b75536db"
"87","malignant","reference_000087.png","5","Malignant","0","21600","1a76a5f53175672e562235ff6fbc505e13002c8205247789fcac3855ab369846"
"88","malignant","reference_000088.png","5","Malignant","0","21158","346e27043a120afe59e6d6163f92d9d34f687bbf76d4a61bc56c16d785bd91c1"
"89","malignant","reference_000089.png","5","Malignant","0","17820","4df65b8dc9a4394293a00b5e0a6a52ffa5a6ebc81eacb26e15a58b2d06f7e533"
"90","malignant","reference_000090.png","5","Malignant","0","17343","80fed9997694037950faaf0d81b0703e3fa5b88c67ce817ded05d40b7e2539ea"
"91","malignant","reference_000091.png","5","Malignant","0","42792","fe07496b1c05deb99ba1b8bc33de9825b7f51d666dc3f508dc539b654d25cf68"
"92","malignant","reference_000092.png","5","Malignant","0","6485","b5df30adb0ca5eb12552f164127e8bbfbe8f88f14ea5fc65e293b4b1751e3fd9"
"93","malignant","reference_000093.png","5","Malignant","0","5885","9e93356c5aa1f6bb7fb545f974117f8189266d03da336cc2f03ede3f2e20b8b4"
"94","malignant","reference_000094.png","5","Malignant","0","6092","40e4c3b1d795721f96c9de08e866319aa7a2d17b86b5c6f189edc81089f80911"
"95","malignant","reference_000095.png","5","Malignant","0","4229","69d8981ccde67654a948a4d07171be21a4a3e2f37239ee0cbc6bb9399a4c06e8"
"96","malignant","reference_000096.png","5","Malignant","0","4955","0d2e1afbec64f1d5820db2598e9ccc795f181b5f20beb7f86a01a59a9d011ca0"
"97","malignant","reference_000097.png","5","Malignant","0","11151","644f211616b565bb6899bb4eaa6642b3eaf3460cdd82d20ad66cb66d4272a8f2"
"98","malignant","reference_000098.png","5","Malignant","0","2700","ca9c12afb63d6c2e4cac3a9b533efd3d7d0449ac3cbbf419730d16a1093b3487"
"99","malignant","reference_000099.png","5","Malignant","0","11760","9917ab46efdd2ecd66c6e1838f0db28bff428f831b13da2340882e7d01d53513"
"100","malignant","reference_000100.png","5","Malignant","0","24641","245527cde4f3c68e570ae1d059f54fad66d3fa5a45ff49469d6a63ad9c037ee8"
"101","malignant","reference_000101.png","5","Malignant","0","7663","38a85cadfebe8bde765e57428ce5e13b63f2a6d5e313fd3273ba9b5d7c2f4e0e"
"102","malignant","reference_000102.png","5","Malignant","0","7285","b977090c9037e98f17fb5167023402c7531d53cc12992b84dd8ccf3e33031d44"
"103","malignant","reference_000103.png","5","Malignant","0","20161","c9e63ca590922385fc7417fe71fb4ea898eb7f59749dbc0ebe15d1e43385fc94"
"104","malignant","reference_000104.png","5","Malignant","0","10368","3ba2e28a3f1c0bad9a3818e0ce1089602874478a63202f6c6269be2df28a7a8b"
"105","malignant","reference_000105.png","5","Malignant","0","9821","e46cfa73041dbdb1cdec9ebcc48389c6055e7d46f84ccd83b9c16d980b8fdc55"
"106","malignant","reference_000106.png","5","Malignant","0","13883","2a6d2b16e729489239dd9fb85754372e5f0e8d88c8fde52f7f0733e3fc545d9f"
"107","malignant","reference_000107.png","5","Malignant","0","11842","d2b36f392b2bb0a779978dc1a4a66d27a47a5b076f77ce748f5fc4f1b1371df3"
"108","malignant","reference_000108.png","5","Malignant","0","8489","5c29f9dcf2b786656ca1e37a1c89b44d89137d29e8897f61cf15b18e55da83d7"
"109","malignant","reference_000109.png","5","Malignant","0","16781","bd01d0aa8528fd5249deb94fdbe2bbf0a058ff0f0235a635d3a185226e85a930"
"110","malignant","reference_000110.png","5","Malignant","0","10003","4f4e7cecb23d92a3200dcb00bd01fc08f0630cafd0cb4efa6d3991dcaecac5f4"
"111","malignant","reference_000111.png","5","Malignant","0","8288","474fe63cad37400ea030ee1c018a47d339aa9980e8c227c084af9c11b2ea49f6"
"112","malignant","reference_000112.png","5","Malignant","0","14956","2903a94eb9953b07e636f56c96dfe931ff649731647e6aedced84e67ea6ea069"
"113","malignant","reference_000113.png","5","Malignant","0","9994","80317363e8f0df4484ee98c4a01426e8bd15270719d8d0cea23beefb0b3ae669"
"114","malignant","reference_000114.png","5","Malignant","0","12642","6fa1d94b38bbb2c596bb89d61b12ffdb9597b8291c8b4362d3d5a522fd4f4619"
"115","malignant","reference_000115.png","5","Malignant","0","9182","2d87244293ae00dd77ebd5521f080077215828ba09710be875a33f7bce92b2df"
"116","malignant","reference_000116.png","5","Malignant","0","11776","ad52dddd3b834ec5d1669a48b817e004e4c41139f277b9e10d1e377ec315d116"
"117","malignant","reference_000117.png","5","Malignant","0","14528","4ea57f616b504a9909e88845d649b79cd9a03e958beada1171b72e36d84dc801"
"118","malignant","reference_000118.png","5","Malignant","0","13035","a1b2d986d8d0690986843cf65df57ef57c68f39e3ebaea1d47ca8bf5fb3d5c0c"
"119","malignant","reference_000119.png","5","Malignant","0","11916","2e34d7c5d26501286ec28182bcc224fb6b8f38dd58c19981ab147b09100566d4"
"120","malignant","reference_000120.png","5","Malignant","0","14484","bee7dc5f650930357bc57a70951bcfddb458230ee104051945338b9e6522b1bf"
"121","malignant","reference_000121.png","5","Malignant","0","19422","7d15d504d13164dc71cba3739ecf5b5f6b13e2e23a6fd90ba406339c30ec281f"
"122","malignant","reference_000122.png","5","Malignant","0","15113","981fb507257cda3236a22f07b3d002bcf02562fbc2217173c3816001c61fd6fe"
"123","malignant","reference_000123.png","5","Malignant","0","12860","c277d3a5b3603daf0bed1da09e6ebdc2cae82384df4f30e73af6a52f5ca10aab"
"124","malignant","reference_000124.png","5","Malignant","0","14521","d0e5c20d9dc690aeee2ed91d23237e54bae841783a026f608e1f995e2095c4fb"
"125","malignant","reference_000125.png","5","Malignant","0","18175","8f5910e06df7c22bb292554f76885b200f362cc70ddc0ace418c62105f77dd3c"
"126","malignant","reference_000126.png","5","Malignant","0","16037","7d4b63d841aae839e390d812b3922940c74a3bb42bda068b02117cd7f9670925"
"127","malignant","reference_000127.png","5","Malignant","0","13806","64d7b4346951a805665393a69215c97917cdd1cd421ed22394e632ae86e34d4b"
"128","malignant","reference_000128.png","5","Malignant","0","19085","910e0cb1887c181c8fb244fbfdd560141fbc78e7d40cde1e04027d2e87f371a4"
"129","malignant","reference_000129.png","5","Malignant","0","13907","d6f714a833cd42caba792e34ffb5f42c10e6e2be306772c173e67f2262215b11"
"130","malignant","reference_000130.png","5","Malignant","0","9624","0c286a6acab32aed832a56317c4db7e06eecf350e3926db9a6aba1dbd1af2856"
"131","malignant","reference_000131.png","5","Malignant","0","13828","d92d5cc6b918609cf8c9f800aa8ef68808d7926ccb08c5773389dfb8d45e5ede"
"132","malignant","reference_000132.png","5","Malignant","0","12766","10f1acf1ddc03c71a5ddb888ffd35e5e2af826c6717b77d3a7aae4031ab4bf2b"
"133","malignant","reference_000133.png","5","Malignant","0","13225","28cd737b955eec08b0c4355d3e6cc1cb7c868aa3451f36ac441ebffcaf6754c9"
"134","malignant","reference_000134.png","5","Malignant","0","15296","07de996b554f1fbb73566cf024f0bec0ab1cf64dfafbab1adc8505264a004ca1"
"135","malignant","reference_000135.png","5","Malignant","0","17609","c68b284700934ff4aa9750a4517d67122b919ee16c4183c654a103269dabbeea"
"136","malignant","reference_000136.png","5","Malignant","0","19998","5159eb7d12b95a12b083915387f94051e75b34b167db9c330dfd8b0019f17bb8"
"137","malignant","reference_000137.png","5","Malignant","0","21826","1a6b92881e3447000a8fe5a3fdff6375a368c1abea08e99a36d32b8561348f4d"
"138","malignant","reference_000138.png","5","Malignant","0","13825","b9fb38ed99f3c85adba48f1b9702771454f7b35bad7468860f9532d83ef23a80"
"139","malignant","reference_000139.png","5","Malignant","0","26316","a3fd6378864b344db20c6dc5d3edccc9facd8c8fcca869bb134c544417d3d4af"
"140","malignant","reference_000140.png","5","Malignant","0","11844","2af553a5a3f303b0726774e9c72cd92e158384ab620d2e10139ee55e84ba5a94"
"141","malignant","reference_000141.png","5","Malignant","0","17237","e3e5ad3c7dee6e9e2a07a2bc150f62e90e60ba8c629edb56fff4d8ee92a613fd"
"142","malignant","reference_000142.png","5","Malignant","0","16841","298fdd0ab1a4d04683ceb008fed5a8a328058deb9647de21223c9e0039b9cdee"
"143","malignant","reference_000143.png","5","Malignant","0","9671","86dc2ede646d7b965b825be1c1fdf4a440218d3f6c962e07295ebbd4f9466067"
"144","malignant","reference_000144.png","5","Malignant","0","9174","b36f355f1a42265a447780c59cf344c4617d556aa71c01d68406b4cfb35092ac"
"145","malignant","reference_000145.png","5","Malignant","0","23178","496dc969460d7dd72b7ad1c8223c5265787851ec72bebaacf6b658c863c6c82e"
"146","malignant","reference_000146.png","5","Malignant","0","25278","6876f8fec72b5e7ca196df9118fcdbbbb150de2189087f2c0073f97f38d6d6e1"
"147","malignant","reference_000147.png","5","Malignant","0","14782","93ab22f1b6fa582777b3e6ed5b7af96ea765715c7bd6663384c49a4bfe139d51"
"148","malignant","reference_000148.png","5","Malignant","0","16879","4d405dfbcd9039de983e6e339da1ac697e25303857c98a116a92759a7a56287b"
"149","malignant","reference_000149.png","5","Malignant","0","17241","ce71db270263b4a1a53fdb287b90de59a9cbfebad64f23b31e2dbd5c7fb74795"
"150","malignant","reference_000150.png","5","Malignant","0","10450","ce59a226133b7b366d6db4a7553c15b88ac9981f54f22b9312fd9988144f56f4"
"151","malignant","reference_000151.png","5","Malignant","0","16571","67a55d4658a59b1085058bd20c59b861e2fc906b744cdfc54dfbc5757bbfd0ca"
"152","malignant","reference_000152.png","5","Malignant","0","9096","23c485f472a4f14f2c2c26411c6a210283d0801b31eade6e4ea3f4dd4399f22f"
"153","malignant","reference_000153.png","5","Malignant","0","6311","63b8e7728881437886aa7da5a00379e2be03fab4147da363b44e35200374fa4b"
"154","malignant","reference_000154.png","5","Malignant","0","8169","1410d748f4e29f76126cfb5ba75a6de19a9c1aab197011e9b53bad074d117a48"
"155","malignant","reference_000155.png","5","Malignant","0","4424","15a639e1ce233f89033bc02b9972315e3e433a4625cb153b3dfe232d238269de"
"156","malignant","reference_000156.png","5","Malignant","0","6820","a36bf0af9dc869561736568d9214d4de80399934da0ca3d9abd67de19412802a"
"157","malignant","reference_000157.png","5","Malignant","0","7709","a2c8aabb02c4a5fb1b72fa733d5570f7d49711d8dada1e78129837090adc18f4"
"158","malignant","reference_000158.png","5","Malignant","0","6380","5844d2d363e27ce152d72990808067565f88ea7137771a8648c9e991b213582b"
"159","malignant","reference_000159.png","5","Malignant","0","7974","274ef68afa0040378939894f93d772178c81c509543b6e6435df878f06e4f4b5"
"160","malignant","reference_000160.png","5","Malignant","0","6695","1c83b2bb19efe7ef76cd6cf72ef52977182a4360aedce87beeff32f3ef8c5f7c"
"161","malignant","reference_000161.png","5","Malignant","0","3813","469440f384e0ab73758e82235f6467fec55612d0a4535e748b8a6485f3788d1e"
"162","malignant","reference_000162.png","5","Malignant","0","7099","5d8c6b8cb7ef4fcaba006639521f02f13dc344d1a76249f93222ad121aa0a93e"
"163","malignant","reference_000163.png","5","Malignant","0","5473","de038b2db9846666c626888ea6925e28d0ce6f14ec0b12b42390354c14ce1f34"
"164","malignant","reference_000164.png","5","Malignant","0","6880","31b0b36ce1049423d421272c0badcbfa7af2ca9b70ddac95c57ecb9c09e832d2"
"165","malignant","reference_000165.png","5","Malignant","0","11140","a413cdac265ce600e17b4624f5e73d6364a217cce34f5ec1a7b8f982e136c895"
"166","malignant","reference_000166.png","5","Malignant","0","5469","5554a3c70ef94ad469dfee706f5f57ca8b07519f346b6d22a761bfb6072f29c6"
"167","malignant","reference_000167.png","5","Malignant","0","4476","cff3879bcf4aadc4ec1650a18baf833938345c44c5e59a292a21185a175b3cb0"
"168","malignant","reference_000168.png","5","Malignant","0","8947","52f9be92ffc8db75e12a5e723a88602b8abb4d755ade04ab2462ccfc266a6aa5"
"169","malignant","reference_000169.png","5","Malignant","0","7973","11cd451a7adfdd66823a9f5456b902d91f365ab6e8065c935c0707d1fc6beb90"
"170","malignant","reference_000170.png","5","Malignant","0","6112","abda0f7dd0c901edf778cc1d910ae8fdf776da3150a88c57213752f3a30e7690"
"171","malignant","reference_000171.png","5","Malignant","0","8199","317d2cd0ecee786fe5b952a398349969b541c1e199626419fc9637b5b3ddf84a"
"172","malignant","reference_000172.png","5","Malignant","0","9786","a0170463ea48c3dd3f6026b550bb975cb51c7a94b0be5f3114b96e8c7be01b78"
"173","malignant","reference_000173.png","5","Malignant","0","15565","0c4048749f8e668124e82629d42e456572d2144bc042019f2d141f39df5d1ea5"
"174","malignant","reference_000174.png","5","Malignant","0","11272","aed8db64d03676eda90031b5276995eaec7921625af436485cfd4adec73637b7"
"175","malignant","reference_000175.png","5","Malignant","0","8261","7356f34b9d5cbc45c39186b2d22ba30610acf6b023617dfb86700ac32916ecb6"
"176","malignant","reference_000176.png","5","Malignant","0","7384","10d53439fa462a5ff7ceea3ed641a127b43fbc3e46a1ae2a8f96d19fee8bc88a"
"177","malignant","reference_000177.png","5","Malignant","0","8636","0780cb0c70f81423df1b88dfdb4f88300b6cabf4455d6043f75c8d01d3b3aa13"
"178","malignant","reference_000178.png","5","Malignant","0","9118","42110efe857a7adec9bd9e1e1ca9b754f821be5c4f625f87d8b67de92e97899c"
"179","malignant","reference_000179.png","5","Malignant","0","6212","014f7f5d191bafb569f81a8b43f57f0f1f71259dd550b4288c468fa9bd5c60ba"
"180","malignant","reference_000180.png","5","Malignant","0","8990","d42f38443beb2c4b9f677b73e45dfd244658379ccfce793a3e3e6e29b85e70e3"
"181","malignant","reference_000181.png","5","Malignant","0","6257","c42013845bdc9ae97199c9ab06f7be33e69b490fb6f2b6fb4623be4c5aaffbac"
"182","malignant","reference_000182.png","5","Malignant","0","5629","ff4d57e085c3f57205362330e5c59b959f12f4e51c9cc2e5ba29ecf66177cd78"
"183","malignant","reference_000183.png","5","Malignant","0","7981","5ff5471504b90bf19e7030abc5cc599c45e3acdbf780c428b5a425d87c5fd7a6"
"184","malignant","reference_000184.png","5","Malignant","0","8646","0fa0f1a3c903e563d18fc5a0eb4bae3cbb78340689713a6a00cb06a0cd1c9f93"
"185","malignant","reference_000185.png","5","Malignant","0","9296","4b74c177a2553944072ba8c563639e455634a6fbf086891c2dd51b683fbb912b"
"186","malignant","reference_000186.png","5","Malignant","0","9133","907c94d242b7de420978cebec479f5e460244cde7246569e1f217df36e4c6b99"
"187","malignant","reference_000187.png","5","Malignant","0","16061","a36b7aa1fb7c532727516e8548cd3de4083bfdade581f18ebc8e49d366cbd0b8"
"188","malignant","reference_000188.png","5","Malignant","0","9017","18eac5b8306f7513d21b7996201a751c329ff3c8a0b9bae18112e81e2417868d"
"189","malignant","reference_000189.png","5","Malignant","0","4905","21302d1317a53821d5376a55d0e32b441dafdafac8e875a2a6b9fdb72112cdf8"
"190","malignant","reference_000190.png","5","Malignant","0","6764","cf155447633cd70811df6941bb7901fccccc9de2492f9cb8e05bd71cbd7f6e0a"
"191","malignant","reference_000191.png","5","Malignant","0","12300","90d02132240645b243eb18cf9386447f7786876af230b6726cc39716e29eb54b"
"192","malignant","reference_000192.png","5","Malignant","0","12089","6c7bd6298558a62bdc1cd7d8916b4d8fa9360b521554a86c588a42befac875dc"
"193","malignant","reference_000193.png","5","Malignant","0","12103","a559765129f1846a94ea6a0559aa55e9bf58e680ad381f1c448b2ef71274a133"
"194","malignant","reference_000194.png","5","Malignant","0","15026","66f41afdb722edec939917877a6d7f2a59f16d6a9645be6569a4e111cc6963fa"
"195","malignant","reference_000195.png","5","Malignant","0","12662","6b9bd340b440bb7be824ebf6b87cedd71b026838e23332d51a4a7f50f78f1139"
"196","malignant","reference_000196.png","5","Malignant","0","10070","e7e73521c27f76636e0c6d39e6ebc383b41406559ddcc9b8357312fb100ac99c"
"197","malignant","reference_000197.png","5","Malignant","0","8404","b5ff36cdff93cb09f9b1379a7d3b03d0a3b48d2e4af58251b4609ca9f94b3413"
"198","malignant","reference_000198.png","5","Malignant","0","10808","5ac0ed81998833f49485fc12928c423c67fe5de886c73d31b920fadc82e6dbfa"
"199","malignant","reference_000199.png","5","Malignant","0","14028","df8843cd2b75d6879616d0e47e8e0437ff850cc0746ecb014490c8e8e9f58354"
"200","malignant","reference_000200.png","5","Malignant","0","8881","856930293a9331f3f1da3f7afb04ce3044481691285fb9a1d39c72b3001be740"
"201","malignant","reference_000201.png","5","Malignant","0","8157","933907535015b6af19d7362a985e5c1bafbad59866c76a4831daf043e97331f5"
"202","malignant","reference_000202.png","5","Malignant","0","11813","4d39e42395d733ffed686d9a4b0627c23f17ccfb993e8f6cd3473790027b5661"
"203","malignant","reference_000203.png","5","Malignant","0","13085","f86078d95d36b78b44e09f2bdd46b3d906964c59dd8a8322f59ed1ae82e20ffb"
"204","malignant","reference_000204.png","5","Malignant","0","10343","c612e34dc21e5934f8da8ef48391160a4d9bd84dcea1a1ec90e736d1c7df24c3"
"205","malignant","reference_000205.png","5","Malignant","0","9982","da33db2dab693cce5be51300c341f6d3f78edd0f386c0db4c841644d0b5e7842"
"206","malignant","reference_000206.png","5","Malignant","0","10912","396a9ecad8ab02bf70d9bb80e408717edf0a58b3e767103f4116c175928ead5d"
"207","malignant","reference_000207.png","5","Malignant","0","8439","260c468aed689f4d499f1417b96d5fd3a83a49bfbc1cc22aa5bb14dd0716213b"
"208","malignant","reference_000208.png","5","Malignant","0","9661","4427923f403414a68bb0fdb17a5a4caa19bb3699c35804660231f9d96fbcc57c"
"209","malignant","reference_000209.png","5","Malignant","0","8432","2f4a3c5c4c282c287cfe9c505cee0afc125d9dc2081e762b8aaba5781f7fc524"
"210","malignant","reference_000210.png","5","Malignant","0","8127","f6c6610b5f7b4c06c3a67ed41c6414a86ee2266f090e601bb573492fce78ecf9"
"211","malignant","reference_000211.png","5","Malignant","0","22465","09bfbe194b4917580be7671a101d20fc5c9d37bd53d432847adfaa161da25b8b"
"212","malignant","reference_000212.png","5","Malignant","0","19818","429799d2ed1623e461e849b774b7a238f026867974879fa0d15045befe1e00ce"
"213","malignant","reference_000213.png","5","Malignant","0","7559","6ab3bc4e25ab132d2cbb7de7ecbc4b8119b12d22b2b9c5f0acee96d559672f3f"
"214","malignant","reference_000214.png","5","Malignant","0","8176","d8cfad51456cffe49d6f436c168ad9df5aa755566b3e357f21100e62cf8a281a"
"215","malignant","reference_000215.png","5","Malignant","0","8364","4f4d6a48989f86cfce456a7bebe6240c19ebcc24d55dfe2a23931dd0eb40c7c4"
"216","malignant","reference_000216.png","5","Malignant","0","9601","9243ee5ab7326d45c1629389b1d8e10733c4c5e8a79aee8b06df432b1b0b0bbc"
"217","malignant","reference_000217.png","5","Malignant","0","6937","eebc3ffd45e207bd789aa9f563b074d27e732c0c41492e33d8800e61d95f5592"
"218","malignant","reference_000218.png","5","Malignant","0","5858","0945f2f31e4bd9d9970abccee2e1caa5e6f4ed546fb659d90bfcc91d72ed9fca"
"219","malignant","reference_000219.png","5","Malignant","0","9442","47c07a8a0c741ecb7eb29d3411b9a7dc333ea6f210967a2c9fa7d6c99bdc990a"
"220","malignant","reference_000220.png","5","Malignant","0","6952","a3c1de53b005fc3d14f4ca81683e4c74a1ef17e373d5f294afa039d14620eafa"
"221","malignant","reference_000221.png","5","Malignant","0","9998","e19632f92a89c55175654df30668de6454f4dc22e1b2e59762d4368363d21078"
"222","malignant","reference_000222.png","5","Malignant","0","11166","299f81542e55ec5ec267b436821f6f51ced938fdcaa28952ee2811ca563823c3"
"223","malignant","reference_000223.png","5","Malignant","0","17702","a71d1379cfd41fe9751a278eee2fe4c88d695d52dab1c8f4e6bb67a729bcdfb9"
"224","malignant","reference_000224.png","5","Malignant","0","4459","0a19f368b8fb8e3a36d813c74504ea02b70078dcdc7f042e5f4a5b53e4293fdb"
"225","malignant","reference_000225.png","5","Malignant","0","26088","eb57ab9442f6c93fe831919d0d3cef3c1e7b5ec5892f0dba9f247b1a2f41a808"
"226","malignant","reference_000226.png","5","Malignant","0","4754","562285e11458b7000e9e9718dda758c0a67203d26de632ec0cc5838a1d96ed2d"
"227","malignant","reference_000227.png","5","Malignant","0","12219","f6e057af58e262ae9fb88c459a704f842e619547cd393de2e4cd477d5647b6be"
"228","malignant","reference_000228.png","5","Malignant","0","7832","b566077a5476b29c74a47c9743a0f2a6337efa135ca678e340ed0bfba659c773"
"229","malignant","reference_000229.png","5","Malignant","0","9037","3c208e858ec9167adb9cdd801243c9eac0be46a4f3d8d1c2480844327d48e134"
"230","malignant","reference_000230.png","5","Malignant","0","17871","e9e6c1d343880422c2f2fb58a563f93dbcf86a39f019b2968950949f0aaa1304"
"231","malignant","reference_000231.png","5","Malignant","0","11099","3d335494a4677f2c33bb6dc4e443fed6e668401360285431bc751d17014dd80e"
"232","malignant","reference_000232.png","5","Malignant","0","16911","d93f1499506fa6abf778cf394c6036b4f7ec30bc3b6b087ef109c87927d98d47"
"233","malignant","reference_000233.png","5","Malignant","0","8558","17d941ae8a530e50693fe1d44821fa182bfa39981e48fb6cad558f8411e1fbca"
"234","malignant","reference_000234.png","5","Malignant","0","7091","730a51bf36840f3a74ce82f9afdea34814a64de6bf5a4ac7f163113d56b09521"
"235","malignant","reference_000235.png","5","Malignant","0","7768","76035cdebc6b92f8ac8d8da432aa16d98c77795ff04f2de40e564af8d99cd87f"
"236","malignant","reference_000236.png","5","Malignant","0","4136","e56ff12b234670023e10eb9321eb0312f07f3ac2652b77f780f2bee1aa67dd04"
"237","malignant","reference_000237.png","5","Malignant","0","10560","843080ff77c0617a60510143274fcff1834e1201660836455b91795783edf0d5"
"238","malignant","reference_000238.png","5","Malignant","0","8459","e87c59187364e58be659437bfc1073ce3b175d85445a973522832e8679c6a580"
"239","malignant","reference_000239.png","5","Malignant","0","7046","8426a921adbb377bab1eb81c7486eead15cea55520f6e6d0a2ac7f6728c5e84a"
"240","malignant","reference_000240.png","5","Malignant","0","12043","7b444af0a19c6d1300e45b1b1f69bea16e2d1284dc064b2bf8c1aa8e779398c0"
"241","malignant","reference_000241.png","5","Malignant","0","18566","bbbdf1db8b5657490ec9021fe05789b3c4697a7ded8e19711affb9684dabfa7a"
"242","malignant","reference_000242.png","5","Malignant","0","9465","bbbe0283a98ab08c716ffa18b7bc841117f3307524f9a80cba7730b351a64e29"
"243","malignant","reference_000243.png","5","Malignant","0","4825","50e6fa66674ec34508431cd7b559bc815a44ce5ed175870eba9306c960d30f65"
"244","malignant","reference_000244.png","5","Malignant","0","4614","16e4dcf6dae0f508a2ec51047555e4f9b582618b2ba53ab4fc02ffca72baa999"
"245","malignant","reference_000245.png","5","Malignant","0","9875","168f93bf4aa66d3f05405b435728bfd853b7962c90c543128be7c5a919f510cb"
"246","malignant","reference_000246.png","5","Malignant","0","21371","054419b48384d25a87903a4b583d6591f1d3d12bd681b37c62b2ae2c244f6c5a"
"247","malignant","reference_000247.png","5","Malignant","0","8902","f8d049e849f3ff716f8be822263e593a403b49997d665dc98d99dd1f9f5a5c3e"
"248","malignant","reference_000248.png","5","Malignant","0","9016","758859b8adcc15ab9b2c3db41dfa778be01060a90f56c2f46fba3a06087507b6"
"249","malignant","reference_000249.png","5","Malignant","0","7432","13ecdc2ca2a2f7e593375ed21e2d09adcacdcd772cd64a69bd25402a4d9c9eb3"
"250","malignant","reference_000250.png","5","Malignant","0","9077","e4de7019a90c86f90dac1de9d2ed96f05c360316d283210c6154792e9720ce71"
"251","malignant","reference_000251.png","5","Malignant","0","13867","fb8ee36a6108cb24c6059078f1122993075170309417149f74a357033082c232"
"252","malignant","reference_000252.png","5","Malignant","0","8191","706760cb2c5382f1f97aae03fda9f7dfcc8378a9bfb94f6bd1a9480d9bae7313"
"253","malignant","reference_000253.png","5","Malignant","0","13055","6adbc0e17182524e9d251621b3aca82248e15ded8e6b924a2cdaa4acf6ecec28"
"254","malignant","reference_000254.png","5","Malignant","0","21414","2b270815e969fba8dc3eca761711c6425410c6fc286130e6da4d00e45682db9d"
"255","malignant","reference_000255.png","5","Malignant","0","25107","160106d1e2135fa0c74af80a1cc5d22025511076c4a65dc6e9cccbea5106b820"
"256","malignant","reference_000256.png","5","Malignant","0","14439","af259b8cd9eacaa0d78d496769f9f42fda19afa3fdd1d9e101aa03c7f09fb14b"
"257","malignant","reference_000257.png","5","Malignant","0","10563","aba54d083d9314fd6d00311556eb26daef13b7f143ec5c29c0cc139ac9f8bc27"
"258","malignant","reference_000258.png","5","Malignant","0","12383","73ed54c0bdcc9180b613982046d29ede144eff52306a3e5719655608995d81ba"
"259","malignant","reference_000259.png","5","Malignant","0","13631","33da80f8ef8b0fbd3660227117d504582d232e812bad63ad2ff0954352b7d26b"
"260","malignant","reference_000260.png","5","Malignant","0","20530","cc5d5bdc33bb85ed4651ed422f75d67a8f65fdb21fddc1e67c7275faacc26b28"
"261","malignant","reference_000261.png","5","Malignant","0","7948","2e208628fecee0dd49d9a27c2b9e4568fefc1a1955466b0811c29db64013b205"
"262","malignant","reference_000262.png","5","Malignant","0","9211","80b4c18d881789678d9beabbea9132e08892dfe1b8ba631e6824418dede2bf48"
"263","malignant","reference_000263.png","5","Malignant","0","7521","eb3b194047d6361e4c895e4be29832d9b981446b9950fe7ecda774280cd3d056"
"264","malignant","reference_000264.png","5","Malignant","0","10131","f51e43a6c3f32809bb2503a127ce16be43967f58300c5ee2e1b95ff644add6ae"
"265","malignant","reference_000265.png","5","Malignant","0","14214","67cac6d3a9c6ac4accf4dae02fef7a0087649f07b96f8a8bbcc12f67bc25b126"
"266","malignant","reference_000266.png","5","Malignant","0","8635","9a5e2d2577d1f1bbe74d644c243a36cf017f57fa539e45986781390f87d42805"
"267","malignant","reference_000267.png","5","Malignant","0","10759","79fed5c725708d75ae99cf33aa458113e3cabc210f14e2162938d509cbc67bcd"
"268","malignant","reference_000268.png","5","Malignant","0","13610","37e737d7328679de1fcf0ad9bc664a8e50795379155f0df1c91e4076b0bea6db"
"269","malignant","reference_000269.png","5","Malignant","0","8412","977fca71d1a5714dff7ce1ba8fa55f3057969f2a0870ad73e193d87aadb53677"
"270","malignant","reference_000270.png","5","Malignant","0","13067","766cbe02137fbf06b7dc09a119c5b0e978fda4bec4a35eaf226116ddc814435b"
"271","malignant","reference_000271.png","5","Malignant","0","15661","ea2b92abf91da40b27471d9c282cdb055fb79cae2d1aef97065e6762652674be"
"272","malignant","reference_000272.png","5","Malignant","0","70410","184c978a680ebd6b29653901c74242e36fc35ce6f1c3f0db2c5f960ee6811c43"
"273","malignant","reference_000273.png","5","Malignant","0","11159","07c2725fb4634c505aae3db2f6b83909a8dbfcda1682ca01b1458b3714a14541"
"274","malignant","reference_000274.png","5","Malignant","0","17765","e7736113063b1c1cef75f4b99eba22406c639baeb0cf7689a138605e0966ed94"
"275","malignant","reference_000275.png","5","Malignant","0","14794","d6ff262bffc154080766b9b58266b54c6db92eb0100dd38d0a58a305e16be153"
"276","malignant","reference_000276.png","5","Malignant","0","13520","7a4a27df4b5f1365919628775056aff769c7c319db305b5cd83263ed807c41cb"
"277","malignant","reference_000277.png","5","Malignant","0","22639","c9c65f8498bb97afc3a1b06b930b70c40317660a1ad6c99a80b1f315fe65e3fa"
"278","malignant","reference_000278.png","5","Malignant","0","25524","5745a4d0e7a2bf388e8715b2be18d65bc240ce6162a46f674467a2cd2d435ad1"
"279","malignant","reference_000279.png","5","Malignant","0","13266","7e5ee7b7ca1a3cddf62512d8be048776f47de718fea852615ba8c4b8dd6529b5"
"280","malignant","reference_000280.png","5","Malignant","0","10253","37cc5898dce8320003e340773223128ff41482c0e579dd457b6b88f0462275b1"
"281","malignant","reference_000281.png","5","Malignant","0","5197","7b3ae9db1db2e96c4d0d6be13f19d4cec3940a70447d512d0cc165a50a9b5d88"
"282","malignant","reference_000282.png","5","Malignant","0","8487","eb8f38e24cb3e11c95eaf797809044de581efb5d07b3a21519da09ac1f5831eb"
"283","malignant","reference_000283.png","5","Malignant","0","7946","816e7169a29f2bc81cb01d7a4abafaae0d78e1373f9b4b05dfa145828d5252aa"
"284","malignant","reference_000284.png","5","Malignant","0","8748","919475bb5b8657d0bb74fb70b0011f60c4f95151d270982081cca7014b312475"
"285","malignant","reference_000285.png","5","Malignant","0","12190","8c74cbff78b66b796975bc95e3339a96ae6f0aac7e7b2140d0a0cc3e956ea828"
"286","malignant","reference_000286.png","5","Malignant","0","8414","f3086904058534862f06c33688c6363f130ba03437c7eb69b4664001c2983740"
"287","malignant","reference_000287.png","5","Malignant","0","12583","d4ef5fd294c0be2c2e451070b65d8803cd1cbf2b0abbbdf6c3656089c654c1d1"
"288","malignant","reference_000288.png","5","Malignant","0","11371","56fa098a2a0241a7ed67235ee5965a095f21d4830700795f6bc9a79c6ee6894b"
"289","malignant","reference_000289.png","5","Malignant","0","12148","a1504a72801587dc7c83136fe5a29d27a857f6685018ba3fd9c50b9cc5ebd2cf"
"290","malignant","reference_000290.png","5","Malignant","0","8071","dbc7a504513418ce653f11b79316c43cab779e720fd5f98b96239531db212412"
"291","malignant","reference_000291.png","5","Malignant","0","10403","dd4e5cc787ef48fc5118fe80be82587646df3cf3f9935bde05b221864f7da83b"
"292","malignant","reference_000292.png","5","Malignant","0","12283","a08ed4edc0e14e7d45184ccbaa336afb982dad20bfad733d328f2978cb11374b"
"293","malignant","reference_000293.png","5","Malignant","0","6934","014525218642743871a93be2b56119b4359cba61807fbdcf78dcb2f025c46c8e"
"294","malignant","reference_000294.png","5","Malignant","0","9771","0ec555219f5bf3a6f9d8fd11215f69f936f82ec305091987f5a165fc6848fce1"
"295","malignant","reference_000295.png","5","Malignant","0","10276","946f710f2e2c881996630410a037360b1da95468a3a9a23e000f058da887d310"
"296","malignant","reference_000296.png","5","Malignant","0","5750","0f53b156e8a21dbee65d3dd6de27802c501cdf746b570e527a706353d005dc03"
"297","malignant","reference_000297.png","5","Malignant","0","10316","2583d03d9f699e74f4465cb466d5f706a2e8527af88057b3564a7116af1d1c3b"
"298","malignant","reference_000298.png","5","Malignant","0","5783","1a22e9508e769904f8fd3b6d3227a0a63a3dc909954164f6764efeae89378e95"
"299","malignant","reference_000299.png","5","Malignant","0","14551","d93a828d55f2fc06eb1bfb16eab4cd5939dc32657e48bc60f32a10e469266e7f"
"300","malignant","reference_000300.png","5","Malignant","0","19321","c05fa6158180679045f7716db843e1da0e707dba6b194ef0eb738c95d8ce9d33"
"301","malignant","reference_000301.png","5","Malignant","0","10508","17f6e3d1ab3da4fb938bc67bd4170baf41efc240b8d2e75b97ddb54fddb7540d"
"302","malignant","reference_000302.png","5","Malignant","0","21021","975bf309cd6eef1a5f1fba7689fb738f2b904a48eeaeeb919c553de34a7be486"
"303","malignant","reference_000303.png","5","Malignant","0","9120","25587e09b0d0ff2f0d94187812a7c37583d7228d293a859339fc2f20de6adcc9"
"304","malignant","reference_000304.png","5","Malignant","0","11637","f9cb9890b5381d3ab8fea4a48a56092545e39db9f4f4b85ee01f6e4d87d71a51"
"305","malignant","reference_000305.png","5","Malignant","0","7885","60b32cb2db286b3780df044d68ac2dada01b9a3daab92333a42204ebc460b261"
"306","malignant","reference_000306.png","5","Malignant","0","8978","74ada0692e9bc4138dad15ae9a195be55c52e491072c3b24bc3edf6f2f3a09fc"
"307","malignant","reference_000307.png","5","Malignant","0","4572","8cac025bc10a2f2cb8a8c66a128ae928deea2abe7be5582461fd0feda9588475"
"308","malignant","reference_000308.png","5","Malignant","0","6698","ceea2b8a6db02042ad206a5d16372487498fb66f464db7f989d1fc628bdf95fe"
"309","malignant","reference_000309.png","5","Malignant","0","8221","1d7c16c2e67b1c8d2a6c6330cd639a7bbaf479bc345c4c59e91f3c1dbbb68976"
"310","malignant","reference_000310.png","5","Malignant","0","9303","d38b5ce8f761cabc0068558a1e6f9ccf4e62fb24be970f9d5ca29c4236ff69da"
"311","malignant","reference_000311.png","5","Malignant","0","12314","a98f92d052b06e5d5c8ecf2e215e68455555589c075c46cc5362e28086d39304"
"312","malignant","reference_000312.png","5","Malignant","0","21942","92270de0a534cfe67b6b1d18641b60972b226042630ae025c8d9e8550633d3fd"
"313","malignant","reference_000313.png","5","Malignant","0","15061","ac67578289d3343690c604a8a54be44728ff731c474862e055004004539105ae"
"314","malignant","reference_000314.png","5","Malignant","0","9663","c93d2e65a3e8af8db271e4130560263bd3e8158d16055b02e83c3df47ca5e713"
"315","malignant","reference_000315.png","5","Malignant","0","16058","cbf48097cb3033d801585cf1206fe288a5afbc52dc40ee2c7145357a0f6ff544"
"316","malignant","reference_000316.png","5","Malignant","0","12629","0ce5e56fd707b06bf181bab7c094862354e5c2205bdfd6da8e9b1afcf151f2ce"
"317","malignant","reference_000317.png","5","Malignant","0","11718","4905ae23829e90f98a7029426993a1a397f3ce40a1ab1ce4056a3ee6c4c16ab3"
"318","malignant","reference_000318.png","5","Malignant","0","13983","3cc4738c5f9b42e3ae6c04a6ab0c3bef499603e5bfe757cb73415548ba8eca07"
"319","malignant","reference_000319.png","5","Malignant","0","16136","90432039a09c318df53fdc309abbad1777c1417378045ec086cee78cbd9f3b85"
"320","malignant","reference_000320.png","5","Malignant","0","15503","e66089acbf959b4375ec3d1c3761c9da37fc53f2fd89acb14f0a51070d64c8a0"
"321","malignant","reference_000321.png","5","Malignant","0","10551","c70a979e3ad535a3b8f3ae6321093e2aa792d48d89431f62e54a3c109f54a716"
"322","malignant","reference_000322.png","5","Malignant","0","8560","98e1e5dd1613994fa8becdd4d1d976c35f13878c95e6ec22a41f11d825b8e1a2"
"323","malignant","reference_000323.png","5","Malignant","0","16491","8774b79ad26f5e7f2bea0aa85f74edb23f851e129e7febbe8a6ffb84cfb8c64f"
"324","malignant","reference_000324.png","5","Malignant","0","13417","583f315da926b029131368633981c53a6f7809e3a49b4025398466d3632e5a08"
"325","malignant","reference_000325.png","5","Malignant","0","15448","1bb8cb11c94c4b312265cf7e47403250c5a52d0787f8ca1d58c7f9c68fbdf9f1"
"326","malignant","reference_000326.png","5","Malignant","0","19127","d9dd9022d29e1e3c1d68d0973c394c5339a4a5d31d508bbe2d8556c57b77b88d"
"327","malignant","reference_000327.png","5","Malignant","0","7417","ca0a802ed2516dc5d60c9ae3822cedfc2dbed2065784dddb08d129978379b90e"
"328","malignant","reference_000328.png","5","Malignant","0","8297","2fc9195da5a41232e09d2486019638628743e25158042a563387eab0267b3e81"
"329","malignant","reference_000329.png","5","Malignant","0","9057","c201841edec35f4ba50e50fb7e8ffd08eb06379b76180a5f6f56f5e983348b7c"
"330","malignant","reference_000330.png","5","Malignant","0","7495","c03227414292a9a285f712e777043ebc667d9fb4d78606a6038819cee4eddaf6"
"331","malignant","reference_000331.png","5","Malignant","0","6266","3b0bbbbe1f8723b6c22264867e7b217446749394bca795ccbe54e7ff312d49b9"
"332","malignant","reference_000332.png","5","Malignant","0","6634","587df1f900f7f489765063547c936f9268bcc60d9dfc5f222b806638e832db79"
"333","malignant","reference_000333.png","5","Malignant","0","6407","9ed8e0babdb7fc9dd14897b3d21d6720fdb97253e5203901b8d0c6a9fc74efa2"
"334","malignant","reference_000334.png","5","Malignant","0","6983","ff85d9628e0be672b5a5f4bd6b8a52807ff27979f5daa1e06ef44f94429025fd"
"335","malignant","reference_000335.png","5","Malignant","0","7914","8ff3c117b7a7b6874bdaf62ed3552a278dd20403c280c4e8d1593c7c57f404a6"
"336","malignant","reference_000336.png","5","Malignant","0","10769","c563f1d4a8dc79394491f3c65191bf7acc4a000fbf6be44d738aa57537d2577a"
"337","malignant","reference_000337.png","5","Malignant","0","11053","c7c2981c7ed9b1f1d8140bc518f2eb39a01db987b89e8497d3a8587c7c8faf96"
"338","malignant","reference_000338.png","5","Malignant","0","4916","a9a448f303a2523cd3f6eb8b69b2170bee91679d1538bfa6868fe6c959ef14be"
"339","malignant","reference_000339.png","5","Malignant","0","10809","056ac03825e8daa55dfac8cd146a1a9af0db83912bf6c3b9e33f43943ed34469"
"340","malignant","reference_000340.png","5","Malignant","0","12093","ddf01a9cd0269dd4fbb0c319477bf08e945efccced4a51ab126e065cfb598f4f"
"341","malignant","reference_000341.png","5","Malignant","0","8779","7bb02cf5de41f4344d6e2a9ef41e2ebbc43bf9d8a7cef64ebbc33c87d782ba94"
"342","malignant","reference_000342.png","5","Malignant","0","5182","6777929ff718d688120bedd3b9c0a0994ef8845280b0e18f514e67ba96ff6143"
"343","malignant","reference_000343.png","5","Malignant","0","10606","c2906279589ad42777bb5f6b7dd4627eb912d63a9052b9293c0dd4f74e04f112"
"344","malignant","reference_000344.png","5","Malignant","0","6177","c3508f584291c1787cef83097f98a19ff63436cea25ab195a7a0108ea31bee13"
"345","malignant","reference_000345.png","5","Malignant","0","7988","7f2791b1372ebd9dc0572e744f73af7906a878a4d18e84e6dfaf3d0293a09089"
"346","malignant","reference_000346.png","5","Malignant","0","9303","37a4f41774ac36ef3d6a961660a38d3b5b3b4762850e55326087b36e93d75963"
"347","malignant","reference_000347.png","5","Malignant","0","7783","ec8d6de755a33fa60fcc6266e731ea12aedded590475773317f486f707cc9105"
"348","malignant","reference_000348.png","5","Malignant","0","9532","8f5a0e35362921bdf403c0508b6dee0718b027607e424edb4e64f8c33e5cbdb5"
"349","malignant","reference_000349.png","5","Malignant","0","10382","c289872cbab747dd1340ab7663b95fd1653c439240b54231f7e0f544bdfeffd7"
"350","malignant","reference_000350.png","5","Malignant","0","18962","c9092dbb563ae6685ff5c686f7470a5cb084ce3c8294fd35011896373f438d8f"
"351","malignant","reference_000351.png","5","Malignant","0","10793","1d7284d5a5969e0b7beda6bec9252fa151436d395ba1b40f44cb3049665a3166"
"352","malignant","reference_000352.png","5","Malignant","0","7057","a2aca5070aa8ec12dfaf9382f6b9287d809a77e064cb6ce251148b387ba4dd69"
"353","malignant","reference_000353.png","5","Malignant","0","6285","42ab78f8c78ab734b2674b563521b43b53b29ca240bd1da7003fad84c0862af3"
"354","malignant","reference_000354.png","5","Malignant","0","14610","503552ac43338b4a73d8627896ae1569e7ce99a47ebcb7c00328329fddb4ce82"
"355","malignant","reference_000355.png","5","Malignant","0","8714","f6f853aa3053ba0590966c3d1f348f86eeea04f278547bba4d2cff9dc7db48d2"
"356","malignant","reference_000356.png","5","Malignant","0","7862","4d91c2fd9eba72338cb854730b84940b5ad23b59f14228320ff5ce543dee051c"
"357","malignant","reference_000357.png","5","Malignant","0","10343","3cf8f81828e4f90831727ee7fd31dc55b3998650d96c46b08b2ab1684fb78cb6"
"358","malignant","reference_000358.png","5","Malignant","0","8787","fb9c7fc0f637f12a961557e3ea7bfe5bb7f22ee60e27f1317a1624737a8db8c3"
"359","malignant","reference_000359.png","5","Malignant","0","10586","921de2e5e85c6cdc2c36f8e32830b8ee8b829d8df9e98ac80158fac1c1977ff8"
"360","malignant","reference_000360.png","5","Malignant","0","9215","b19516c4403c652196999219630ba4e12fd420a970417224802723a0538a1fbc"
"361","malignant","reference_000361.png","5","Malignant","0","8737","f9e0bbcbd1ced9baa729f5eb323dc00fbf6a3686bb40b080752be5f3e9064f40"
"362","malignant","reference_000362.png","5","Malignant","0","10892","233b2a8538861f46d6a64e8020831ce964092dee9020712f260c841d05fbaf0f"
"363","malignant","reference_000363.png","5","Malignant","0","8581","0d09e7db01edeb1e8904c8bdf30b4d8c428e31573332fb693ab9c54158776a51"
"364","malignant","reference_000364.png","5","Malignant","0","13472","f6a68ee1424abf265f66dfe5e7aeb4933f42aec04023ab00b9e4b46f938c9d38"
"365","malignant","reference_000365.png","5","Malignant","0","7489","3dc122e2649fc2d422a87106ab21bc60c6549a29692c7f1eec352321efe3cf03"
"366","malignant","reference_000366.png","5","Malignant","0","15558","7c766f11332bb574dc02ace4656032b2b81e28ce5aebd14be616a0f322338530"
"367","malignant","reference_000367.png","5","Malignant","0","7287","9c2c5ef38e5b7f55077f33b05b46b95b5b88b8768970f04159544e67756ac940"
"368","malignant","reference_000368.png","5","Malignant","0","9830","53df2f977dcbbbbf72aa089ee9a30bd11490d05e7e33df4707fc97b0b74047c4"
"369","malignant","reference_000369.png","5","Malignant","0","13745","0c783d6a3669f30501055c7dfe28f50d76722b5fc79c7adb1f0d0118f2132876"
"370","malignant","reference_000370.png","5","Malignant","0","7660","4c6c5cc6fe77c67115dc6e6ade5627a85686c60836b8e8cd9e304d2dd8ecb396"
"371","malignant","reference_000371.png","5","Malignant","0","7842","e6227f7e2ab64bc6669c5ac8a7debdefc081ee24d8688bdb4087a39d360d3287"
"372","malignant","reference_000372.png","5","Malignant","0","6551","dde468cb0c1f218c28297bb36e6e563f8092e6fd732db08412cf6b14c5a179b7"
"373","malignant","reference_000373.png","5","Malignant","0","9777","7549b6fd351576456cbf8f87b2a95f79a665dfbec5eb97d3e98a071d643550af"
"374","malignant","reference_000374.png","5","Malignant","0","14917","6c04615cfa678257984a796336018ec43563eda10fa763b11c98b3ade9e42fff"
"375","malignant","reference_000375.png","5","Malignant","0","7966","e52b0ad1c88dfad4dfb6f71896e0ea0c593bf01aea9c0fdb6220577236945d4f"
"376","malignant","reference_000376.png","5","Malignant","0","11009","ca255ea177b5599041b4286700b1ebff4d4e770a48a1558caadff906f292ce72"
"377","malignant","reference_000377.png","5","Malignant","0","8389","7cd2daed7cbac334972981e5349b0787ce91feaaccdca60bf320e90de84ed443"
"378","malignant","reference_000378.png","5","Malignant","0","9551","1eb4b60f1ba8be993acd746d51ed3dcf634d774dd31094a91e1cd94108c97b20"
"379","malignant","reference_000379.png","5","Malignant","0","8980","4e0885f11891d7d3374e385e3491b18c0267ac5b4837180bb94ad2072992b90a"
"380","malignant","reference_000380.png","5","Malignant","0","10471","08548df3eb0e01f46ca669aac39e67375029dcd505edc90f53f388e909e2f03e"
"381","malignant","reference_000381.png","5","Malignant","0","13495","bfae1e51c3f4bbd0010b7b3b164fadc7c3be9e311cfae14725fb854feaee5c12"
"382","malignant","reference_000382.png","5","Malignant","0","9617","e79dce3ba591d755f2485e58e43faa1251448abd3ffc701b676460f63e8b80b5"
"383","malignant","reference_000383.png","5","Malignant","0","8073","38daee628f8615e5553044cb2932bcaa55618d803ecfc45aed966774b7bb910d"
"384","malignant","reference_000384.png","5","Malignant","0","10600","b3b3303d31a817225d7e4faed39ca0129f99b2089f67a5cbbb8901212d5c5cbc"
"385","malignant","reference_000385.png","5","Malignant","0","9978","20377b8faae6b960a9ed164a2b3fa56e899746c39c85271628562d14ffe0f2bf"
"386","malignant","reference_000386.png","5","Malignant","0","10002","986355c05bed5534cc10a79fc1fde01e9d4503839f02ba47879f9df9f9e8e170"
"387","malignant","reference_000387.png","5","Malignant","0","10644","49ec4ce9041bb4f58c146f7080a02f9803a646a60e914a490ef702c867e81561"
"388","malignant","reference_000388.png","5","Malignant","0","14801","5460d6c0debbd6aeb5492db647f3bf40c6d0da58d7e906639bc061512f945e70"
"389","malignant","reference_000389.png","5","Malignant","0","11209","e39c65e566b42bc6c5850a0b467bacb8f3095f042b9f164d3f00210a9fa495be"
"390","malignant","reference_000390.png","5","Malignant","0","13380","2e659d854b5ab6caa88df797b3c3e735bf33e435232e0869122e0e9f799eaf2a"
"391","malignant","reference_000391.png","5","Malignant","0","9076","14f2fe805856e1546944d36ad2cf139e2a156992ef260f4d70bc09754dfa1883"
"392","malignant","reference_000392.png","5","Malignant","0","11640","481d8eea2b6e4b741509b8b8e5595322a0a83674b42f2b726123ee7a293b5df7"
"393","malignant","reference_000393.png","5","Malignant","0","8772","e9965d9dfb41822c0f9cd338fe2f6e7e22773bf5e41fe9965ff9cbb063fede71"
"394","malignant","reference_000394.png","5","Malignant","0","12248","4e1376d9928683e8cd7058656b0278fcbd6089eaa5c0622eed8e1efb4acaa274"
"395","malignant","reference_000395.png","5","Malignant","0","17236","252ddf36724dda0f8fbc807e15d42348e3b28653a945443a75b246b7237c7f9d"
"396","malignant","reference_000396.png","5","Malignant","0","10540","ddef8b751957ed39b1a2fcdf6b6c0d40fd9ad44cfcd8aa1dfe98ffc36c30e614"
"397","malignant","reference_000397.png","5","Malignant","0","10992","77b6116258efc9962cad9183580a8dbdb02a003f4ac90b94693e2f1ec5afaef3"
"398","malignant","reference_000398.png","5","Malignant","0","7030","c555813e806ba86d8dab3c280711533aa18ee3f424ffd984e31c026733f95473"
"399","malignant","reference_000399.png","5","Malignant","0","12902","53e413f4cbbb95ef7665d784bfc391b197a94f0ab8d831da8e23e12ae7ede667"
"400","malignant","reference_000400.png","5","Malignant","0","13418","231f2077599759ec38dc261d638ec6341a3fa81072d0671d5eb3dbcdea6193ed"
"401","malignant","reference_000401.png","5","Malignant","0","9569","5f1d3a0c96a36466022af0e8d5977b050050b2bd206a04e3270be7eb39a08e4c"
"402","malignant","reference_000402.png","5","Malignant","0","6998","1c72e13368c122eb3c47d09a64c4175cd2aa78dbddd1b3a6be456a28da569c9d"
"403","malignant","reference_000403.png","5","Malignant","0","8884","627094a4821730527384f18658c9c7546a2b1280d2f23a348ef58182e4127337"
"404","malignant","reference_000404.png","5","Malignant","0","10819","646ab3d8ea30b2f83d5f627f061b6d83b5ce7a6b2acf38d2dc385a7547ecf238"
"405","malignant","reference_000405.png","5","Malignant","0","12152","1a5b93d48170e0f75135feba484a998096938d99ffc4cba658b61165bda1092a"
"406","malignant","reference_000406.png","5","Malignant","0","16203","a0a38e900fb2d86d3e003623e25a64d7f451512431854d12e9fba2893d0931a1"
"407","malignant","reference_000407.png","5","Malignant","0","11884","c8abad71fbfa892157fb581cc695c5001f9d4a652ae585423d006cbc5366161f"
"408","malignant","reference_000408.png","5","Malignant","0","8128","2baff629d1bc7f18b11664cd528c308f8e8ecb4f1d184fbba5eb995737e32b09"
"409","malignant","reference_000409.png","5","Malignant","0","18113","faf04eb641d3ee2cda90252400588dd824b770fdfbf60ad48ac68c88ee213d26"
"410","malignant","reference_000410.png","5","Malignant","0","13836","0fe42bd46e4a37bee2d63a1ac76befe9ef138494b0a7fe55e12d7241e03732d0"
"411","malignant","reference_000411.png","5","Malignant","0","14426","a03430115a20588520ea55f90a4bb1b604905e6ee1751cda027673805561b862"
"412","malignant","reference_000412.png","5","Malignant","0","11532","20f62dc7cfb0ed1597803cc2b5dadc595c73355a1d46a62c79b0be838dc0607d"
"413","malignant","reference_000413.png","5","Malignant","0","9066","0d754347d867e19768d4be1bdc16862304e57c58112b2b3e943fed17d2c746db"
"414","malignant","reference_000414.png","5","Malignant","0","19956","38e367d58640fd5345dd168485da48125108a40a0a380c3e4ef451ad8cd286da"
"415","malignant","reference_000415.png","5","Malignant","0","10133","a10a345d62ea619a7201285c6aebfbac8136b01882ec114587fcb080c2f4124d"
"416","malignant","reference_000416.png","5","Malignant","0","11011","73d5daee2aa8ded9d976aa8648f270af04ccd58611438ca7657a81fd3f9e2321"
"417","malignant","reference_000417.png","5","Malignant","0","9872","aeac46996092df5041f47ad327a1551d2315b6c26002e63c0daf72e76a10b871"
"418","malignant","reference_000418.png","5","Malignant","0","7908","8b1f48ab68ea6e237fe1cb80cbe838b288e598d3d61747624165b7043c97e29f"
"419","malignant","reference_000419.png","5","Malignant","0","14303","c28cacaf4c8e7079baf06725d89cdafa9aa6be36f01e1ae80c4e02771ed282a3"
"420","malignant","reference_000420.png","5","Malignant","0","15820","e94797308dd7954c19e8214ba4e5100cf093c160cbdc7fca37f283ad5eb1bba3"
"421","malignant","reference_000421.png","5","Malignant","0","12532","5cc7ed8698ee38777ae9689e127c25e85f9e1f91630b39070efdfc01322c66e0"
"422","malignant","reference_000422.png","5","Malignant","0","15140","4f42b6fa8dc751477aaba8a28e6d9258edc87c9173133fd1cc3cffc2e2438855"
"423","malignant","reference_000423.png","5","Malignant","0","13058","db719aca5d4f091a5b430669439ef55cb4c5549ec69f08e4938de756b6098030"
"424","malignant","reference_000424.png","5","Malignant","0","14312","111b841cb05abd76ab88d12098c04ce12f3dbe3ab4669a692a10070eeea7e130"
"425","malignant","reference_000425.png","5","Malignant","0","34696","d0fbffbab512d0c2ddc016a8ca29f9d021be0bd5ccaa8573092327b7aa6493b7"
"426","malignant","reference_000426.png","5","Malignant","0","9853","a540c4d14a5f9032f45c986688fa36cffd2587a4c25dca6e11bc53bac09142a6"
"427","malignant","reference_000427.png","5","Malignant","0","9656","ac94be7505b755a674bc30e7e3de9b521dc7d43a07520dec4b99dae070276769"
"428","malignant","reference_000428.png","5","Malignant","0","14136","d5e6401ee7e737751d971a156f20abbebd8b684bfc9335bdbe7f7d7a44a6e2ac"
"429","malignant","reference_000429.png","5","Malignant","0","13089","4ed7f8d11b010b704f1491a28273e8ef556e04a1f9099997478eee35ae67fdd1"
"430","malignant","reference_000430.png","5","Malignant","0","9070","a1ea974bcc7b7c8abfcb9ff7756bccd6430cf7e23774c6b2f9a54ab85d487935"
"431","malignant","reference_000431.png","5","Malignant","0","13117","3cc47671e749f14064d6f3a95d5712ad40ad8c95a2d8f2f47b835eabc0b3ffbc"
"432","malignant","reference_000432.png","5","Malignant","0","12590","562d89d2553e105e24ab924d63626626de95b99c38e29254567cd0bd4d8f86a0"
"433","malignant","reference_000433.png","5","Malignant","0","26829","e8192d6d192270114cf67d8dbb476a4da46d96d10ca46d214f3eed9cbc71b541"
"434","malignant","reference_000434.png","5","Malignant","0","12722","63406076623adf7d10053739580b4b94cf4f6b68264bcbfd91229c257c3eb7f9"
"435","malignant","reference_000435.png","5","Malignant","0","12136","f92c4260d02c9c34dde8acda084a21b6415f73fb8fd1ebc7101cbc92aab80f78"
"436","malignant","reference_000436.png","5","Malignant","0","7700","2501652b689f5b8ab0d9afbca3fc908db060e77a35489e62b5c345ac4065001e"
"437","malignant","reference_000437.png","5","Malignant","0","27608","bf08564b6764e63622013d02a8a7a69015ff9a3ae51a9f91b86c18555187c496"
"438","malignant","reference_000438.png","5","Malignant","0","16721","4642ef0c6ac40d51f74a60a7ce04190404e4f14ba85a7ce28fa42d5be0d0e6c3"
"439","malignant","reference_000439.png","5","Malignant","0","38637","55436d72e6d3da266be700885fb0825ba83f477daa4acb53129e95386b81b267"
"440","malignant","reference_000440.png","5","Malignant","0","12890","55f66dc3677da6a59119baa8f91179bfb6ebf5c0c1a325da215ee0f4a0f5ff22"
"441","malignant","reference_000441.png","5","Malignant","0","10980","38d8476422660fb958eb477af3ca687ea6bfe0a2108d0cd2e49b053eb9ee26cd"
"442","malignant","reference_000442.png","5","Malignant","0","12998","043dd1ee75c59d4d99b935d1f9c0f3ae5649f7a5ec79689ca1ca7795554b7472"
"443","malignant","reference_000443.png","5","Malignant","0","23810","7a580361b4171c10972129bcb6f96cb25e26ff17ded717f5a443f205b4deaaf6"
"444","malignant","reference_000444.png","5","Malignant","0","29641","a40053671beba6c2514fd452baa0bb9417eb6ee98dd24f2f01c9af545353c482"
"445","malignant","reference_000445.png","5","Malignant","0","10017","94cef2c19ac2fb8eae7c06d8c8cabfb2ce28ac923e6435d6ec2789ad0bdfdf31"
"446","malignant","reference_000446.png","5","Malignant","0","25301","c9d09e585bd683f56c8528c353c05852206dadc241d8f1fae9362c75e5339626"
"447","malignant","reference_000447.png","5","Malignant","0","9093","be3d22f28ac554cdccd1cee8e42d85c73fb4db6fdadeaa1e64717384a3e68f13"
"448","malignant","reference_000448.png","5","Malignant","0","16732","b4603ac95243ef592859b1d20c858683d3e12cce97b6f2e1f4b1a91397ca2628"
"449","malignant","reference_000449.png","5","Malignant","0","31895","8f44b8d0636b5dca110dc8edf6ef79a2873c232052217d72533b08d9a5231e61"
"450","malignant","reference_000450.png","5","Malignant","0","10983","6e0694f6356f703a59474b7fb1a8527f9e893ac6b04958de331af397a28942f9"
"451","malignant","reference_000451.png","5","Malignant","0","22924","95aa1dcba97292304b219cbbfe2539e459fb58b26fa3a9434094bded12bd5d83"
"452","malignant","reference_000452.png","5","Malignant","0","8867","cbfc523af12373aa114526e31b3f1fa9dbe6991eea5f281f2bc6e87a629aece4"
"453","malignant","reference_000453.png","5","Malignant","0","11243","95fa69925669def074f4b4efb248cd404671942b26a0006719d71884beaf647f"
"454","malignant","reference_000454.png","5","Malignant","0","7727","38c55ea7ff5044688b8794844dd5e6e350c6d74c3bd1b125ab05c4352e3f0f22"
"455","malignant","reference_000455.png","5","Malignant","0","20608","e3292654fb58ac4807c4483503007c0ebb3631ae0b8f0708e80e8148c1db2c27"
"456","malignant","reference_000456.png","5","Malignant","0","19488","f0e13b90d9b3fae807d4aae45e5c7eedb032fdd00e47315951e3ba866f23a642"
"457","malignant","reference_000457.png","5","Malignant","0","14551","c98a1f2e4df8f03aa9a7fbd0131b9ad1dc1a00345222550e383a3852e82817b8"
"458","malignant","reference_000458.png","5","Malignant","0","12326","f86a90d384ceb7acdc85870063e7daca4bf8e2d8cb015b3ab4887ae57cc9cd55"
"459","malignant","reference_000459.png","5","Malignant","0","17902","5dafac59b255c1a3d3cb26dec24f765bb46ccf3d3f8fd4de60ad8a0904df88b1"
"460","malignant","reference_000460.png","5","Malignant","0","6127","384448feb5139505cfc99ffd96cde985e1df802f90f9e5ca6809afd6d8228b97"
"461","malignant","reference_000461.png","5","Malignant","0","11227","597afefe5c114443c18e0a9fb9f5957c98aeec9b91f1f4c613dd185637b7f50b"
"462","malignant","reference_000462.png","5","Malignant","0","14958","e24dea955ab0a62b0e370630cddd4fd8312e1c0307b29e894e52bfeb8e8febf8"
"463","malignant","reference_000463.png","5","Malignant","0","13474","405fc4a3779dbb48e3de5588b14bce4eceb1581cd1f6c846ff5f1fe8d43864f4"
"464","malignant","reference_000464.png","5","Malignant","0","11319","d188cc137ea6501ebc0b79e46ba18337149e6a8914f73c1887df8b8650eedbe0"
"465","malignant","reference_000465.png","5","Malignant","0","8091","f5d6f1f91db721557785ab743ff34042e119a03982c11d1ed2b789132b1782d2"
"466","malignant","reference_000466.png","5","Malignant","0","12155","7d9342dcde7ba7222086e319c60a35122dd31d5282fa435b3d698dbf2d5e25fd"
"467","malignant","reference_000467.png","5","Malignant","0","19417","23ef1b01264aa13cee99b958f2bc315f3d520742bfd734b117dd925e7809926c"
"468","malignant","reference_000468.png","5","Malignant","0","9552","ee9f665738ea2fa9b1505f667e4034298b69e1876182914c391ad02616ce4f2e"
"469","malignant","reference_000469.png","5","Malignant","0","7790","bee897b6cefbfe6afc0aafbe00d0937cb17199b2393899ac351384aa12fc63b4"
"470","malignant","reference_000470.png","5","Malignant","0","12163","d3fb7d33ee68fd92c39e63c5b159c6a729234311a1b212e69839c67d6139ae87"
"471","malignant","reference_000471.png","5","Malignant","0","15409","05c7ccf4d6707e651d31bd1024d511687b0951cbbbe2412eb3f4e2af624f8910"
"472","malignant","reference_000472.png","5","Malignant","0","10474","6d07f4f3e784d020f453642ec010deabf1d536840877edfd6a1df6c616f70958"
"473","malignant","reference_000473.png","5","Malignant","0","13080","fb9064cffdec8f8f2f90a236fd69a1bde0b617c24accb936eef237fe1d80e4c2"
"474","malignant","reference_000474.png","5","Malignant","0","7331","ea823c5e64cb8ea1c46ca2da567492522c9043f1f734c12994bb764edcf371ad"
"475","malignant","reference_000475.png","5","Malignant","0","9609","fd9a9dde553c3c6c88d0767b14d939022c7fbd7e4a29e2b1557a2818d8d833ad"
"476","malignant","reference_000476.png","5","Malignant","0","12069","ec5890cdbe75785eb60bc6d3866e1d168aa358d92622873a5a4addd27481edbc"
"477","malignant","reference_000477.png","5","Malignant","0","6077","60aea27fd5d27196f18518061a2d9044e49b9d4e81263fed76720504f0bebc5c"
"478","malignant","reference_000478.png","5","Malignant","0","10898","3378b9bb9403059a4cc2b00d056cc90c7d4d7acd94b093f62c3ecd1e8add169e"
"479","malignant","reference_000479.png","5","Malignant","0","18207","54550f29e52ecec592fd794f37290a11502ef73ace22437b6716d7d2321a1c28"
"480","malignant","reference_000480.png","5","Malignant","0","8950","f21a2ff2977bc3f2593f7f8ff5fedfb10ce6b5d24969d4998b61654d5584c3c1"
"481","malignant","reference_000481.png","5","Malignant","0","5277","85a62ae80191a34fa2add5dbf72d4994d8052a8812560b18b4dc1dbf85d162e8"
"482","malignant","reference_000482.png","5","Malignant","0","19029","d9a7e1cc87061c2f71b99fd953c20572d3eac741d5b9afcfa48987877672907f"
"483","malignant","reference_000483.png","5","Malignant","0","14501","201a3dbfda5cd10880a23b9de6dbb2ce30bd44ed3968e6a3d38bfddd2364e97e"
"484","malignant","reference_000484.png","5","Malignant","0","8673","4d682e9dbc60832e485c391a37c35def46d7ed16929aae983a24fa29783f647a"
"485","malignant","reference_000485.png","5","Malignant","0","7664","2dae15cd5f9ad111faea9e4fed4332e9a1d2495315e5874d96a7c4b61b33488f"
"486","malignant","reference_000486.png","5","Malignant","0","6501","9a239739543a06450c1f5772e391ba6c8840b51be8cde6722476275c3f21274e"
"487","malignant","reference_000487.png","5","Malignant","0","7715","66c30db80048438393e8a2734412b337ec1e0212c6d5fb643c68a82ca78e1d97"
"488","malignant","reference_000488.png","5","Malignant","0","10759","1c550f275ad1e5b3793f84435410e7aee641c1487a84c907e40761c7cbdc4816"
"489","malignant","reference_000489.png","5","Malignant","0","14517","bbf349c7bbd910ac1dc37001aa91a5c4e63f27635e13ce57488f80b075784804"
"490","malignant","reference_000490.png","5","Malignant","0","16256","08884a0e3be01e3c8080e269830edaa26c27b2879d5e30c37d6d9c30693a8651"
"491","malignant","reference_000491.png","5","Malignant","0","18496","7bf943a03605f2f2324e3ac09e80ce3dad4b19e7f1a7fa2a80db989dc99c4ddd"
"492","malignant","reference_000492.png","5","Malignant","0","10223","e04df4195f9521994a99f1df5de495e2de3a0af33552bc82c99665fd6ca0e935"
"493","malignant","reference_000493.png","5","Malignant","0","11718","3698f5177650bd958f74995cd2790631029f63698ebd1d3044fac4d78aa9c9cc"
"494","malignant","reference_000494.png","5","Malignant","0","14165","7add966088ef6dc5783632b9e756a2d390904d0da5fd31ce477e054699a9e2a6"
"495","malignant","reference_000495.png","5","Malignant","0","5772","ac6043af336df12ef7373acd653463fda4176badd79b19b3585270c5715f35f0"
"496","malignant","reference_000496.png","5","Malignant","0","9549","e57e80e78a100ae7536ad66c2c2960aaa7edaa1376cde0230df639d19de48547"
"497","malignant","reference_000497.png","5","Malignant","0","10316","274025449e74699e92b4d03e84417b86ea1304680a6d0cc63494f51f7df296a6"
"498","malignant","reference_000498.png","5","Malignant","0","4486","682e13bbb5043b5f6b31fb6554ccefc950a713153209888de01192fff1d6ef6d"
"499","malignant","reference_000499.png","5","Malignant","0","18126","9ba3f1e7edda0164d728195309b1665b2cfa27bdcdbda18cd2c195604788d7e2"
"500","malignant","reference_000500.png","5","Malignant","0","20247","1044e0a3f11ef554c2a8f3deadf8d4f1ad3e4beaadc6003ad7896a2aad5dc56e"
"501","malignant","reference_000501.png","5","Malignant","0","18237","725f1d42c4e4827c14d53c0677c6f8e60e3e1e75c83e493119d5bb5a959bc337"
"502","malignant","reference_000502.png","5","Malignant","0","16419","4b70afaabbf945971176886f77245688ce08e797ddf18d20c6968f05f6eae7bd"
"503","malignant","reference_000503.png","5","Malignant","0","11727","2c39bbd407e2f4f03be0da263a2776333f6b572f5c115502a872fef1f3ed674f"
"504","malignant","reference_000504.png","5","Malignant","0","6845","558f881c189cd32bf4b9b966a85f9bedc3876706dae187024ef7aaa141f9f5c6"
"505","malignant","reference_000505.png","5","Malignant","0","13661","fb0ae0c5d795395bbfb4a3963ac0ea7732beccf7912eb35c83a820c33218768d"
"506","malignant","reference_000506.png","5","Malignant","0","12552","209e2e0d18ea034d0ad42c03972b80ad7b2ee2e9617b4b82cb2197bdae6e774c"
"507","malignant","reference_000507.png","5","Malignant","0","7590","7fd530366f105c778abb50db30b2c5f03dfa2a5c262fb93b6f04ec28ebcaea4c"
"508","malignant","reference_000508.png","5","Malignant","0","18668","e4257c6b0fa4f5b779efb32a9d4cab723f9d126d325cce2c40297c4b9f376b02"
"509","malignant","reference_000509.png","5","Malignant","0","12258","d4dfd184413b8db99d4ab310aaee9ba73b2e298f3f2fef48432764f51ceaad75"
"510","malignant","reference_000510.png","5","Malignant","0","7781","5079385078143e2406167e11c9461a8c4395e6f3b0c2f9ae9d0a21ce019f0628"
"511","malignant","reference_000511.png","5","Malignant","0","7678","797d4a5cd65fc427983a552339236bf83a3cd2424ae755a538c71ca28871737c"
"512","malignant","reference_000512.png","5","Malignant","0","18664","f4ab9b649f593637c30eab15308355603da6c07f62a54486defbc2fdc17eaa71"
"513","malignant","reference_000513.png","5","Malignant","0","16690","19bd703405b3cb82c9a71ef57060ecae11469ce3f0392f9ee6e1ffc189378375"
"514","malignant","reference_000514.png","5","Malignant","0","8685","be25ac2b3b8751823365f45be04edbc15d145042d3388b0557ad12cf17f922a1"
"515","malignant","reference_000515.png","5","Malignant","0","5795","fbc3bacb883cb45b7de866a3efaad299f0cc64ad31560b4ea0d6f42724081e6a"
"516","malignant","reference_000516.png","5","Malignant","0","6855","3c1579f7846103a723419db516eae2866ec792455529f02d24857be78902d1e3"
"517","malignant","reference_000517.png","5","Malignant","0","7558","acfc1af3e128e30473cd59115fe12c48690d23479c62bc7b30a2005dc1231436"
"518","malignant","reference_000518.png","5","Malignant","0","7466","6af6bfb2dfbf924b96c74bb20cb645f45cf804a41ef6558b4972ea8ad896e75c"
"519","malignant","reference_000519.png","5","Malignant","0","7385","037588c6270ad77a5054eebb7b9b2224fcb51b4bb012e6d317b64ec2298a0976"
"520","malignant","reference_000520.png","5","Malignant","0","8887","c1e4af6b082d042dc1caf707ef8b8060ca0914248a32b3436220ea3c3abadeb1"
"521","malignant","reference_000521.png","5","Malignant","0","5411","0e3802a1d9242a1b1c9694ff4e22c5aa0f7bac289221de07a495880f5aef539e"
"522","malignant","reference_000522.png","5","Malignant","0","8812","d83245b1326e9858a39af3a07c1e30056318499f961da91ef0e14ea11147da36"
"523","malignant","reference_000523.png","5","Malignant","0","6340","4b1b7eeb1f5d220a9caa52998991f871120162a55748ee3d693f3eade9306a01"
"524","malignant","reference_000524.png","5","Malignant","0","6152","05cedc790b8e0d3949716d33a9a0c96e5e0d398025a12ffd545ea45592571453"
"525","malignant","reference_000525.png","5","Malignant","0","5811","09d33acfc7ef1f17c5b41fa99f78a596f1665fe49e29cccdfc35bc8b1081ee11"
"526","malignant","reference_000526.png","5","Malignant","0","5486","5c23b7199a1c1a24c0101c6377564fcf5aab1d37c9948573864eaca19eb7a217"
"527","malignant","reference_000527.png","5","Malignant","0","6561","9d90f9512e212e2813ace89a27810fa0bb94525c8da83b0ab7554dbb773a323e"
"528","malignant","reference_000528.png","5","Malignant","0","7537","8bb057fe09c49b89fca5fb198dcf96c352b3b14c647e6838ac710b1990c5ade6"
"529","malignant","reference_000529.png","5","Malignant","0","8480","9f8af5925a3178a38c013f99d192dbf0eac965b82e10beaea6b1347a05d0b3b4"
"530","malignant","reference_000530.png","5","Malignant","0","9550","853896bb99691b4f8f8af3d7174648ce0e33ed8008b9829a263b3a0ab3d291d9"
"531","malignant","reference_000531.png","5","Malignant","0","5463","820f0048933437fbd38e1dccee4d0b845327e1e9f4b7800ece81b59074475a7b"
"532","malignant","reference_000532.png","5","Malignant","0","7360","546858e8265eeeaccecd5f6aae923a42154a93739eded5f733e811d632c815e7"
"533","malignant","reference_000533.png","5","Malignant","0","6234","49b8225d7446e43fc157f8a40d2b26b7a2b8b684e6c2e3225b7999dde2fb5aaa"
"534","malignant","reference_000534.png","5","Malignant","0","7996","cd982bd54f48c8a673be66b06fd0352552e80b3de0019561add98083fb2aa7d0"
"535","malignant","reference_000535.png","5","Malignant","0","6905","0e3366571458e726342c1ae3e76d1fd09fa8b8af18454f509e1a6176d1a6639a"
"536","malignant","reference_000536.png","5","Malignant","0","6673","caf3f0e762482daedd7ae6ebc5852ca768f24a9617260286594eb9841553bd7e"
"537","malignant","reference_000537.png","5","Malignant","0","5787","50d1ef49cd0906426bc781b14c8ab2d8991df44fd25e5e8726adb4ed311efbce"
"538","malignant","reference_000538.png","5","Malignant","0","8282","4e288c8c8029db2800c156769b0939e7b7ac588fbdea6d5c3f98e0fe4e783c29"
"539","malignant","reference_000539.png","5","Malignant","0","14254","b272279a6f874c09c80dda36360484ab568fcd5efd1fb69a770ab1bbf899535b"
"540","malignant","reference_000540.png","5","Malignant","0","39072","add5f5ef02344138e9fba2f1678d68227dbc439ab2defa38cd2dcd0bfd094efd"
"541","malignant","reference_000541.png","5","Malignant","0","19248","1f919f23ca26bcb08b985cca429d700370197a89670989a47b331f0c455b6a36"
"542","malignant","reference_000542.png","5","Malignant","0","10996","6fc7c70631513830e8d858aa4d3634be226b2f67ecfc2bc2cd70d582c2174b5d"
"543","malignant","reference_000543.png","5","Malignant","0","33526","53df6a8b3df8e60f8713fb7571b7a79f9033c48a123cc65f50173d0ac657bb1a"
"544","malignant","reference_000544.png","5","Malignant","0","11298","cf437a28ea4ee52d268d4d53396117d2edab0f53c4161c0392637e61d906da93"
"545","malignant","reference_000545.png","5","Malignant","0","24199","def57a8ea36dab43d6e9e18b9be9c34f3485acc2a2ae8b9984d5bd3d11bc7e6e"
"546","malignant","reference_000546.png","5","Malignant","0","18701","2450876b3f49117ad74738af9b141b3b6f0a2c6163c205ceb570612ab4d31740"
"547","malignant","reference_000547.png","5","Malignant","0","11853","268898aad604ea2ce2fdd50fdbdacb9c1a55962e494077ec2c3231353d46a5ab"
"548","malignant","reference_000548.png","5","Malignant","0","16475","c7900a199d141c1a70167c9fd5041c2228e164b0d30c0666beb60074cade0467"
"549","malignant","reference_000549.png","5","Malignant","0","12375","8c8e8db19ad80dcece2b425d9cf6be497fc17f201753a44b9b956c1fede546dd"
"550","malignant","reference_000550.png","5","Malignant","0","63813","bccd8fb7b1c51c569aeb106a1f3522ed7153a6e2eb85363690c50c06debdb9ba"
"551","malignant","reference_000551.png","5","Malignant","0","17219","157a75116e2f58b3b70b2997d3e5bb260a90b676c50e7f92515d87a5013f40b1"
"552","malignant","reference_000552.png","5","Malignant","0","44457","5f52c747c8e8ee756377d404085b41fd9a72aebf50e39ce5bf52afbfcb7c1e4d"
"553","malignant","reference_000553.png","5","Malignant","0","31290","f5bb01811c1ae6b5c310efcaf731610258dc52c99af4d066e1dd5f92f1158bb5"
"554","malignant","reference_000554.png","5","Malignant","0","22356","52aa8e1fdd1542736c9dca38cae6e19f2b18e07d7b000d891fc687d46f2666bd"
"555","malignant","reference_000555.png","5","Malignant","0","17544","f0575b8e39546c52e45a4f03e3b29f2f4ebd222baa103a286b318f1a6f2119da"
"556","malignant","reference_000556.png","5","Malignant","0","12604","c76b800c7b8d286b086ecea134dac7b93e95a4dd9ba7a4b659888320e68b37c8"
"557","malignant","reference_000557.png","5","Malignant","0","28576","b46af09f32c11fc5de54790c0233098b7c51608fcfd3789bda0661a2c9347c3a"
"558","malignant","reference_000558.png","5","Malignant","0","11304","e071e0617070c1cfbce7c368542c8ea0aa64ceef03d7e9c4037e739a7711b9da"
"559","malignant","reference_000559.png","5","Malignant","0","17855","cd99a5c0defd6bb034f844d8cd93343ddc64316ae39ce526842b7a6a86fc1640"
"560","malignant","reference_000560.png","5","Malignant","0","5291","5a402237db5dddbb67553bd2fb492f15d539cf5ec70fae786b77936060ccea25"
"561","malignant","reference_000561.png","5","Malignant","0","6319","c1e24b3f370cbd0dce6eeee219d3c57c38628e8b24e2d14cb0a6b8b485c56987"
"562","malignant","reference_000562.png","5","Malignant","0","3812","ac49b7c1a0d99918fc2daf196ef07e3a63f6e5b92c225988f95634ca1ba00f14"
"563","malignant","reference_000563.png","5","Malignant","0","5348","422f53712f87eeb756deff9db87164ac6402a5ebbf6021e57336d9f07cc03487"
"564","malignant","reference_000564.png","5","Malignant","0","5383","09b9e02ffbb3a3e9ca2e215c0f2f09126b87f336ad2bda191590e0b68f3e467c"
"565","malignant","reference_000565.png","5","Malignant","0","3627","cd317f07dcd480c181b1fa9a5870b4366e952e2b0b28ca7ae5e4a093bc3cd8eb"
"566","malignant","reference_000566.png","5","Malignant","0","4781","da013dbb27b3937cb93a6b61bdb21eda8dec01e65578a399089e38eed275f5f3"
"567","malignant","reference_000567.png","5","Malignant","0","4769","bc6b2938ca78de16b97c693a89b5afd178de262d1fbf9ca22af5c9ade80961cb"
"568","malignant","reference_000568.png","5","Malignant","0","3110","0328c11dcd86d586a7cb4b5ea571a83a4528ca719eb1ee8c07cc1a7cd7ddcede"
"569","malignant","reference_000569.png","5","Malignant","0","4630","6b5973a5de2b3f7b5f68b30e06ce91a9437a8fff804d4acc06ad2ec226d22851"
"570","malignant","reference_000570.png","5","Malignant","0","5688","ff68143dfd2ec09c574baf6c719457a749a7cb67e5af3563f0acfaef77fcb666"
"571","malignant","reference_000571.png","5","Malignant","0","6910","0ea2db7137632f589c2bb7ebc2c63be00a1554e21c9b2dd4df2ed821986a2fa7"
"572","malignant","reference_000572.png","5","Malignant","0","4725","0e2060236919bf5d606d8a30fb198dc6ed377770a090a45907a6f3bba7fffb8f"
"573","malignant","reference_000573.png","5","Malignant","0","5023","066e225a141c56179b2d1acba96ce34dbcf78a52c6c323426ee4cf1197eeb85a"
"574","malignant","reference_000574.png","5","Malignant","0","6395","7aba76b3586c77a012738c86cb0d313a6bba6ee42a258fd1a724f210e33d5548"
"575","malignant","reference_000575.png","5","Malignant","0","6075","5200c8b8c3c2a3c6437ae6a2557d36a8089678acabd83ef89d8d07f71b7ac0b3"
"576","malignant","reference_000576.png","5","Malignant","0","5732","2096c17f018dd3f1137b52e45fdd154ec98c8f2b5f5b0c78655380c392cc447d"
"577","malignant","reference_000577.png","5","Malignant","0","5019","4d1199871e038765e82ba995f0227c68beaf86647d351f2786ec9421b19e0de3"
"578","malignant","reference_000578.png","5","Malignant","0","4856","d51939debbde6975183eb788c53febc0f9d679cf7ec4d636685b98c7c4b22e14"
"579","malignant","reference_000579.png","5","Malignant","0","3961","83159311fd0cbd0fea4cd32d5bd5827f92b3402d7cf933331ad734acd416b55e"
"580","malignant","reference_000580.png","5","Malignant","0","4519","1a6aea68ff5320cfdb46581aabf06984ad6ce8d2d6ef8bed0c9cb6053bebaea3"
"581","malignant","reference_000581.png","5","Malignant","0","5120","cbbe5aa30c1161655ffca48d44d4d64e514c8a3ace531d0454e812865904e4d0"
"582","malignant","reference_000582.png","5","Malignant","0","3230","3407bf7d7d0d1ea83f2776b7bb43be7fc2bbe36c536502a3152c7841347a8dc1"
"583","malignant","reference_000583.png","5","Malignant","0","5418","1a017018a99dc07e50fd9709b6404f949fe09d1ca41d5805fd40749597799479"
"584","malignant","reference_000584.png","5","Malignant","0","4214","4bbb99cc7546f27a7b8f679f43e63f87bf2e337e307ede057b48234f70988955"
"585","malignant","reference_000585.png","5","Malignant","0","5559","3cfcd0abad2e04d9a931193ba6eb4772c8604fe3b42538c773889d7f28456e93"
"586","malignant","reference_000586.png","5","Malignant","0","2854","2d1ff6793006dd0ef09a6e9f204c20b44a128f61cc2f7c2b97672a42079d5a91"
"587","malignant","reference_000587.png","5","Malignant","0","3740","5fa46384b9ac89eb2bc05c312c477fd3684991d8c58841f3792cc098d0fc396c"
"588","malignant","reference_000588.png","5","Malignant","0","4080","e41849bc486362d69d95f7de431aa7d3fa3f53dcf87f305f67a2f0486f2d2a62"
"589","malignant","reference_000589.png","5","Malignant","0","3438","2d13d718856f1c21139d417a36416ee2b09ee99573556bf706d5c0842747e4cb"
"590","malignant","reference_000590.png","5","Malignant","0","4824","36f1515131885f02b04eeef15fed0829a21d918bec41b40bebd006a78f74c347"
"591","malignant","reference_000591.png","5","Malignant","0","5070","8eb91772cbdff1897d90dfe6d6c798eb7e2fb77e9e134f2df152a5ea1dffd6cf"
"592","malignant","reference_000592.png","5","Malignant","0","5056","dc9bfd8d10ded6a566128e2a38bf145661eac1be32fda3247e756ea464a40957"
"593","malignant","reference_000593.png","5","Malignant","0","2832","7a1e616b80b26f65a70986b26d7b4c921cfecf293c2c32a287484cf62a2e9f65"
"594","malignant","reference_000594.png","5","Malignant","0","4879","749bc08a54db1e65d6c65cc66fbca92ca10aa29cbf233f88b08371cce64b68c5"
"595","malignant","reference_000595.png","5","Malignant","0","4337","c10510c2fb7c120889f05ddd5ba12efe763e80fc77bcf07f49283493bb73dcb2"
"596","malignant","reference_000596.png","5","Malignant","0","4638","fd72784d92a9bb31ee0e87170b0dd619c670fee7df98d146bf621e3258500586"
"597","malignant","reference_000597.png","5","Malignant","0","4143","2d61776dfb1de9f8cf780e0ba34cca1b496595a4c32cb35911a987a5e9fd016d"
"598","malignant","reference_000598.png","5","Malignant","0","13664","fbf37af656f93b82c9ddc706b032832544ec2385ba823d418bac1d4c04613a2f"
"599","malignant","reference_000599.png","5","Malignant","0","15363","10dcdc327d8488a7069b6e2b30e0b666fe74e1fa2710b4d1d8ac2d9a79053005"
"600","malignant","reference_000600.png","5","Malignant","0","8027","05a8344e340f2204f2267db0e101c33e7041b9b9df68d0d18daf53dc9f297532"
"601","malignant","reference_000601.png","5","Malignant","0","11563","66d1e5d251f8badbfa802730ced02993fba89a92564b93d19ada9133c155ac80"
"602","malignant","reference_000602.png","5","Malignant","0","12752","72cddce66ea6f7c03e2af06b0c3acbe335116433f4facd2e266b91e9839b8601"
"603","malignant","reference_000603.png","5","Malignant","0","13337","c159712bb878420af0be0160adfed5cb61e7996513f4fbf5eb361285cd7bdaba"
"604","malignant","reference_000604.png","5","Malignant","0","13430","9debe0236868441e17995c67117f1d5016bdf1a84a3138fee46779b10f1dd788"
"605","malignant","reference_000605.png","5","Malignant","0","16672","296caab482d87dc34410f74423100b328f80854e7382f138a17a202f670dc1b5"
"606","malignant","reference_000606.png","5","Malignant","0","11022","df5201c4f5d3c8677ae39688cc8018c6553afd358044050ccfcf46990cd6cf31"
"607","malignant","reference_000607.png","5","Malignant","0","7911","a8c60abe4cf48742c622ea9d268a6a53ba85c86780ab8b102f6fec9b7ae1327d"
"608","malignant","reference_000608.png","5","Malignant","0","7858","dcea53efcabb0ffca03521c6b4d184e198aad47fc3f6c9273bdaf503eb7ba7ad"
"609","malignant","reference_000609.png","5","Malignant","7","8630","dd7f4257d076eb28572b4b9e873a0e1fc4950dd7b9a404947ac440168f81a348"
"610","malignant","reference_000610.png","5","Malignant","7","9057","fff53d7c195f0c75ddf319a1839f1c076e902425519233344783e8b6066a8af0"
"611","malignant","reference_000611.png","5","Malignant","7","5847","3dcbca09fef166408f65f7c115644fd50191862439d6a26fd1079223a2f71c7e"
"612","malignant","reference_000612.png","5","Malignant","7","10665","ef18cf28684a4791abae505845f6fdda15837de06968580fea43df5fa1d86e75"
"613","malignant","reference_000613.png","5","Malignant","7","5131","0b7bf0a557563a2c8af48bf1889345940564b1e62788af63c8e6e58e78ea92ef"
"614","malignant","reference_000614.png","5","Malignant","7","8020","09b90792156cef6ad4f0ed211ddc5482acfe306385160f63a5f9fe4b932d2007"
"615","malignant","reference_000615.png","5","Malignant","7","13050","e64c8deb4e26a710de4fc96fa655389007055a2c787e2ba2c45fe8509c681f82"
"616","malignant","reference_000616.png","5","Malignant","7","9723","76cf05e774b352a9054d4f0b28133105f408ff7e8020313d94de4b162a77ded4"
"617","malignant","reference_000617.png","5","Malignant","7","9338","77c6bb58a23e3c9e827ea4ef475c44b7ca90134c9d865ab7f44859f5d8494567"
"618","malignant","reference_000618.png","5","Malignant","7","8723","f6dd96d378d1bec52b8d178d132e5812c50c84295f523a60c071a631de9791af"
"619","malignant","reference_000619.png","5","Malignant","7","6375","69bd061e2367a14b28db80dc90cac51a1dfb985890a6c500ec9c43e15310d70c"
"620","malignant","reference_000620.png","5","Malignant","7","7273","9691622763104d56f6ff2f789fb93da59afd15a8b11b5ab4b1505907954a0286"
"621","malignant","reference_000621.png","5","Malignant","7","8529","cb245c3d45c8c2454fe7fc7e5b2e659de7f74c8f9fe03352343cffabf2cfb3e4"
"622","malignant","reference_000622.png","5","Malignant","7","8427","f7c6da9dbb984625f551bc2bc28b60ea0ced7b7a452f151e2ed8750b6291c65b"
"623","malignant","reference_000623.png","5","Malignant","7","8852","b953d54c64cf4ddda86149f6238e04d269481502cc9ce75c3204011ebc2a4a80"
"624","malignant","reference_000624.png","5","Malignant","7","10893","519e94a047eab93818e9c0f224e4b6cf8d2c04e271e5dabbba3d92f4fb6e0534"
"625","malignant","reference_000625.png","5","Malignant","7","6825","b88c87a7abd3145d7ff1d707dc482689f69310efa412b28dc348b77220ac0a16"
"626","malignant","reference_000626.png","5","Malignant","7","8223","7108e8bab9ab70462c3b8b755d9d3c4488857dad11f113cc803999eef20849be"
"627","malignant","reference_000627.png","5","Malignant","7","9167","80990772f650d0a59d02c1716e364367ad90bcd4c6cfa40e9d778cd1266c7cf4"
"628","malignant","reference_000628.png","5","Malignant","7","9635","cb16bb6ee5d2ee1dc2c64052294b5186a9000f70a9c30e5fb260d4c7b3942c1c"
"629","malignant","reference_000629.png","5","Malignant","7","7983","67b3fa0719184a0c56403265f08d071ca0e0f218a3a603f15819ed3a40af01fb"
"630","malignant","reference_000630.png","5","Malignant","7","8312","0528302b7baa8092d4784ae2a2cec223f16d5284442236b109eab16e804fe41e"
"631","malignant","reference_000631.png","5","Malignant","7","1890","b9c76012b9aa237a9b5fc08612a8b7ef305b267a16286228744971f6bcb2c66d"
"632","malignant","reference_000632.png","5","Malignant","7","1545","7ae086307fb97cf5ed0af976a99b0e435e4af20935e39089c5db7b03259fbd79"
"633","malignant","reference_000633.png","5","Malignant","7","1483","64bed4d045a008c4cf7d0a0bc88e197f15c5c9412e57cb4b611ce038bdef4e17"
"634","malignant","reference_000634.png","5","Malignant","7","1661","bf23ee4e6cb225154c8edfc31a90ea44875d35c17e5685a38224c3e99ead24b4"
"635","malignant","reference_000635.png","5","Malignant","7","1949","f462110501c308249a624844a7d5fae0a773130043a9ed8ab13ba5d6a88ee9b3"
"636","malignant","reference_000636.png","5","Malignant","7","2047","ef2645147483ad69e5e6daa496941c8b28be37a97e07e1fdbed06dbadde6f7f9"
"637","malignant","reference_000637.png","5","Malignant","7","1435","f3e0ac6c4e01cf0303a725ce159b4be448eb8bc1d6dda7e9a95166487007a083"
"638","malignant","reference_000638.png","5","Malignant","7","1611","309fcf2890c4e0924065f9bb58c1fecd36a06b8df38f05191212d8da82107f39"
"639","malignant","reference_000639.png","5","Malignant","7","1628","db60bde53a689f4693c83de28e86e62045ede1127465d1104ac26f2ec2b66e9a"
"640","malignant","reference_000640.png","5","Malignant","7","1615","ccc4d4d633f34b3ed0725d880f809c26645049a4d79b6564fc9429b278f49587"
"641","malignant","reference_000641.png","5","Malignant","7","2484","48411d5c08a6ff01f88146969f594b2c73b21d946ffa7864a25b892af19670ca"
"642","malignant","reference_000642.png","5","Malignant","7","1299","6434468ca0fe8ecd37e337c00f612dc96e8d2a4822a43924eaab2ea54c0e6fad"
"643","malignant","reference_000643.png","5","Malignant","7","1251","46d94cab92ac005922049ec283667df794f41fbe96a44b17a0645609d9d68986"
"644","malignant","reference_000644.png","5","Malignant","7","1236","bfef3e7887f2fe5053235a62cc7f1675bcddfd0a44871a528603932c4e91735b"
"645","malignant","reference_000645.png","5","Malignant","7","1580","24c15a0e8f0d07d6ec85421d7501fb60fc15afb0967a0ce413c3606f7040b482"
"646","malignant","reference_000646.png","5","Malignant","7","1859","128ec20edcbe7718ebee6bf5b15f5db81c817479ad60d6390a202d08301b761c"
"647","malignant","reference_000647.png","5","Malignant","7","1179","e77da24741b6a944f106a6fbb99d6df21370d54a7cd5bfdc97423f4ea1f3be86"
"648","malignant","reference_000648.png","5","Malignant","7","1461","6807beadf021850b4f98be757269a28ecf5f91c0da16a8ed7a88276456090689"
"649","malignant","reference_000649.png","5","Malignant","7","1386","605682d81d0b73d72bce66d27d478f25569fc94b2d3a2c994ea98551c6b7da2e"
"650","malignant","reference_000650.png","5","Malignant","7","1465","93facff04351fe5778b23bcb30267b0856cab0282516f5a5486bce553cca1b01"
"651","malignant","reference_000651.png","5","Malignant","7","1156","3a4f747be7bb0ae6b40b402796dda003800d062161f7a4249f25557d34789a11"
"652","malignant","reference_000652.png","5","Malignant","7","1558","0b3952cf9587a94ffdf711b38c03a63e880fc798a2f8e0547c7570be633a4a1e"
"653","malignant","reference_000653.png","5","Malignant","7","1739","bce2e2e2f6a0aea32d5d214f1c27a264b91196414a1fa90c08dc5969428ef5e9"
"654","malignant","reference_000654.png","5","Malignant","7","2498","826cb162c3552fc86be8960f7aae38696b232c4f9cae8142d230887a436ada14"
"655","malignant","reference_000655.png","5","Malignant","7","2500","348161dee7658ea6b1e9f35fcc7cb08115a9a91e89779667d08de8c384bbbc6b"
"656","malignant","reference_000656.png","5","Malignant","7","1863","76fec2521ff5f11463092c4dbddca722cb5278cd128e2e1bd16e2d75c33c8248"
"657","malignant","reference_000657.png","5","Malignant","7","5339","0f4741508e5c26ecf57af3ba1078ea400213beec24f7810f7b4ea3d1482867b3"
"658","malignant","reference_000658.png","5","Malignant","7","2062","1e39e23043e7098beb1b2835ae8eb51cba3737ce860d8de66d5d9faac9109dce"
"659","malignant","reference_000659.png","5","Malignant","7","1934","e19f177cc075004af020610cb53966bff65b3e71bfaaf6e02fbee3bd27b8199d"
"660","malignant","reference_000660.png","5","Malignant","7","1771","89157f815f343f1efeeaa9b775b6ac885197348bbcb1211ad0b2353794547705"
"661","malignant","reference_000661.png","5","Malignant","7","2113","6e46afd98b7f95f038800c7228b61a419fe1b2a465c821c029199c67d53e7220"
"662","malignant","reference_000662.png","5","Malignant","7","4405","f221337fe1ebf55471d082b58b0f9dedfcd784e7c960796b0369ddec38972acb"
"663","malignant","reference_000663.png","5","Malignant","7","2030","b9fc8f1bc51f166c85c70fcba61fd0a2cd932c58cb6b4829945957ed41fdd1e4"
"664","malignant","reference_000664.png","5","Malignant","7","1897","ee7386500e0c3692efee888e137d270edffc3dcf40f9f49d41b145088d30f6ad"
"665","malignant","reference_000665.png","5","Malignant","7","4396","36b701edbec05ad58696bfaab5aea22a54bcace5558cf2e5b90ab332db239a99"
"666","malignant","reference_000666.png","5","Malignant","7","1643","e3e7905eaecade04fc83ccee1b847c67e0e48098c80345ce6eecc14f68a39275"
"667","malignant","reference_000667.png","5","Malignant","7","1632","af7bb5fe7b06ac8ab4c833af80854fb01e24abe9a380828ba87b7f86f8b02e98"
"668","malignant","reference_000668.png","5","Malignant","7","1906","08be1262dd5fdcd534c99f18955ccdff20bdb8d991c5572a2d93c8e87e9bde45"
"669","malignant","reference_000669.png","5","Malignant","7","2018","5304563c1c62e22fd0b162486f415be81617fb7070162ca19334bb545533dc17"
"670","malignant","reference_000670.png","5","Malignant","7","2136","ca656889be8e62d6d401fbe69d170ed6c0f3ea236e7f9678a5bdb6c0e5a02625"
"671","malignant","reference_000671.png","5","Malignant","7","1831","4a4e9cf206ebb1e2fd896842ac7460a56ab6da1e834b80d8adaef8e8a2fdcb14"
"672","malignant","reference_000672.png","5","Malignant","7","1782","ab95f70fdabc60fe1118981c653b6a90042646578dd466dba5d7eb6389811196"
"673","malignant","reference_000673.png","5","Malignant","7","2005","181aba5980b7cc191b241c47feaa34a2502594189596da2affebc0888dc5af28"
"674","malignant","reference_000674.png","5","Malignant","7","2389","abc6f15b13113553df749dbb13f039931380469bc83e9478ed3c4b4d558d9e15"
"675","malignant","reference_000675.png","5","Malignant","7","1836","d77a2f168476779e6b560c5ce85b299e7e5dd1a33d5dd008a859f865e02f1d54"
"676","malignant","reference_000676.png","5","Malignant","7","1645","0d1b283e8a499cd09ccc76b9a6e6eb50b76f41a3d06396db6dd3c6703e047bd1"
"677","malignant","reference_000677.png","5","Malignant","7","1866","1eae2d1c2f4dc853ad43a8af076e1e219940593ae6d70f141b717204e7867458"
"678","malignant","reference_000678.png","5","Malignant","7","1825","9109166240c84ba90a4916e38ee2440c49fc6dc4ecd55f58f4a66ce8227933cb"
"679","malignant","reference_000679.png","5","Malignant","7","1948","74306cfde3b94fe63684ede480a2eef8844d66db0041458c4a90d3e624207173"
"680","malignant","reference_000680.png","5","Malignant","7","1798","b26a9c6d6ecc648fb8e5d7ff914f65ec739a64d1e4701dfe6f33961c743834f8"
"681","malignant","reference_000681.png","5","Malignant","7","2201","b01780a12c220a5302b75d7a28b717424439cd6400390badae8d709e923119f5"
"682","malignant","reference_000682.png","5","Malignant","7","2088","2db7bbdf269b2017976ce6570650f28bf0352e9fd13b9938a733d019434c3ff2"
"683","malignant","reference_000683.png","5","Malignant","7","2095","8252d8d4cd940497507cbdca0219b9c900d0a11f53f6d6d4ea2695f31a698ddc"
"684","malignant","reference_000684.png","5","Malignant","7","2245","6917854b52dbd0f8ee0e5d10437f74ad27ccf54341e349288354d7c566932141"
"685","malignant","reference_000685.png","5","Malignant","7","1991","a9f10fc241ac506314ef2433d1f8c9ebd625782720123b1f10fb937047ef0cbf"
"686","malignant","reference_000686.png","5","Malignant","7","1722","b0b98d3575c70d0a667e047497e6b185ed3e745bccdf1d654481bec13b425f93"
"687","malignant","reference_000687.png","5","Malignant","7","1976","a3c0cccf8f557087acfaee8047a82d5fa0eca4ff534e0d28a875868c1421e85a"
"688","malignant","reference_000688.png","5","Malignant","7","1820","fb04e5025168450c9a079f0a75f25ce357e7459ccc191b91f59f850de05af8fc"
"689","malignant","reference_000689.png","5","Malignant","7","2339","099307ec5d46307c42bb238fb909c35665425da0863094921c3ed7759b6ace39"
"690","malignant","reference_000690.png","5","Malignant","7","2030","e67c4d1293d7657c32492061b71b22d4fa80b3e85c4e4fba937c93f3d7779028"
"691","malignant","reference_000691.png","5","Malignant","7","1962","3c3dff3a3cf61fc793c85618e131dc68466b43830544367e7e83f50bd0e7f491"
"692","malignant","reference_000692.png","5","Malignant","7","2065","c5f3d032b947d0e16fdb61248a26af98d0c380ea6b27dfacf0328df7ad6ba3c0"
"693","malignant","reference_000693.png","5","Malignant","7","1983","3e577d34b8a17bdfea879cedd190f7c96f9f8a461683513cbb6dcc6e948dc8ff"
"694","malignant","reference_000694.png","5","Malignant","7","2059","151dd7d2939ba25733427953b353bb95ed472ba7a770d140f3a2f32fbd22a780"
"695","malignant","reference_000695.png","5","Malignant","7","2568","ef7ed8bc17ee56aa140b903a0a74f39d7eba22a6e9b6c6cf2bde48013e0d4910"
"696","malignant","reference_000696.png","5","Malignant","7","1927","077f275a8650959298c849aa0f4949dd9e4d7bcaba3f0a2f7f0e56a91b07346c"
"697","malignant","reference_000697.png","5","Malignant","7","2029","973a10392acb6890fad97478897b1919431b70be43f25bb437abc88b518190c4"
"698","malignant","reference_000698.png","5","Malignant","7","1785","70156b5f7b018d89e54bba10253ef8a08f81556bf5d166d5af5d94fce01b509c"
"699","malignant","reference_000699.png","5","Malignant","7","2474","c3dbddf314f81348911d634731f0e65d6f7b8d3b89d97a83b1b40d8b4df3ec4d"
"700","malignant","reference_000700.png","5","Malignant","7","1817","5731e7806758b36c8bd6aee2aa0f805de558cadbde1b2c217236d6bb007a3efe"
"701","malignant","reference_000701.png","5","Malignant","7","2180","a1c03c1c29b93fc2f053893a42eb4c8abc6bb18472eb5ace77138d8a042c6e69"
"702","malignant","reference_000702.png","5","Malignant","7","1975","a1369e4210469334bdb52e9a2d5702ad985f6e7c17134d8f6a77ec1bf3afff16"
"703","malignant","reference_000703.png","5","Malignant","7","2812","a67169a6443d9a647cd05f82927775683fa638281e5de50e87fe5c185f30d52a"
"704","malignant","reference_000704.png","5","Malignant","7","2040","8c8f9d29a8d7715c85ac2c04b6eaa7352f0b66a6511ba2899be1c4389ff92efe"
"705","malignant","reference_000705.png","5","Malignant","7","1953","1fdacc15a1c1755c10813d8e267d4b0dc59958abfbeedf645032c80ade18b065"
"706","malignant","reference_000706.png","5","Malignant","7","1964","4f77889fb1500b434e9a39d5a681f805737b6bb7be20e883cd5987f9547b46cc"
"707","malignant","reference_000707.png","5","Malignant","7","1744","8cea8b812ea379eec985ccc96eaf8e72f98b59bec4f749e68e0bafe77f497c99"
"708","malignant","reference_000708.png","5","Malignant","7","1764","c251db068d2b670a412a4301da060f8e086cd6561c06bce53d25ccaea9a31812"
"709","malignant","reference_000709.png","5","Malignant","7","1854","2778984daa7e025b21d97e110fb652f90fa131aa8a16bc2b2b3de4869c6fa5c2"
"710","malignant","reference_000710.png","5","Malignant","7","1820","50e8f11007cee369d5350df481cb71fe98d44d2bcb7739ffdb378f9a898bebdd"
"711","malignant","reference_000711.png","5","Malignant","7","2338","d70dbf0e1f3ba0c579ab69313a9bb4c516130031f50952a04269f35310905551"
"712","malignant","reference_000712.png","5","Malignant","7","2247","e8518d36bd15de751c777286cd5c4a8aa29aa418e0e4cfae5d4f5e4b64fc865b"
"713","malignant","reference_000713.png","5","Malignant","7","1890","2ac19405feb6fe4f765405a29a9da28aece1e4bdef126c9a9e15b18448e445cd"
"714","malignant","reference_000714.png","5","Malignant","7","1727","2cda225db0e7fc478bd5811aeec00d833079694c03e0cb6e484c76e96e07eca8"
"715","malignant","reference_000715.png","5","Malignant","7","2093","74f4743923310d68d80e5bec61396941f4d7ae1b5bea15f16fb40d01be6eac31"
"716","malignant","reference_000716.png","5","Malignant","7","1770","0277438fe87536c20cd359c1d7543b28bbd7d458c821aeced5853a56b17f1158"
"717","malignant","reference_000717.png","5","Malignant","7","1707","9cabb32cfce7350e65d582394c113e996beba78da12767e2d83d1615ee25f33d"
"718","malignant","reference_000718.png","5","Malignant","7","1790","f3263f173281284d53fde52aad6afce64a0b773c6b0038f6e28f239344407e0d"
"719","malignant","reference_000719.png","5","Malignant","7","1986","a16de9c8f66909173e39b5d75f132d340db85b1b8b2193107b1f10d91fbd3bed"
"720","malignant","reference_000720.png","5","Malignant","7","2451","965b580a1fb24f9b2d141aeed4bcf00f9b3598773fe8bbe7aa62d16635836ac7"
"721","malignant","reference_000721.png","5","Malignant","7","3266","3a5c452fbcd25a0ca3c491de8e8d87b202d32cf1e7a023e27f859bb12a808fc2"
"722","malignant","reference_000722.png","5","Malignant","7","1387","e7bd9f5eefeb2539685c62f819b12acbf815227923cbcbeadecae7532c5ef624"
"723","malignant","reference_000723.png","5","Malignant","7","1526","86c94d28b111452aab9f6aba457cef7f9e8ed386669ebeb495d2a3a82dd1b9fe"
"724","malignant","reference_000724.png","5","Malignant","7","1672","907f42008bbfd07a54a07334dacbd190e167de56ac32adb33d7eb06007291bf2"
"725","malignant","reference_000725.png","5","Malignant","7","1417","77383aeb41f235da635598b5f679e6586220eb65eb67f76560db9759666a441e"
"726","malignant","reference_000726.png","5","Malignant","7","1421","cde13f61518da4b097a4d186636060be02eff11d9dc4c562a497f31089c0e617"
"727","malignant","reference_000727.png","5","Malignant","7","1443","950fc6571d7656ea788183cca9ada2a30ec2b86d339209dcdce12c7d10703959"
"728","malignant","reference_000728.png","5","Malignant","7","2095","796422a8c87b2ea9569f0102f1fed5fc3d05895ff3762cd61685b068a87c2421"
"729","malignant","reference_000729.png","5","Malignant","7","3014","87894ec1622ea4b2265a41564dea6ad0f1b588ca534cae13f0898e6af7d5106a"
"730","malignant","reference_000730.png","5","Malignant","7","1509","026846100978f3cb35388c1d6eb538f63c0a926e9b20337df31d7869d85560e0"
"731","malignant","reference_000731.png","5","Malignant","7","1566","8c3a07116897e40bb1d6507de0f690035d859d04743d2f1172ac53a89bd751e9"
"732","malignant","reference_000732.png","5","Malignant","7","1482","df6e4422db6bf1ab0c65114e289f4ab288286aea78bb3fcc467c63e361718673"
"733","malignant","reference_000733.png","5","Malignant","7","2803","e36aa1f6fc03ed2f3e1c31fed4a3a1b7ff000baf17b45e7f0d61446ceff140f3"
"734","malignant","reference_000734.png","5","Malignant","7","1871","0ebea6fd95037c363409449582ec95371ffbb034718bb2ca76cd91663ea11468"
"735","malignant","reference_000735.png","5","Malignant","7","1659","98fba9eeafe28557fb54f5f631f2b32bb585747e26af4a1f396a38fbaffe10ea"
"736","malignant","reference_000736.png","5","Malignant","7","1802","4361550c95a3839a18752ef046727ea95d8dd7fe1890ab43df578e67ae419f21"
"737","malignant","reference_000737.png","5","Malignant","7","1996","f0254065daa6266265d9fa64d37771cdfb170ee0f4a1b485509ed51160344b29"
"738","malignant","reference_000738.png","5","Malignant","7","1483","4d608fca125a35f76f5c013e1726970c029cd68b1c7139b8065ae97c3c2e9716"
"739","malignant","reference_000739.png","5","Malignant","7","1209","d1809df2b98c44c7fd88c580c0878d4e48186d6b30975ecc5e2960e6520ccc42"
"740","malignant","reference_000740.png","5","Malignant","7","1838","e5f8ae73f0b0d71febf6e1665f96d9b2b1d966ec0c6ac9cce1fbd9c8ded22ba6"
"741","malignant","reference_000741.png","5","Malignant","7","1891","1b55b758f2c9c724b30aadbce1c64b50a613b3f2e24197e24daf102ff072ed3c"
"742","malignant","reference_000742.png","5","Malignant","7","1970","3209bf9b3cac5112167e302c19d26c87a39b26a0ca2193ff37099e88e1085d3f"
"743","malignant","reference_000743.png","5","Malignant","7","2696","27d1704b499e3c1c680235ff9061f11c7a10844e4c6dea0cf1eb58f6c0a0427d"
"744","malignant","reference_000744.png","5","Malignant","7","3219","070c4351ff6b8b9666ff8821f886d65de0b425d93363a6bf1aebbd052ae4f3ec"
"745","malignant","reference_000745.png","5","Malignant","7","2174","595cd30c9a2ed4bdeab897695d8db25a0cff31da72d08e88626e7c1dcca8b162"
"746","malignant","reference_000746.png","5","Malignant","7","3850","f2c78717b2471bad44f0d30b79fc204997022f0a8f85cfee3adb35ea2ce96f53"
"747","malignant","reference_000747.png","5","Malignant","7","2903","839f85d673c6bb40a7bbf0bc15914361d11db05139e77e69aad3df77cca9c7dc"
"748","malignant","reference_000748.png","5","Malignant","7","2335","61d08c2cef807bb006b17ceb103d494a41dc379eeefb17344885e759eede4f54"
"749","malignant","reference_000749.png","5","Malignant","7","1727","72a6ec5d66911a3e2c9d9088f8e0f92377675ad8a40d78d6e5d42d0c761f9a63"
"750","malignant","reference_000750.png","5","Malignant","7","2796","9b4248f7cf832e12faac2c6da091fda85568515944af94db1e8456ac38e3ab47"
"751","malignant","reference_000751.png","5","Malignant","7","2350","4225115d1ef19887b881e253c42555a5bb6621ba31540a4cd4e0aee6f6078ef4"
"752","malignant","reference_000752.png","5","Malignant","7","2230","903273c1a97152d43b5a190ab82f2718ab8d6faadb4e7d55c355a8cf68e3c431"
"753","malignant","reference_000753.png","5","Malignant","7","2144","7bb50436b9b95a357fd730a6c63c82619a69fe3046c75e254c473cf97ec37a8c"
"754","malignant","reference_000754.png","5","Malignant","7","3606","1cca42c3adf095e7f36979d57e69ef69b3c3d5b2cb5b827656ee88e9fe125829"
"755","malignant","reference_000755.png","5","Malignant","7","2146","62159663060ea56fc47e13c633756dfd6294dabb53f2b41ceb8ed0fd52682d36"
"756","malignant","reference_000756.png","5","Malignant","7","3456","10666ee1752276c980092cc70c9fb13511ee1676253b72fe9405b60dd621dfbb"
"757","malignant","reference_000757.png","5","Malignant","7","1960","367122febeb217895cfab82b5f4179a6d8c0e55de657b1403009c6d371c5de41"
"758","malignant","reference_000758.png","5","Malignant","7","2886","36f9314e2a421764b6ced38dcad569b832de8cf02acbe49aabf92c4379aca7c1"
"759","malignant","reference_000759.png","5","Malignant","7","3662","1c27d718252967d7466e65f33b583ef675969131df85576c702e0246aef13903"
"760","malignant","reference_000760.png","5","Malignant","7","1906","d2e4f90d72f200b435d0c083c6c5c129cfb5b30a7cda100c4f3a354a8b85e2d4"
"761","malignant","reference_000761.png","5","Malignant","7","1865","3df94f162a6ea34a6bde9cf18f7c7d1124240048ac49a595635b7a7660875f83"
"762","malignant","reference_000762.png","5","Malignant","7","2076","c34c3da0687bd8cc4b78d43f19265b8d91227a86b230203e271b66bb0a182494"
"763","malignant","reference_000763.png","5","Malignant","7","3757","d0bc8abf23464a438db95e701f1dc0f543021a6c1aa3f75e076508b5e8332170"
"764","malignant","reference_000764.png","5","Malignant","7","1886","4c53b1f490ab0dc0bfbd15ac5cd99f4c95167793ff9f69aaff4480f3ea833f6c"
"765","malignant","reference_000765.png","5","Malignant","7","3351","44b02901460f886d370784735a31991f0d4fb6e664542e84d271df329fea9c06"
"766","malignant","reference_000766.png","5","Malignant","7","3404","aa4807acdddf0758171161b321ffde6d21bd30f1dfca9bc84f337a8261cf9a45"
"767","malignant","reference_000767.png","5","Malignant","7","2951","ca9e7c7d97245fe3b1e69cfe70ff83c14df94a1014c3e0f04b1b101abb3b4cc2"
"768","malignant","reference_000768.png","5","Malignant","7","1865","841b142b87e56b1125782373275e16f52864e2f765a9b7471a476270b107df4f"
"769","malignant","reference_000769.png","5","Malignant","7","2036","881a757d881b5a2e16874ca989b6f837c900c63660f44bcbb304fa2d769bf972"
"770","malignant","reference_000770.png","5","Malignant","7","1827","f16ccc8b20ac45ec1e979a4e11cf736e3688ad6e789b42041929bc70be7e1552"
"771","malignant","reference_000771.png","5","Malignant","7","2378","15dd89550016431ac8b2bb60077652373fc3c79669d21dc002d2cbcea2038794"
"772","malignant","reference_000772.png","5","Malignant","7","2271","6eda6f5e206ab534402e3c8d4dd14b6b7ae6f0e907df627c8b9e155f26d652a7"
"773","malignant","reference_000773.png","5","Malignant","7","1796","f2ed53ba80721c867d039cbe0eb0947f4295ae40054c2cb0fd9fedd54e8b494e"
"774","malignant","reference_000774.png","5","Malignant","7","1960","0adbecab0bce9d303a7c2aa0120019ecd42923d705963d0a9bd432ccf45ac40b"
"775","malignant","reference_000775.png","5","Malignant","7","1925","7c0fbf077aa23ae480fe604b7f27ea9a40b40b2a197e05184a74929ede033695"
"776","malignant","reference_000776.png","5","Malignant","7","1823","a1619782b32dd522af356aff9fc8c844ff0029e229fad5a98a2ef5f148124543"
"777","malignant","reference_000777.png","5","Malignant","7","1847","4b052831e468c639b73243295879745ef68a3879e0c8e3648968954a51167bc6"
"778","malignant","reference_000778.png","5","Malignant","7","2242","e7bfd03a8e38086d6fd2ee33cde3c60dad87986f6238f8a8cfc55af0af7cf5d0"
"779","malignant","reference_000779.png","5","Malignant","7","2186","0e2f8f9e914d21d8dd7a90b3143132a95e03caa0ddb44c697c55ac210cbf4e93"
"780","malignant","reference_000780.png","5","Malignant","7","1783","8254f20b5e02e42fe18c109c264df5d8ccb1b51f761d32fd61bfd65c38decf34"
"781","malignant","reference_000781.png","5","Malignant","7","1979","379a520c2707ae6d82586160a9af9860893f80e962e05dcf63b87610b9dca41d"
"782","malignant","reference_000782.png","5","Malignant","7","2073","29339e9b00511da8770d4057b3a50bc66dd7e2c871a3d3629fdf672e9c443821"
"783","malignant","reference_000783.png","5","Malignant","7","1618","b28b571103ff4f12712402dd5f97d59fc2cfc4c0eb5632a460a4f4d4f7c03697"
"784","malignant","reference_000784.png","5","Malignant","7","2202","5a43d08fb91ecde65c2377d2c7a1b5e7288ebe40709d2d71ccbdaafcf4235e64"
"785","malignant","reference_000785.png","5","Malignant","7","1926","a038b4a9de5b5428bddd60e4f5caf411394417e55db61fe55e16bc3453bc6631"
"786","malignant","reference_000786.png","5","Malignant","7","3085","865aa51eaa654f68c00a7e2f3a9e7ac0edc0d68da4a27fcca091551828075794"
"787","malignant","reference_000787.png","5","Malignant","7","2088","e8b13c80a339416177330e8f4ca8cdb7184d2c8adcc8b73092904dc3b3fea487"
"788","malignant","reference_000788.png","5","Malignant","7","2769","37cd98742283c8258c83e421416f00f32629a40383eb7896fd4319b76238b20b"
"789","malignant","reference_000789.png","5","Malignant","7","2250","8ba0fa973c8b080572c8b03d9d6196593dfcd7ccf2833a9d76cc36ccb3ef732e"
"790","malignant","reference_000790.png","5","Malignant","7","1669","b2bb407fc300d5b12b2ea64e04cd2a47a55bd382231a29ee6d83ff8e2dacb6c9"
"791","malignant","reference_000791.png","5","Malignant","7","1671","21f2ba8eedbdd9f5f234bb6a5142e1acabe487f76c41dabf6bc60b05ab04511f"
"792","malignant","reference_000792.png","5","Malignant","7","3066","9f9b39c979efc274b7728d52132dc65345a114dcc55bbf5f41cd8e81708d1627"
"793","malignant","reference_000793.png","5","Malignant","7","3049","602b56f511244dc3dbba525f58328f90641d7679420eae2b8bd65aa744809acf"
"794","malignant","reference_000794.png","5","Malignant","7","17076","4c72f3fab816d994a2af073b57d50007c15501f7e7e2d31063bfa2bbc81dec44"
"795","malignant","reference_000795.png","5","Malignant","7","12155","9520369969e95ea5306164f0d6fab372cc8724f1617e71dd219157fbeaff28a7"
"796","malignant","reference_000796.png","5","Malignant","7","12715","651f8d7eeb2aeaa9b175204d324b747183e9a85cb5d545003bfecea987086104"
"797","malignant","reference_000797.png","5","Malignant","7","12447","67c95f8bde5dcbc2c28d216c3d3a4b883e77e2ea013daaf43f3d3c7c9e16e512"
"798","malignant","reference_000798.png","5","Malignant","7","19801","b2502fdea54888194cca884aceaea15c994f2908fe7ce549e542fcdd928abc23"
"799","malignant","reference_000799.png","5","Malignant","7","8208","1ad0bb19584492be5f18e3316d80de00e3fdceede01b5f8d4f223665dcc23299"
"800","malignant","reference_000800.png","5","Malignant","7","28964","bca358ff9bd063279630b1c6b249f5d08e42b72969251dce30d51e5d6d4ae06a"
"801","malignant","reference_000801.png","5","Malignant","7","24878","c035123bac971e03ccd65c0028fcbf6b5b7934d550b74e17c5e659fa926b0193"
"802","malignant","reference_000802.png","5","Malignant","7","23098","83109c5266cc341d62df67aa17f54bfe9c1dfa094f9cbc42474e9dfb89d1ba26"
"803","malignant","reference_000803.png","5","Malignant","7","16984","fd3cf0fb1e47a888b10de228bc53e8607c299de18677b53bb9038d973953f5fa"
"804","malignant","reference_000804.png","5","Malignant","7","17415","1c5c90504b3c846be6a84ab7e674aaef1c1aa55e7d576f9e56a5351139e6edd5"
"805","malignant","reference_000805.png","5","Malignant","7","18134","eeadb7bcf219f39475ba23cdb47d017666f184453e4eb432eedc45efeddb2224"
"806","malignant","reference_000806.png","5","Malignant","7","8909","ae875d26cae12247ace60e825ad06793dc8254599b97f9a2abc63c0a65b5f11e"
"807","malignant","reference_000807.png","5","Malignant","7","9033","711b44307e49846a41df967c918a37f2e6007cab6471cfa0326acb2d2c5cb9be"
"808","malignant","reference_000808.png","5","Malignant","7","16211","1632a2fe81dbc93833325772362fc550e0797f851f13a4020a58cf8b1df3973c"
"809","malignant","reference_000809.png","5","Malignant","7","12887","dc3643b5350257d8a8a0fe768a4d9ed8a36e19cf7db93ddb3961a93d013fe92a"
"810","malignant","reference_000810.png","5","Malignant","7","1966","8e1abba35a381595ba6c2e1bcf0e6d5a69e416a4afbf221d6f8bb67c6b50df60"
"811","malignant","reference_000811.png","5","Malignant","7","3186","1b446d9b180705c559917b8d250a1bba494ea4b425ab45ac1b64241cd8b1f40b"
"812","malignant","reference_000812.png","5","Malignant","7","2728","fe2650a0ca7a07f590109d1fc0c5c69c477031f7da31f880538dd2c26ebecfd6"
"813","malignant","reference_000813.png","5","Malignant","7","2360","6ad380c86f2f57f684ca4fe851f5e0ff5e7ee4800e5eb67e54426a9e8d278aff"
"814","malignant","reference_000814.png","5","Malignant","7","1711","8730e96d7d61e63f2cf7b88c5df869023b40f3f9befe3c1e751b728b4b9d7242"
"815","malignant","reference_000815.png","5","Malignant","7","2764","ff9302352f7693266c7a9f9184d645ba420b3149342fa0bb2f28da29a935acab"
"816","malignant","reference_000816.png","5","Malignant","7","2616","666874c8e01bb59fd7d92e94ea462a764b56dd74ce86b1a76d2760e771c8308a"
"817","malignant","reference_000817.png","5","Malignant","7","2501","f92e30add4eac09a565a129fa4a322a24aff9084aa0b01804ecd4d01ecacb35c"
"818","malignant","reference_000818.png","5","Malignant","7","2553","4735932379517c499b10ac5370976744beee6a239e0900ac7f87047794e947fe"
"819","malignant","reference_000819.png","5","Malignant","7","2067","e41a3c837d1deddf98fb28623a783107f7159eb37d24289c9c7fdcdcc2ddf8ff"
"820","malignant","reference_000820.png","5","Malignant","7","2949","b5c0d3a3e33e8d989ca0ee05642dd58176bfe2dccfc6e926d99128530036c348"
"821","malignant","reference_000821.png","5","Malignant","7","1881","68dfbde3167243e8a3cecfd8bba37bef41e314897409678fe38c4f6c2eb7247f"
"822","malignant","reference_000822.png","5","Malignant","7","2661","d2992e8a0105b1e59d57d7505aaac3b032c8dd17025c70aaa757747d73f63a46"
"823","malignant","reference_000823.png","5","Malignant","7","2172","ed85afe55c252b4a6c7e8a368c1e806e075326d5308ec7699b11950497c8cecc"
"824","malignant","reference_000824.png","5","Malignant","7","2249","5add4920efeecbb07a80548f62e0b7ed093c35c1e75761f290529d69aa73e6ad"
"825","malignant","reference_000825.png","5","Malignant","7","2015","1e79ec459e6460fbe666c58f32b35b47aeb327a0ac3e9df07566ca0d465e6060"
"826","malignant","reference_000826.png","5","Malignant","7","2011","c118d0fcb11f319984dc53f1760634589924a90e32452c49a8472d424432059a"
"827","malignant","reference_000827.png","5","Malignant","7","2793","ec7738bb53a3863e6160c8ae54ef61c805236e28a13215b89d976b3c5b1abcb9"
"828","malignant","reference_000828.png","5","Malignant","7","2412","6b25ff329f7bba4d24b3200b1e9ed874f1686a4b5d40964c98edb88a47d30d64"
"829","malignant","reference_000829.png","5","Malignant","7","3313","f1f2fb9d1f902df84f1e91b9de417587aa3ea5c043322e6ac2b605b9b1d4b003"
"830","malignant","reference_000830.png","5","Malignant","7","2498","e864a1e71aa832295a754c5079ceef0718df64aac3195e2b8b3067de3f01cab0"
"831","malignant","reference_000831.png","5","Malignant","7","3102","628b29867c5f285d0041598a91f0e37ee35b2f5d39f3517321c67d0c19598cbc"
"832","malignant","reference_000832.png","5","Malignant","7","2750","cdbd4ce5418d09c0a3e1ebb246d00acdac8d7455bc6f3a98a52d4ecc818d40d8"
"833","malignant","reference_000833.png","5","Malignant","7","2977","26c157a591cc3d831ccc157876c44ae22341b9e1e441f9a1f6661db4bd17d722"
"834","malignant","reference_000834.png","5","Malignant","7","3237","5f63d2fefb6b4174ca946b2d7439266e1f6d5c7d3aee5fbc02dbcd9088ddc7f2"
"835","malignant","reference_000835.png","5","Malignant","7","1920","08d7815f21a6df78aa701c7d826f28af62e677fedd6f537e6f6c6fa1581c876f"
"836","malignant","reference_000836.png","5","Malignant","7","1814","0dc6eed8f132ecd4ed96073fee8fe69e475732933e1086664fdf5845ea64e205"
"837","malignant","reference_000837.png","5","Malignant","7","2310","43cca34630832e0e7d45708bc9980fcb9fc32cc97500777d4453ed82e7383ca6"
"838","malignant","reference_000838.png","5","Malignant","7","2325","451dc5dbc6850c39300e86f6db69ab05c07ddb2294c180bd53f02eeaa5750c3e"
"839","malignant","reference_000839.png","5","Malignant","7","2169","41fdddbe78358f14ed875cc515842bc0e0ec0cff510d81066893404b122e4e1a"
"840","malignant","reference_000840.png","5","Malignant","7","1631","003e90105487b59db42a29238a9d1c0e4fec3561f286232a9dcc214b6c9464d0"
"841","malignant","reference_000841.png","5","Malignant","7","1964","734523759a8b8162553e66d662bcadabde5d531961dd4dba8a140ad243b5472b"
"842","malignant","reference_000842.png","5","Malignant","7","1669","dfa867a6aae12dbca7d738badb1231026968fedb03cd1fdcae940fec6d68eced"
"843","malignant","reference_000843.png","5","Malignant","7","1609","c308a44b1231eaebd418d162224c9ed875da37c142c8662a65f3a10514b1becb"
"844","malignant","reference_000844.png","5","Malignant","7","2889","68f8770039663021c2c48f93621740bc403455d559a63143b08721fe8445f42c"
"845","malignant","reference_000845.png","5","Malignant","7","1838","74227c076368ab32536d0a419106b25c9bf7794f262d80dad1691d0d91cdb650"
"846","malignant","reference_000846.png","5","Malignant","7","2616","805cad2af9fce58169318c314313fb6345240810374b05774c4653aa27951480"
"847","malignant","reference_000847.png","5","Malignant","7","1948","693193955d490f9c9b60d8181559bd9ce57807322063e30a2391b45775490c76"
"848","malignant","reference_000848.png","5","Malignant","7","4334","e82eeddc9639a9c3643f35f59690ddeda2e4ce8d4406847fbd70327708f4445a"
"849","malignant","reference_000849.png","5","Malignant","7","2175","88c544461348471b113b3724725cab30485c3acb0dc0e2b78aa1b7ae8be9e0cf"
"850","malignant","reference_000850.png","5","Malignant","7","1959","dcb6b213278477a85c100ed44b6855b6210c03504050ead1d7b9103497fac403"
"851","malignant","reference_000851.png","5","Malignant","7","2043","41f1e6b4ce51f63739363e623befbc50ab7680834eef8bbe6c38a3a94ae63bcf"
"852","malignant","reference_000852.png","5","Malignant","7","2104","13a81af54c3de17b3170ece65902352bf3df042653b050d6475471c5ad162e37"
"853","malignant","reference_000853.png","5","Malignant","7","1977","d958a28e67c151872321290338357e2b794590f7183b51e6550df106c0502899"
"854","malignant","reference_000854.png","5","Malignant","7","1865","b69aebcd8f44e5c4cb829ff4423288abdd91613297f8fdce440bd403a1ac5f8b"
"855","malignant","reference_000855.png","5","Malignant","7","1546","b1f0bf26e8255e8c44d2d5ecf9bd95a999a261259a0ac9eb94d5ef24ae0de32a"
"856","malignant","reference_000856.png","5","Malignant","7","1604","d0b5344260fd0d3783b5b47f89c243040a9e137258dd3d484b76a3233e299383"
"857","malignant","reference_000857.png","5","Malignant","7","2109","dd33e3102436a48e3658243ebfe8e2737e76c97d8d719b9bc805d1b6965bd92e"
"858","malignant","reference_000858.png","5","Malignant","7","2701","4626c0cefeafdcb8a47f59400e00195c62f07b0a86c16276293f7d20cc892aec"
"859","malignant","reference_000859.png","5","Malignant","7","1877","81a9fc6278f527a046cc51046358bf6be0320a0d5f48c0283dccc53a54cac3b0"
"860","malignant","reference_000860.png","5","Malignant","7","2098","14fa5c12f262291f552fbbc932f6708a8b79c9c3ff3fad17052500747cbf1131"
"861","malignant","reference_000861.png","5","Malignant","7","1815","d6d9a3138cf7006ba02df54a496af15fa0cf100a0e403c13e84db18ac62a2500"
"862","malignant","reference_000862.png","5","Malignant","7","1804","8946f4a95ae3370c434ef79e4d344b8c7b740d0713a24d050875ed51e1a5eb6b"
"863","malignant","reference_000863.png","5","Malignant","7","1864","896ee73bb68e7097baa71f8343e7438391b058f9ff0e1b8b6393d06ca57ce1c5"
"864","malignant","reference_000864.png","5","Malignant","7","37539","4426664ca861e4cbd1ef1a06cfd3b51ef1732e8f54681284a77dd1f75b834922"
"865","malignant","reference_000865.png","5","Malignant","7","25811","501afc8b13a3fc2af94ac8a36abbafb5a0e28c66908956fb947a5ca51ca48130"
"866","malignant","reference_000866.png","5","Malignant","7","13759","cbfe5e8b9bb75ed3a77ddbff977590b334952c90d1c405c93de795f236b9b856"
"867","malignant","reference_000867.png","5","Malignant","7","23747","1e1ae7d1d0492c7ef570b0a20e30ca7309639c99da92f81924405bbdee2b1725"
"868","malignant","reference_000868.png","5","Malignant","7","15842","9c10437f086df1c851356732acf2ee69ad9256da70ce2c2f4bc228270ec67e55"
"869","malignant","reference_000869.png","5","Malignant","7","16069","7e9de679aa4e469dbe27efe8969084d9e4249b7883f07e8622ba3948b0bd065a"
"870","malignant","reference_000870.png","5","Malignant","7","17306","cfe7af45fe065ccd153ea3bdb246d1fc625254367242797636e72ddba7d9b9ac"
"871","malignant","reference_000871.png","5","Malignant","7","25026","a23150c90dfb15800ee095833618cb34e98758f71cd37b50635dc207ba6df9be"
"872","malignant","reference_000872.png","5","Malignant","7","16322","ed08c5ea154fefd3fb3d3ab978812d761e657692a129ee35c06fd417d1813a19"
"873","malignant","reference_000873.png","5","Malignant","7","44854","dddc2b8b62fa469a6d89ed476830073ea8535db0d55b7720a89c8e929b4a2af8"
"874","malignant","reference_000874.png","5","Malignant","7","26266","6b87141dcb6bac164479ef98406dce4accef8ba82d2846f03809ef630081fd3b"
"875","malignant","reference_000875.png","5","Malignant","7","29582","c4517cb5070cac7cc2e74c3ed030e923889fb7e1b31ab958a18e0c2535ce642d"
"876","malignant","reference_000876.png","5","Malignant","7","16118","a2eb620f363971d77776661bef197604ddae8654e8680ffc24e3af2cd9005e1f"
"877","malignant","reference_000877.png","5","Malignant","7","22364","e3bae44300aed7271925c17d0d3347f6a8317a46e3f436f643e0c337d8d98ca3"
"878","malignant","reference_000878.png","5","Malignant","7","18766","a90e14e35dea9a89d9ac234c6b91e068cc8a6c76663aa10e2e3eeccc17a4357b"
"879","malignant","reference_000879.png","5","Malignant","7","15883","ce9f652bc4cdb497b88f32aff093c5a3a2d725adf7f5c53b58bd425faffa9857"
"880","malignant","reference_000880.png","5","Malignant","7","38042","65f8fe4e963b7e659686fa93074399019774ebcb8dc2af73b5bc57a4c8e59011"
"881","malignant","reference_000881.png","5","Malignant","7","27830","4ab09e0a41e5638620d9d32940b71122c809051328921356e8f5483871043d64"
"882","malignant","reference_000882.png","5","Malignant","7","83904","a0035f41bd7a50569c01c3d255da70a69436305fb3b26542214700a29d3f9dd3"
"883","malignant","reference_000883.png","5","Malignant","7","86720","2e1f3a09568e4a0203628380b6b9e5857d660ca06900d598895199bc0584e0c6"
"884","malignant","reference_000884.png","5","Malignant","7","17653","360e6e715898b0c14b0bb301c015abbdd02e4fa58a0c698599e7d5246a7d6c20"
"885","malignant","reference_000885.png","5","Malignant","7","77520","97927e4bf7e2c2c6108a48287d0300bb2f61a327a9c01d518899283e2ae7a9b9"
"886","malignant","reference_000886.png","5","Malignant","7","22501","c0905b6ef374d4c2dbb8dacc88b570c1cffb4d9428f63e68e032652ae95ea20c"
"887","malignant","reference_000887.png","5","Malignant","7","29941","de14bfb00b42a4f2bbeca4996650f01d95bd911e4afbbd6e6bf428949d56a285"
"888","malignant","reference_000888.png","5","Malignant","7","21276","afcd927c218f94f200c18b157d080b8e5df109557daa5fc8963fb11fdeb83647"
"889","malignant","reference_000889.png","5","Malignant","7","28544","99078215b18bfd9d80ac30e06efb9a0578f1087bb1a5e1fef9b1e22cf89083a7"
"890","malignant","reference_000890.png","5","Malignant","7","21497","e7258245709c493e4e77c966b739bddf7a0903c05eb7a1a18f63612457c135a5"
"891","malignant","reference_000891.png","5","Malignant","7","21565","7b61efe01633aac4eeb73add6165cc2b94fb7cb491b8b9ed8669a8e36ae572ac"
"892","malignant","reference_000892.png","5","Malignant","7","19351","047cecbd93da2c1a9a61ccf36e6d94f74e50283f93a01a9b9c0e6ca4f94dd732"
"893","malignant","reference_000893.png","5","Malignant","7","34930","75743537b09e1b852da2db6b3206243bdc3662f68c7bb154d41c13c1687ea813"
"894","malignant","reference_000894.png","5","Malignant","7","38417","ca0eaddb03c3bbd8bcc4028a172afd366e97150dcbff38dfdf2c07c7288fda4a"
"895","malignant","reference_000895.png","5","Malignant","7","20010","04108a7a4f2d9914deb4b012cd1dd225b23c43f95bff5d7a9993f544c7818610"
"896","malignant","reference_000896.png","5","Malignant","7","30228","6adcc02d4d0e4a5508d9a6a6940598281f4ef8212bea304629276bc8b7f5c36a"
"897","malignant","reference_000897.png","5","Malignant","7","23994","23ce96a78b1c2546b5aa9e7b618ed559b2993264724157ae226553ba9248e5e3"
"898","malignant","reference_000898.png","5","Malignant","7","21858","35b64806cddb22a56cfa65e748a24dde533f08b01eac8ad3240f2c5678165d3d"
"899","malignant","reference_000899.png","5","Malignant","7","14461","356c323db398616e6728cd0ac050480e4a1a8f54721544e68b2882d424536a78"
"900","malignant","reference_000900.png","5","Malignant","7","18014","1c7def0df5337eb564ccd1576be50b9f8d54b6e6a74cb7d09c87d1508be2218f"
"901","malignant","reference_000901.png","5","Malignant","7","32737","75e6c850a0cd41a1a65145a5218bd639093cf98580dce55809422fb9ecb06012"
"902","malignant","reference_000902.png","5","Malignant","7","31521","c59b1ddd1354fc9f1ece5b200da3efa6a259dd6bca3fa4fc59a5c6353f6140b4"
"903","malignant","reference_000903.png","5","Malignant","7","24182","a0ba455822990eeaed175869ac41f981fda52a28f9d2d163784423faf587eb02"
"904","malignant","reference_000904.png","5","Malignant","7","25727","507e10d5c508270a0d7820ef0948f0d8ae0cda3893c4a7ce4fdc38ae3356273d"
"905","malignant","reference_000905.png","5","Malignant","7","19640","96a01fa7943b18ad9eac254ed718b6049603de8d9cd4b7b29e659db63a5c777d"
"906","malignant","reference_000906.png","5","Malignant","7","21028","76e0d39ae6e122ede215ffa87dfff4f4133478bf5add03209d8a43317b1c6c74"
"907","malignant","reference_000907.png","5","Malignant","7","28829","23482610866f74b236d64492e83f0265d538a8b33475f2b2af0e970da0a7a55e"
"908","malignant","reference_000908.png","5","Malignant","7","33757","06a850b5bf0244814174c062a027d5749f7c87b1c616706d782bbcd29d399fcc"
"909","malignant","reference_000909.png","5","Malignant","7","19325","ae093a16de1af79e92edae771a2ff0381a35cde9f56d4f5f24f23d5d41c5c47d"
"910","malignant","reference_000910.png","5","Malignant","7","40717","148eae8b1684b8c8f9691e0b48c3d188962316df7fc5a72517d4f9968514300f"
"911","malignant","reference_000911.png","5","Malignant","7","16115","bb585a899aeafe0cb038e73545b852862e1c5583d97e7e32a24ddbcdc97112e9"
"912","malignant","reference_000912.png","5","Malignant","7","38647","8722ca024fc9dfd0149e8bd79ddccd82bdf95008f1320f8462400b56cfffbed7"
"913","malignant","reference_000913.png","5","Malignant","7","15399","693acd7c369c3909244be5e36f210544ead4a1099594bb07d487cf39c5d4c249"
"914","malignant","reference_000914.png","5","Malignant","7","33256","c0cdc6ba61eb64935a49f8db336d97bf99c12e560e7e68317d1f73f815370f05"
"915","malignant","reference_000915.png","5","Malignant","7","47318","b1acb1fd11e9730afa1d395071750198cfc0c9f6c5a4ae2a3aef1c1aab73dc0e"
"916","malignant","reference_000916.png","5","Malignant","7","43147","396e569b905d4dcc3c508ba7b364acfb719472cc4d7f584d4adde46854b55e68"
"917","malignant","reference_000917.png","5","Malignant","7","19749","e09d59d87da71c4f9f969baed5472b8b4af7a9d35d174dd10d69860eb9c8af75"
"918","malignant","reference_000918.png","5","Malignant","7","19644","5a85609194bfec9b885394f279d4f992524793e77df413e0bcabe9295873fc62"
"919","malignant","reference_000919.png","5","Malignant","7","19168","c804823df9b12e9e67b9de5b4c538171c4c4a001f0554ff755e1f595a460115c"
"920","malignant","reference_000920.png","5","Malignant","7","24158","a0b222a51dc0fe160e4b20d94702fa86cdd7fd01edc67c7a3142fdc13964a203"
"921","malignant","reference_000921.png","5","Malignant","7","20429","37fbe41548919f9c74ab114736b05d86ad428366d837afda9ec9cce8a52a784c"
"922","malignant","reference_000922.png","5","Malignant","7","27491","5e2f7bd481bb684396dbe7af3706125afd828d2d88fd733fc6745d5023284bfe"
"923","malignant","reference_000923.png","5","Malignant","7","40161","f926b6c824dc84af00859853e3758e0a47c42c67381d2cf5e6c7470612d7d050"
"924","malignant","reference_000924.png","5","Malignant","7","17380","4267a0e7b1791ef44323db080e50d27c75399f9cedd2185ad91b82f81988bfb6"
"925","malignant","reference_000925.png","5","Malignant","7","12399","1bc7751e13e9a57e5793e78555d92714395014fb23c3b55c6f36d2cb0f2f2c8c"
"926","malignant","reference_000926.png","5","Malignant","7","13155","fb8763788213586b25cdbd4d62948aa0604c0011f69e376804d91c5b73bb27ed"
"927","malignant","reference_000927.png","5","Malignant","7","17160","4e1b873ba66448da806a37dc038fd9c3a4dc3a486aa7d895b9472692fecce075"
"928","malignant","reference_000928.png","5","Malignant","7","6392","c2564118822e4b3cadb17e68f99964f7b52cd92a6649a8b7446c19be51b30c4c"
"929","malignant","reference_000929.png","5","Malignant","7","28141","f61adaec3a68155d25142250897b8c6a04feb9ed28283021e7a19115299dc29a"
"930","malignant","reference_000930.png","5","Malignant","7","8744","c84ae325a57ca4faabbfe8096ab48328e3ebd0e754b16c3f9083f6849e5aa02c"
"931","malignant","reference_000931.png","5","Malignant","7","5919","cb65a0b5c0448ce469d01093935995ff1be11f8fbe62a7633ccff408e2679f64"
"932","malignant","reference_000932.png","5","Malignant","7","10268","069a63baff6a1124c6da04061b6297c9bcf9e282898b5083f293cc726981ff1e"
"933","malignant","reference_000933.png","5","Malignant","7","6736","dc90077500818e0073482ddf6ae6891a80419505f51c80cb8e6b4497f9dd85b7"
"934","malignant","reference_000934.png","5","Malignant","7","13598","e22555cf6ef7fe95d950161d98e213198c2f43240e7cc42f751ac6fe2e9ddd6c"
"935","malignant","reference_000935.png","5","Malignant","7","14981","765914dcf220ca68b7c9cbb39d7e22a6df7e9467aa616e67dc56ee00a89ccc5f"
"936","malignant","reference_000936.png","5","Malignant","7","12231","add2c18130a8066d40e76789c8e842299822cb8e878eea384a3e149d93d9743f"
"937","malignant","reference_000937.png","5","Malignant","7","6888","b497f5b3ccc5b0b6275b32c63194d5c1b789751ae7f045796f51e47608ccf307"
"938","malignant","reference_000938.png","5","Malignant","7","11755","233ffbb62cafce01bfd8df98ffca164aa2caa5e2e2f9be39ab4e70232826e3e0"
"939","malignant","reference_000939.png","5","Malignant","7","9321","33c8d5f4e895775d22bed4929331f8d699402d5403a58c840be87e8d2815d2d6"
"940","malignant","reference_000940.png","5","Malignant","7","11788","ee821782533bb1b72735569ba99a1b4b82e326f95c092533f4656a7625402393"
"941","malignant","reference_000941.png","5","Malignant","7","6189","51c35ceb1ac91635a46718306c5619bca54ce12e42b07398149c0b2c97b06e3d"
"942","malignant","reference_000942.png","5","Malignant","7","6791","f44f9b156f142f90fe0c81737b058fac022f2781fa811cbe71d73394408ca7b2"
"943","malignant","reference_000943.png","5","Malignant","7","6762","d3b87c6d920e53c8996f9d30bcf6b32b4383a98fc7d0995f0bb0c922c65b27a4"
"944","malignant","reference_000944.png","5","Malignant","7","10804","cfee2e397c3926399e675183e9d28da68f04b4c66308555ed78c2dc0e0c04445"
"945","malignant","reference_000945.png","5","Malignant","7","17628","36ae547a1f0b99bb147b30a3934c5e5b32d21c2521cd740ffdc3f002a293679b"
"946","malignant","reference_000946.png","5","Malignant","7","11446","890b963b1c36b8464d9b9691e0cc59754f8f85b265514944c8565877c260f1a7"
"947","malignant","reference_000947.png","5","Malignant","7","7400","0fcea5a1cdb6b9e8b77cffac4a946e92052a063104cf9d8a723ea73e2e2a1195"
"948","malignant","reference_000948.png","5","Malignant","7","13322","2ac16bb6d8435b3d2db90768b5b2b6405c20085d1126f530e2a966afbf807119"
"949","malignant","reference_000949.png","5","Malignant","7","14454","aa4d3232e58b8f421f51c76b940a5db1d533f7f5f56f3439b074afb84040cfb5"
"950","malignant","reference_000950.png","5","Malignant","7","7861","273f4c6c7654f64e5b959e9e517af444a79e9a252a59c7832422a62ef51de223"
"951","malignant","reference_000951.png","5","Malignant","7","5515","507df3f82a48cbc791e1f4ddcf54ef30c6a6645bd68d92f432391ac5d3a05cdd"
"952","malignant","reference_000952.png","5","Malignant","7","6753","3b563fa4911f75ac54f087d725bb82f973212ad9351eb097620522da6cfd215f"
"953","malignant","reference_000953.png","5","Malignant","7","6065","1bf4f52a0890910d055f380801c8b2c8bde86e24715a3df0cda465974c421186"
"954","malignant","reference_000954.png","5","Malignant","7","9326","d20533280bf6d01b5c48a3b06c517c8038ad1cf884a7abeda4f4bf2d2833be73"
"955","malignant","reference_000955.png","5","Malignant","7","7583","4fc2533235ffcc22edf77c28662befe8c50c4ab32fec159c072e2076492320a4"
"956","malignant","reference_000956.png","5","Malignant","7","8600","0599d5b1511a7db15e5b986ca9518234fbef7338545c947988df2370c0446161"
"957","malignant","reference_000957.png","5","Malignant","7","20971","2abe2fd9a101233eca92602d678630b5114eb38bb6cb1d4a52ced3887fb11c2c"
"958","malignant","reference_000958.png","5","Malignant","7","7819","6d6ee5d51ba94ec8150989633b0428b823b5350b7e5212f8ae33f1fec5a95279"
"959","malignant","reference_000959.png","5","Malignant","7","9326","abc5398a5f51f7b43a3d16dab4c484b219405309cb7e0235b8cb5861a32284eb"
"960","malignant","reference_000960.png","5","Malignant","7","18866","593d273115dd60ee436821e8996cff598a0fd2e3369175edf0f8010fff0fc65c"
"961","malignant","reference_000961.png","5","Malignant","7","9041","47bdb1424afb72cc933cd22620926833ca5b00b5d91e870de056d477f423fa57"
"962","malignant","reference_000962.png","5","Malignant","7","17076","4c75bbb11c739af9da30177475daf10ebb5de32d120ad3030223ff14afff2bb2"
"963","malignant","reference_000963.png","5","Malignant","7","10083","2db06c3c9501809e865447da5f1d4b9018f5bab7c29ef5475dedac946b6fca41"
"964","malignant","reference_000964.png","5","Malignant","7","12063","93797a7b95ea0c2bacd12d6d7c9dd40624afb8304732a12f367c7fdc00e67b39"
"965","malignant","reference_000965.png","5","Malignant","7","7820","5b93eff598c54673faff158105bb1b4a3aa05332e8903add649a072c3da77786"
"966","malignant","reference_000966.png","5","Malignant","7","6646","c0e70d1c5492b93e7a140c4a50aeb485001bdfee0539c32186c1f95c747aebb8"
"967","malignant","reference_000967.png","5","Malignant","7","8173","e550ecd9f8ddfae6a2224789a529bf0e76c4dd7c3a10615e5ad2e32cac3576a1"
"968","malignant","reference_000968.png","5","Malignant","7","7086","e276a76ffaafdba71fc0845ab97f8088b0476f66e463cf42afabc236da4b30dc"
"969","malignant","reference_000969.png","5","Malignant","7","11246","749ec437c40fc4360787848d3481c30d62e986f39dae6bcbe589eaf39e1fd4f6"
"970","malignant","reference_000970.png","5","Malignant","7","11653","6fd9f02aa065bda2668cfc7d24ac7e65761e76f54579402dfee1769aef169527"
"971","malignant","reference_000971.png","5","Malignant","7","10160","2ae8014cac7a006c059bda3a0a7499f24ece31017919a5467f6fbab46dec86f1"
"972","malignant","reference_000972.png","5","Malignant","7","9973","ddc39ad4827c9c1309bee62c8a332315fc77452e94415938180bc52dbc293cc0"
"973","malignant","reference_000973.png","5","Malignant","7","16213","cd3a8dea811871ceb94e3bfb53f575b5f6c7be5977c091ce401475449e8f4d55"
"974","malignant","reference_000974.png","5","Malignant","7","23690","c0972fc25c6657126a8a36c0d9e8a03e57af254c28fd486294d7e1bde16b81b8"
"975","malignant","reference_000975.png","5","Malignant","7","26941","3b875377c24c1b194c75b214c2572b7f80cdd141f0a67b728fbd9df72d805974"
"976","malignant","reference_000976.png","5","Malignant","7","17788","dc85347b64418b6c3290f0432d23bc7b40719d6e7ccad3ac572f3118f14dd7f2"
"977","malignant","reference_000977.png","5","Malignant","7","7871","5e57f9604e3129ed5178ba40839b947ca31f3bf3abce053946294603f2eb9abe"
"978","malignant","reference_000978.png","5","Malignant","7","12068","d42a876a7f79a6ff23dfc8675e89693d7a6cc394a6b7b025786f524f098a592b"
"979","malignant","reference_000979.png","5","Malignant","7","9422","b89d11df7fb4269e492234af0c7aa88c2f338ba1804bbc5026ee5988eef6de53"
"980","malignant","reference_000980.png","5","Malignant","7","20867","36c6ab6cdde3d285e6929f1c6637c303d789d290db976a2fee1f3433f7104d13"
"981","malignant","reference_000981.png","5","Malignant","7","13006","87457971f522c80f833e9ac527389419528cc7c8c03e6c170ab33cc374809096"
"982","malignant","reference_000982.png","5","Malignant","7","16292","015d1d8a1dda43828b2306d23a3f5b72ae433c2d668c4a5b098510f298fa5494"
"983","malignant","reference_000983.png","5","Malignant","7","16657","b7efb82e98a06e6d47bf23311b54584449bd5079cca8a3773f23167028728e6b"
"984","malignant","reference_000984.png","5","Malignant","7","15364","3ecd90acb9bdbf37f6dbb9d9875b3165353bc93e60c651f0f71345e02a6bc78f"
"985","malignant","reference_000985.png","5","Malignant","7","12400","5d024c017351190d39e35755b09770a87bd22f843e40f6fca133fad82e48f6ba"
"986","malignant","reference_000986.png","5","Malignant","7","11953","c6866b2aca9a3c25534bb714c13526453b245977e06deb3c54544c7152e35121"
"987","malignant","reference_000987.png","5","Malignant","7","18520","cd9779b93a38301073397838a6b8b79ad01ef6697b42b5566fd4638257094603"
"988","malignant","reference_000988.png","5","Malignant","7","17068","325c38c30fa5b892f6ca9fd14f90963cb3bb2defa3a267be4b29bfe2ccf829c1"
"989","malignant","reference_000989.png","5","Malignant","7","30902","74aa64edaab17e683e37ac1edbeacfbfecb85a62426ab0e84fc30675220ce0e7"
"990","malignant","reference_000990.png","5","Malignant","7","20935","3b825b9c7cad1acb09c75a29fbb01a20dfe5eddd0e2831d19f2dad9cc746609a"
"991","malignant","reference_000991.png","5","Malignant","7","19681","be7d37ef6bbdf120e378ade9c316c9988bad9a6e802edb845f97d06d0c9d2d39"
"992","malignant","reference_000992.png","5","Malignant","7","13442","1b8bf603a3f0a37764dc98f06d287e7ec4d36712fa28df1ca21071fff0dae287"
"993","malignant","reference_000993.png","5","Malignant","7","9186","2252b906632cc9f65ffe695f9a1dd652007fba43ac547f547843da8cbb5d8686"
"994","malignant","reference_000994.png","5","Malignant","7","16343","bfd1ba930727bb3bf29d9a654042662cc9f5ba9bde1cc353c0615c627c9597b9"
"995","malignant","reference_000995.png","5","Malignant","7","19065","d94672545d1e4c8656272058af6ba312b9904dcd87982f53e5dc59155e9a3456"
"996","malignant","reference_000996.png","5","Malignant","7","19949","5ede52112418d5645e9df3931c678ce4cb873b862653b2a1bfc8f9290b243b2d"
"997","malignant","reference_000997.png","5","Malignant","7","24966","07494c47807c715c1db3156d366a23f285352d84240dba2cad0f1523b593d4f4"
"998","malignant","reference_000998.png","5","Malignant","7","26000","1110fa593f3565b8be67ec5fbcad3ce8a7c32369eab553e160d0e3589fff1b4e"
"999","malignant","reference_000999.png","5","Malignant","7","18591","8a5487bf3ee05ab2b0bac1a0e7774872381befb6802e9671abc0dd9aa132041d"
"1000","malignant","reference_001000.png","5","Malignant","7","19148","133e4044a52fe1fc41047e3634560e3bc1215cbf4a7162a6192e5a06eb75ff14"
"1001","malignant","reference_001001.png","5","Malignant","7","11637","4787a4d3b070be7ec3ae5d9f5b691198d62d71669415219c1101b7214a346d23"
"1002","malignant","reference_001002.png","5","Malignant","7","13223","31a4b3b269d53d26168d4cfedab028573c06411772297da44df7195f802cb224"
"1003","malignant","reference_001003.png","5","Malignant","7","14317","d96e571c22cd9d94277ddbfef6f6b15f331687919686f5b1c1200662ed58f61c"
"1004","malignant","reference_001004.png","5","Malignant","7","20374","109920b662f68d0ce3ef4a9486897e0c45c309ca6870f219cdccdb16e06f76fa"
"1005","malignant","reference_001005.png","5","Malignant","7","15332","8f4b66cff642108fbd7b79352957e76c661004b206c3079b3850205d8905276f"
"1006","malignant","reference_001006.png","5","Malignant","7","39724","010a62abb986f6d04d679f1b1a32fe5a104c1bd51b777e4d2cebb72cc7510987"
"1007","malignant","reference_001007.png","5","Malignant","7","16213","68dde4324757f0cd90467d918f8b6f17433823ef380fc1157225a3a8ff64f6e3"
"1008","malignant","reference_001008.png","5","Malignant","7","26198","d381becf661015ae972fc29f359da68a82591dbf8836b1f266a27ba0fb1acb7d"
"1009","malignant","reference_001009.png","5","Malignant","7","25312","d0667a078d1cb0bc380bb20fdadae4cd08b6844ba192785cd490b10397d1224a"
"1010","malignant","reference_001010.png","5","Malignant","7","13600","3ce1d11c7aba77fc44e9939180320e288b050df5cbfc860bec6ddb9e9631759e"
"1011","malignant","reference_001011.png","5","Malignant","7","14664","368be2b67f576bc8c5e196e8625d64c9ee1a18f7d6a78bbc36c79c5f3a2a989f"
"1012","malignant","reference_001012.png","5","Malignant","7","21230","568f8a24d209add74d7f4309a626f89f4d4dcc53f4763d0d6cbe32a99c587473"
"1013","malignant","reference_001013.png","5","Malignant","7","23135","2117511e676be073e1827211539dca42d41c8da32d6c13bfc72d7d6b6d958d19"
"1014","malignant","reference_001014.png","5","Malignant","7","12432","2b9bd5609c393c3b233397188f7b3f6936c745f3f21a4c70dc341280988e0fad"
"1015","malignant","reference_001015.png","5","Malignant","7","12768","52dd4d1933e598ec4027b161c03141ec4d29d6f6572a541e064e7c6497773ed0"
"1016","malignant","reference_001016.png","5","Malignant","7","20905","067d625cde932b66287b4d5c29316d20fed2943c9956cfd3bae75cd42b363f62"
"1017","malignant","reference_001017.png","5","Malignant","7","14683","35de39bc8b6609252e559165f3bc0c228f480873afcb802fc88313b598ef2af0"
"1018","malignant","reference_001018.png","5","Malignant","7","13900","44f9a422e8a311b75ac715ce2f32414286612d1bd5b58236237a75910f1f3672"
"1019","malignant","reference_001019.png","5","Malignant","7","13900","dc3a13c50309b19d8bdced9f4cf9dc825d76175e39ad8dd843a3494724933bd5"
"1020","malignant","reference_001020.png","5","Malignant","7","14244","e8166335316c429b967474748ff1d571844c925d98a44a7974f38c149811f913"
"1021","malignant","reference_001021.png","5","Malignant","7","7753","d8820fac5c4fb03d4c93e20196a6534abfe5831451283b938d70b414a8167e04"
"1022","malignant","reference_001022.png","5","Malignant","7","14273","53f2fd0b087573058d970a52db92f5452ef69697953fcb16de55237448ef93c7"
"1023","malignant","reference_001023.png","5","Malignant","7","23576","775ce1174865747d79ec38a71d3384f0e17b1bec666ea159645216679b918a27"
"1024","malignant","reference_001024.png","5","Malignant","7","13268","f4ad1b61f32c2c81207bf6b20a375aa6d87174a38a21dead282711bd2cccd079"
"1025","malignant","reference_001025.png","5","Malignant","7","21337","c1263555388dec509be4ccb7802811cc0126a0567d9dd5af32017b63009132ff"
"1026","malignant","reference_001026.png","5","Malignant","7","25995","fbaa2491fea9f81a90c4ba75e8996314a8c264a931cbf24bfe2234789269a168"
"1027","malignant","reference_001027.png","5","Malignant","7","15584","1bc45171f8100e53e09239d3b4d01e2656d826eabb675aa96700d337934b5a3b"
"1028","benign","reference_001028.jpeg","4","Benign","8","1739","70282e42e9c8cd44317cf20c60b0344fbbdbd6fcd98890d355a9339c2755b306"
"1029","benign","reference_001029.jpeg","4","Benign","8","2371","8369c36dddb489d82232a063ece9723e0bca39ed276333d87f9ac973787576dd"
"1030","benign","reference_001030.jpeg","4","Benign","8","2910","eb3f231b3ca114957b89e4aa9dd2a765552d2578195108d9ad09e9ba1d7a99ff"
"1031","benign","reference_001031.jpeg","4","Benign","8","1924","17ec31077533c4ded946e76074f312a56615ba44279dcf00c0ad479dc8139248"
"1032","benign","reference_001032.jpeg","4","Benign","8","1761","9547f63c5cfe99389c66980345f509ece0018f04b9de958ba2538ad59782fd35"
"1033","benign","reference_001033.jpeg","4","Benign","9","1937","e6d98c8a97e3121ad84c511464b5c0da139443023470a4de065513257c121784"
"1034","benign","reference_001034.jpeg","4","Benign","8","2021","93f6e32e9f6d0e4bb8b756ad59a6fcbdcdef00c9553c304da03be6d286976239"
"1035","benign","reference_001035.jpeg","4","Benign","8","2502","06358fe137f03a176c6ca00ee013002d5396078dde1338d1a263437bf0b09f69"
"1036","benign","reference_001036.jpeg","4","Benign","8","1825","a23da37d16e1e1ff8daf59aeafaedbb1e75703d785f1bbbf8b48d3b4a477803e"
"1037","benign","reference_001037.jpeg","4","Benign","8","1926","237654f286d3cf613ce6417511769c6694b107798cd6d5c35b8d8ee4479d0e53"
"1038","benign","reference_001038.jpeg","4","Benign","8","1617","2e12f6dc9750b84a90451c83274c8f520ad0d44beac5df194ca884caa476a95c"
"1039","benign","reference_001039.jpeg","4","Benign","8","1590","7e05a49f13a23e0ec6170aaf4bc9c89f308e08a03aa080cbf95121e386c41cfd"
"1040","benign","reference_001040.jpeg","4","Benign","8","1547","e4ccce8d0480e4a6a1102fc813064be6d52ec070a9bfbe1f5dc033f3778de757"
"1041","benign","reference_001041.jpeg","4","Benign","8","2057","5118886053493b7638b615d34a31ce819cb8791267de8719b2d1a805ad8763d6"
"1042","benign","reference_001042.jpeg","4","Benign","8","1991","0de9f9796ccd8c47bd5a7d85f4c210a3ac70cff30df5ab223587d3a740bc12bf"
"1043","benign","reference_001043.jpeg","4","Benign","6","1853","38a8addb67cfcc442d6e94cafa01d877064ac20958608a410986c06b0fae2cb6"
"1044","benign","reference_001044.jpeg","4","Benign","8","1328","c4bf2f3eeeaa4ef39d39f681e1ff67f7744bd508ccac9b8a9b3bda3ad11cb638"
"1045","benign","reference_001045.jpeg","4","Benign","6","1565","58de5697dc954dc4deabcb739345ed45bcdfa0e29d7bae240ab1b8311b7930c0"
"1046","benign","reference_001046.jpeg","4","Benign","4","1548","31c852a6c8216f9122e472511e212fd34fd5094df5ee2e6d7bda3d2f7b32406f"
"1047","benign","reference_001047.jpeg","4","Benign","8","4506","1edecc5c625c68ce96efb18f3a11bb0e00f38b079d63197b128d74e80d096e0d"
"1048","benign","reference_001048.jpeg","4","Benign","8","4392","f05af583ceda3567a777f9ec7dcc1747a2248a2b13d3a8e800d0c7bc7c4a80a8"
"1049","benign","reference_001049.jpeg","4","Benign","8","2900","ef36dae43a9ec39204f7bf22c021dc1eedb6fe56ecbd784a2320461bb3592e03"
"1050","benign","reference_001050.jpeg","4","Benign","8","4634","399cc41e8143ff48c2b72fa2cf5a6d781f930e44303c86fe0d5222c5397620b6"
"1051","benign","reference_001051.jpeg","4","Benign","9","3072","7e400e31a3e678f35d666cfa216a13478571f6e1a1f24808094934735cf90bf9"
"1052","benign","reference_001052.jpeg","4","Benign","8","4450","bc915837daaa36cc16ce43c5b29b0e0d1565b1f4f3d83a124b2cd382eb780972"
"1053","benign","reference_001053.jpeg","4","Benign","8","3592","8aab376af228174371dc4a89e88bf5545acc3a3e30fb6d39794f8d7a4fc60233"
"1054","benign","reference_001054.jpeg","4","Benign","8","4038","82c3201aaf22376c4bea219d8472c0d4727021c87a429ec816960e1e4d351753"
"1055","benign","reference_001055.jpeg","4","Benign","8","3678","da44143e39eb38346d60d7d44b846436485a69039609d4a0a27043d9f04acb40"
"1056","benign","reference_001056.jpeg","4","Benign","8","3952","a825789b8fa32399f228195bf586fd6535ac86d139fd7d7b2a8e00b1cf800e20"
"1057","benign","reference_001057.jpeg","4","Benign","8","6440","c95c22a09b16fbb14b1675893bf28f40d012320ddfa07ea878a49d867d166ada"
"1058","benign","reference_001058.jpeg","4","Benign","8","4332","90c33168a6b91fc828a7ec25d80920d064df8ea7ff547a2ea7874d70e6e41dd4"
"1059","benign","reference_001059.jpeg","4","Benign","8","4858","b73dd3e91d18c0692279c86c3e6e42387f0ec5bcd510303b3db0dc8399da56da"
"1060","benign","reference_001060.jpeg","4","Benign","8","5028","f3b3ab69d65c7a9e14df76a6209cba6c13fc63ad34287dafb7a414d69de1c7e8"
"1061","benign","reference_001061.jpeg","4","Benign","8","3162","37e08931f712fff5120d797f5816309a6ab05200c3cbaf5b5e57fa4d71e74355"
"1062","benign","reference_001062.jpeg","4","Benign","8","2782","6a8630de82eaf138e52723195f110ca86caab2282e4c2cb9dd899ab2b28f43a9"
"1063","benign","reference_001063.jpeg","4","Benign","8","4650","96a55c493503eba2e351cdbaf2a2d21f3ec1906474e4e7c2c9842057622d51e5"
"1064","benign","reference_001064.jpeg","4","Benign","8","2814","0ff6d5513425b47070e66c1de273a5def4960e53b514962bee34ea7213fadbc0"
"1065","benign","reference_001065.jpeg","4","Benign","8","3540","55afc6f14576e2b03b8b67875e00760cc5df212f6373ba9bdbb32cee503110c9"
"1066","benign","reference_001066.jpeg","4","Benign","8","9512","546e6433955149b951554f2e158f45efd5b62abb39c5132f01925b824adbdbce"
"1067","benign","reference_001067.jpeg","4","Benign","8","4264","b55f59ad5caec0dd3b38170555230ef1dfc43832921d9395e0f28ce16fe27155"
"1068","benign","reference_001068.jpeg","4","Benign","8","3782","fa5e2f4ed33dd4a7706fd20873a3450e02417363e28ab7a1daa67e2f483f74fc"
"1069","benign","reference_001069.jpeg","4","Benign","8","6112","8c9ade648ca84120e27483aff55002d3572693117e0dac4dfe0f19a79593d7e6"
"1070","benign","reference_001070.jpeg","4","Benign","8","4108","9a9f07af031d042f106c9e8432a150ade066302500bf7947f474a7df315cca6e"
"1071","benign","reference_001071.jpeg","4","Benign","8","4122","77798b0240df117f9a43f381d27ac9f144278b2744057813ea5dcde655b42b19"
"1072","benign","reference_001072.jpeg","4","Benign","8","4052","272a01cc19670a881345453b58562c8b9492d16f40b330421c4e9858de3c10b5"
"1073","benign","reference_001073.jpeg","4","Benign","8","1672","62b3ef61e4739656105ba52b9fd9e54ea248233c558d9a6f5ca1f25ddc4c05a4"
"1074","benign","reference_001074.jpeg","4","Benign","9","1107","1be83784250181cc263c4cd3ee3cc0b6a381a1d141935adb74065a1eaa07497a"
"1075","benign","reference_001075.jpeg","4","Benign","8","1526","c68dad661721d10b5702870bcaec0443509336fac4b6c4bfb77d2454ce0c455e"
"1076","benign","reference_001076.jpeg","4","Benign","8","1641","0952b4595fff766b55147e37b0e39c70dd41aa870c06b1cc16dd0f9d7f6138c9"
"1077","benign","reference_001077.jpeg","4","Benign","8","2468","0555ce16849f2938f606198cebca6acf35b5e9f036ecd6275393c78d9d99beaa"
"1078","benign","reference_001078.jpeg","4","Benign","8","1273","d3e6ee758e7669d59b35754243be3042bbc317a23064f74d837c2ceab539847d"
"1079","benign","reference_001079.jpeg","4","Benign","8","1975","ae90e4a70db04211082457472039665b1b2494b9f9ee437183cad885b934ec7a"
"1080","benign","reference_001080.jpeg","4","Benign","8","3936","920032c6c1388981c6506264725ecbb59dd8b73edcecd4e3acad18f8c420831e"
"1081","benign","reference_001081.jpeg","4","Benign","8","1829","414ff2579594941d16c86ad9b1ab95bb6e3bc05f2aed913ceaa7dc45ef228bd1"
"1082","benign","reference_001082.jpeg","4","Benign","8","2399","0d12b2ecf01b17661b593fe9fa0661f046e592e7a3961dcec7691e93b3c035c9"
"1083","benign","reference_001083.jpeg","4","Benign","8","2128","4903f6c1433dbbf9ff9ec1976c2123c6aaae5654f3174bdbb3b7fb55ed6f8691"
"1084","benign","reference_001084.jpeg","4","Benign","8","2156","201ec715bd8571d2f711aad6172abfb02e8885bc2e8644682ead0cb5bc6c6cfa"
"1085","benign","reference_001085.jpeg","4","Benign","8","4742","5f2b5e110cc9e216cbb3f41433a70002cbfa1fc1306eac0d4d80017683801bcc"
"1086","benign","reference_001086.jpeg","4","Benign","8","2298","069a43c99040eaf364d38f9c43bea86b186e86a24e5b62994e6da624b48f15fa"
"1087","benign","reference_001087.jpeg","4","Benign","8","4154","7e853a0f488d9860e9aa7e08ac5235308190f6f4595f1e102a877dc6d2cda45f"
"1088","benign","reference_001088.jpeg","4","Benign","8","2487","0f2a7cf62858dacf9934fc1161d6034d91d43c9260e1e396fadb8729d185dfa0"
"1089","benign","reference_001089.jpeg","4","Benign","8","2790","63f1f8df7723109526650abe462711c5b6e98ede35a04c636248ce64ee1d0410"
"1090","benign","reference_001090.jpeg","4","Benign","8","5478","a55f2245acab58348b4ff01c1cf989291fa7d4e0cf11b01b7695f9fc72fca61d"
"1091","benign","reference_001091.jpeg","4","Benign","8","2724","44ed06ea30734c3e4778c3dba762de200c81eb2de88180c88bdd917667806251"
"1092","benign","reference_001092.jpeg","4","Benign","8","7410","2a465caccfc6ebaaebd38d4e47af8a2088ed990bfb35b0089b19ac123a760955"
"1093","benign","reference_001093.jpeg","4","Benign","8","3768","d428b8e7f29c45a1a71ee3782aa2dec8245461a89238999c3c3b4b397572c472"
"1094","benign","reference_001094.png","4","Benign","9","11804","ada33b618f616c6b600b5f68c00439b71836ccd952960ee1bb58a0e161f5c823"
"1095","benign","reference_001095.png","4","Benign","8","11819","29ddb91de9806d872c823bd20c8a44572959d33a3bb1bcbe3861a2cc424734ec"
"1096","benign","reference_001096.png","4","Benign","9","8750","50307236a3955b3433c75abb60126d75d810d83637654655a381334d749b2e84"
"1097","benign","reference_001097.png","4","Benign","9","9488","0377ea36a6ff8a86b0f4a805163656154705608b72869d1a99ab7bb67bd022ec"
"1098","benign","reference_001098.png","4","Benign","9","7352","6acb58866e39e1e013f0ce6a4673cf1d82f1a0cc0be4c559cfab45bc5f2e97bd"
"1099","benign","reference_001099.png","4","Benign","9","10597","c8cc3b88c76fca3c523f774db468073eb9f4b137aa1ea384bb8e9a946454ac13"
"1100","benign","reference_001100.png","4","Benign","9","9247","bffb7ca47265bed29b5fff1c8d246fa1e7e211d4cb90362868e35829aca616a7"
"1101","benign","reference_001101.png","4","Benign","9","9117","f3a473bd02581bf04936c0dcd228682b4ea8cb1adc6c784df79249696619537b"
"1102","benign","reference_001102.png","4","Benign","9","9289","b1ba4ad0cd6a85618e90853127a5641c2b5418b2649b36345b42470a99790d58"
"1103","benign","reference_001103.png","4","Benign","9","10026","4d8e17699183353b1eaacf652d4b88eef3e38c5dde67a17f4bd687b9c8f82f0a"
"1104","benign","reference_001104.png","4","Benign","9","6476","049ba616cf7faa6f97288545b8d323d20b62fdec37f89421173d6aa93b2f1470"
"1105","benign","reference_001105.png","4","Benign","9","7187","d5690739e5c4b12160b764444475e3ab910882306c518b58c7cf05d9e0e3e6eb"
"1106","benign","reference_001106.png","4","Benign","9","11868","df7b659727c03d46fdecebb83db9ed3e64d3ee7c1f3cfe5cc9698d76c0450180"
"1107","benign","reference_001107.png","4","Benign","9","11398","f5647102a4c187d1dce765b5360833bf13ac51a530e029b7d1b99c9671310454"
"1108","benign","reference_001108.png","4","Benign","9","9413","91b41e7d866b3e2b7c85cd7aa9690aabad10b4c2230a95ccab8927bdfc7c9f24"
"1109","benign","reference_001109.png","4","Benign","9","9991","c1d1d5d5bd3c5f1bb250595e307ba33aa4c373c3c77ab56fcff6c9b5530a1bfb"
"1110","benign","reference_001110.png","4","Benign","9","9188","b8a707a21c4ea84daf9b1193b8c4e68321a08d6b26b03acd5a3d3809c5ebcf7a"
"1111","benign","reference_001111.png","4","Benign","9","10627","c5a0bf5dc7522bdf0a226bd530ae6a91d5d381dfbdde6676bda188dfd74a19ae"
"1112","benign","reference_001112.png","4","Benign","9","8720","426197c1f72aa3c34264cf1839d81b08eac6f91a14c8dda986551ba4eebb38a9"
"1113","benign","reference_001113.png","4","Benign","9","7377","2cb90d73299eb5d20792c9d25a9e5d4b738b692f37861dce0714e6b9575dd127"
"1114","benign","reference_001114.png","4","Benign","9","9474","9b17ab63145e7d714bc512f7f8426c521c3a76c7f07df66022706016d0d5e7fe"
"1115","benign","reference_001115.png","4","Benign","9","9266","f7b3da0430d261610447a9217c3b8e7510f9f504e4182500e613d2b20ba11b67"
"1116","benign","reference_001116.png","4","Benign","9","9318","89ce8e12d07795ca4f2c054f3957822dd8c2ae2ab380f315e37685d7eee2f539"
"1117","benign","reference_001117.png","4","Benign","9","9992","b42ef53ae65b40e7831df88c834d412209df4ddb31c30d95b9995278623dd409"
"1118","benign","reference_001118.png","4","Benign","9","8916","b82598b13df5e91c9dd96296391e7c8a8655f046c5156ec1d0dcd002e4ffb988"
"1119","benign","reference_001119.png","4","Benign","9","11662","8e45def8b36079d9d57beedcad859339a55dd26f3cb20fd3ba1627b62c601628"
"1120","benign","reference_001120.png","4","Benign","9","9456","a2c1b7834cc56486c8906ff95695ad0bf594e070080d4d7c7df87beb41530a62"
"1121","benign","reference_001121.png","4","Benign","9","10992","62407b4bf39d5d0d1c886470a021ab9892dd4778d0c070cac70b78cfe0d99494"
"1122","benign","reference_001122.png","4","Benign","9","5467","3fbb458f3768232481449ff515338182dd08c14abc9e4b6dfe5aff4f097b3f26"
"1123","benign","reference_001123.png","4","Benign","9","10232","137eb713a8ac7e860f5b0a2715581825f1ba2e6c1f4b463d77abe9f52517f45c"
"1124","benign","reference_001124.png","4","Benign","9","10464","684a98538ca316d42d71d6a88bb37cfaa40e43a4e26c5ae1a404ba6752005bce"
"1125","benign","reference_001125.png","4","Benign","9","10062","c2fa4dc3e2dbcbe469a847f74dea44aea8e930b1048a2335e4cde794d74a780b"
"1126","benign","reference_001126.png","4","Benign","9","10911","825c63886e5ff0493541246f56ce7ab35cc6038c4f499342e1463cb09e494070"
"1127","benign","reference_001127.png","4","Benign","9","10791","06a1827a2f7060e61d3bf6259543a28bf8b26d01923c34b6d8fbe7ed18177f42"
"1128","benign","reference_001128.png","4","Benign","9","10662","a83d5528c9f2be9cd9584187476a27a0badcce56413df737c0f86a2107def20f"
"1129","benign","reference_001129.png","4","Benign","9","8217","50b8a0a165ad646fa6370e86d158e34aa4dc13a1819ff008653a45f8cf17713b"
"1130","benign","reference_001130.png","4","Benign","9","4506","cbca9f4bf5c3133c5e48e88ab1b01cf3f4fbcb1edd3c8e1270ad4c1b9b5266de"
"1131","benign","reference_001131.png","4","Benign","9","5710","e08dd4933dbe4711c66bf65a04148548073694094edce06af7b07d44d3a61fc4"
"1132","benign","reference_001132.png","4","Benign","9","10472","649a4e37b8022c0f1614d2a25c019d18963ff2969dec43679023a424bde1ef11"
"1133","benign","reference_001133.png","4","Benign","9","10101","0be532d15326a40b489caee9ab81dfdd6779ad62580248cf14868ce558be9d3f"
"1134","benign","reference_001134.png","4","Benign","9","11258","8db113093d5acd0d0f439664c9b21f0b1050a08aa0f5f11c465bf3f946531811"
"1135","benign","reference_001135.png","4","Benign","9","8804","10ca0a88173fec982d62e1052f37a993f1d056e48f9c5fd590f91e5f5bdd6b5e"
"1136","benign","reference_001136.png","4","Benign","9","10012","eae22f373d6abb00823f668cd8f54ad17f0edf8c359a07a52b7b0ad93637747d"
"1137","benign","reference_001137.png","4","Benign","9","10213","81bb4b364c1dde160c3d03d93100668c3e79f2e3c929ca1b78969a0b127c3c30"
"1138","benign","reference_001138.png","4","Benign","9","13499","7fc6a559383ef074ce0109025059626a37aafa873385cb4cf2cac12b397500b9"
"1139","benign","reference_001139.png","4","Benign","9","9265","de4e7d0796b98b85065176486f16d36183421a193340a969304c9787013b8ca9"
"1140","benign","reference_001140.png","4","Benign","9","11464","66242a7f0da446a60f47ed114928de9656af931dbcd3ec4ebb8e923dea91ba44"
"1141","benign","reference_001141.png","4","Benign","9","10337","be7b5989de9be0705ef25cb44489f97c869b847d6a6b740af5160e42d212a727"
"1142","benign","reference_001142.png","4","Benign","2","11008","f504fb3991f277a82608b52b8b06a7f29ba7c5b1b81b395bffb183f0b677512c"
"1143","benign","reference_001143.png","4","Benign","9","10158","b749c491657094935050fe6ee155fecd385c0f8784170878787b67188f56a7aa"
"1144","benign","reference_001144.png","4","Benign","9","18850","0768edf50b31220ba26062f88304cf225159ad319dc1aae9eaabf41486473059"
"1145","benign","reference_001145.png","4","Benign","9","11370","67b20d62f457d40e0861abbb5fee2ffdb22120c850c0e7fa89ed75eb6ba67848"
"1146","benign","reference_001146.png","4","Benign","9","10583","a8afae8e3eedfca3f7e38a435c40c5ebf99ab5729542a36b48a14314f3593370"
"1147","benign","reference_001147.png","4","Benign","9","15856","67a08c487098ed4540e56f7da96ddc17df1a3b83b2e99fc37c806aa8713d402b"
"1148","benign","reference_001148.png","4","Benign","9","11182","eff6c78d82dd44ce342a5d27f0b0b47a450b2edacd9dea0d41ab64a411f0d873"
"1149","benign","reference_001149.png","4","Benign","9","10255","a18afb290251c18d7418e302f6c3692a30d425cff81289229a0045294e0af7ba"
"1150","benign","reference_001150.png","4","Benign","9","6601","fc2415d36e393e7ca48b3458e6b5af9678ac3c6ecb0e26868bd52b88019ca4d9"
"1151","benign","reference_001151.png","4","Benign","9","8584","068180e2cd516c3f91c200bbc435ee9583f0cb72139f9778167ad05a4f61d55f"
"1152","benign","reference_001152.png","4","Benign","9","10360","934b8493b50dabefd0fa859c9422d781c7ccc5c4eb5fe5f260d7c6ccca39c0b6"
"1153","benign","reference_001153.png","4","Benign","9","7531","9a52ac049154fc10e41a6da1a6d677693fb8b4e67655d2c98134088d315337cd"
"1154","benign","reference_001154.png","4","Benign","9","9272","b2c5622b5a55f1b732ed9c67128f9865c14ace787d6109dad7664c299db101e7"
"1155","benign","reference_001155.png","4","Benign","9","8795","c233cb8c30a7692ebbe1b0108bba1a08d880191ff97cc47e18bbe857e30bfb64"
"1156","benign","reference_001156.png","4","Benign","9","10646","4ac43f066040f54ff3d2cd5c417019b2e9564a8151c4803425c0865742b4f129"
"1157","benign","reference_001157.png","4","Benign","9","9332","1ee111ff87e098d2a8e1b8b559bb290078c8579befb9d01148b6bc97a3fb5c9f"
"1158","benign","reference_001158.png","4","Benign","9","15540","47308eb06c3b14c3c2ba09a78b93969d84a40b54eb1db3cbbde3e5aeb301d495"
"1159","benign","reference_001159.png","4","Benign","9","8712","82513399d84eb2e704a1756f6077bfdaf67ebc4ce71d9fecbe6a37c7274f6f4d"
"1160","benign","reference_001160.png","4","Benign","9","8734","df1f034d5ffddfc60b881d2319acdcaa4480a28f8a42083ff6761aba27e235c5"
"1161","benign","reference_001161.png","4","Benign","9","9166","23848f7d98789779076c7cb649cdcd175e46c14ba76668546bb45c520241b12d"
"1162","benign","reference_001162.png","4","Benign","9","16043","8b6d9fc28f0b28540e102d155357b1da24adcd8600bd0b87116ed51ea574e1eb"
"1163","benign","reference_001163.png","4","Benign","9","12918","dcf06dd34f2eb0852f2fa739127411fa4edf1d48b084fe6797601c07e1452ed3"
"1164","benign","reference_001164.png","4","Benign","9","9116","a8fffbb421bb6eed69a5876318c6790c6f3bc8428c64ad967b1a4492cfdace24"
"1165","benign","reference_001165.png","4","Benign","9","9063","8366b09b588727c728193ef3ba968b28ebed897e733e67af8699c96e4c74ee44"
"1166","benign","reference_001166.png","4","Benign","9","8268","e26ab0f2f3c721b50e22ad798230a39ac21aef43da4323796c46e4f7c467be89"
"1167","benign","reference_001167.png","4","Benign","1","5721","676595ff56e21d34c9faf1e514de3b4d0e096fbdf8a100c42de631c25620e7a4"
"1168","benign","reference_001168.png","4","Benign","1","4837","1090c3fd35f9e171a13093e115b2df62a3496898c705d38732a7cae00cad4ad2"
"1169","benign","reference_001169.png","4","Benign","3","12106","92c90f2056deb85027601b744a4b0b69e8a3df3a99a4df82e293a81a63d4bcc4"
"1170","benign","reference_001170.png","4","Benign","1","5955","252ba44614cd7609ac5fa0377caa572a8c580c3d9cee3fc652f3f1f66b267800"
"1171","benign","reference_001171.png","4","Benign","1","7384","48c67fdf8ab14afe74bfdca83686a92827369c58fe2e4f594a78b4eaa61ee466"
"1172","benign","reference_001172.png","4","Benign","1","4186","7e9b3e481401c35bb7ac2398fad18bdd71c7b22575131248f461b890fc9e1a35"
"1173","benign","reference_001173.png","4","Benign","1","9109","b1a7beb43835297c53d0c8e0ff3af4a68b2cf12bc6f65d250f1bb4804f683b5e"
"1174","benign","reference_001174.png","4","Benign","1","5976","2862b729c2f58a2b7a910662da4b9392e0aa97429fa03eabe0cc332fdab254b0"
"1175","benign","reference_001175.png","4","Benign","3","9069","05190199f3bb285e950a88a8757b94d65699d010314fb93576565dee2b5ca724"
"1176","benign","reference_001176.png","4","Benign","1","7587","6d49444c58141f79336790d80335b0d5db2a4a182280946fe80f21120057f0e4"
"1177","benign","reference_001177.png","4","Benign","1","6882","f4b4936c2d0205e22c5d2375eaf21d3b2c7ec5de32fb393c900862b7ae73f6ba"
"1178","benign","reference_001178.png","4","Benign","1","8471","b2b7f82f996435ac77e98bc03274a8d40c0c6bb0f9f829b1daa27d04d11795d0"
"1179","benign","reference_001179.png","4","Benign","3","7903","abab95c80278633aecdb589ef9d3b3397d65545ab8b0c4b81b259f95d2f06b74"
"1180","benign","reference_001180.png","4","Benign","1","3687","d63c86e91db2b1289adef718a9d0d723316da383ab13afc82dcefa1c5a71b04b"
"1181","benign","reference_001181.png","4","Benign","1","6728","022390872125fe058c95b162a73ed4b206910cab0164e092d389f2fce6d282de"
"1182","benign","reference_001182.png","4","Benign","1","9388","2f7cb17e8f9a8c83d51ae5249a13cf57e803dbb9d5e815c6af50dc2de8648c3c"
"1183","benign","reference_001183.png","4","Benign","3","6900","c85a3b691146bccb5f6f939ce526ceddedd4ee5fb9533f685fa31ef54b0562fc"
"1184","benign","reference_001184.png","4","Benign","3","12846","29a3ae6d2104a16d180c50c2a454262a4cd5d016d5c2bb533f133ebe81ee6ef8"
"1185","benign","reference_001185.png","4","Benign","1","3931","e3018a60915f94c3c14910e5b7436b39759089d1226d829d42f6b95d9e0424d7"
"1186","benign","reference_001186.png","4","Benign","1","5973","fd441f0134400969a86fe79f8f5b282bbfa4adf517a1e58636086f0a60fd2188"
"1187","benign","reference_001187.png","4","Benign","1","4844","a7b61e4d3f8a7685d27da64df16d38e293cf7c3b1025f27bcb2fd734a7bf8e0d"
"1188","benign","reference_001188.png","4","Benign","3","7440","1069b74433358a3b28083551ea0cd0f9f219ad8cc03985da78dd3535cc08e9df"
"1189","benign","reference_001189.png","4","Benign","3","8863","c4b0388a8111c076fecf125d9e938c33c297f827db83b0dbf4e4a0c5db37d4d9"
"1190","benign","reference_001190.png","4","Benign","3","10857","bcaa2a00bf7077cf0e94abf9d789716357ee875966210ca4487b6c22696c82b2"
"1191","benign","reference_001191.png","4","Benign","1","8555","f67bf1802488a99bda2319282915d19ca201b5ffaef44d2a34776d4799c66a7f"
"1192","benign","reference_001192.png","4","Benign","1","4850","af9419430bb562c9a676ee39fb72e02b7165ae8ebbedd79ddc896f4cbabad560"
"1193","benign","reference_001193.png","4","Benign","3","9163","a8cda7001ac8ccba375f36c5998e2579aef43b72a9bb16e0150f84e068c77561"
"1194","benign","reference_001194.png","4","Benign","3","5910","096631b8a797d9181bc11328d1ce6361df337bd6a996859fc4f2044bfa50df2e"
"1195","benign","reference_001195.png","4","Benign","1","3928","c196ce541b2533f4bb080fda273716359706aecf3b6d188086f4bdfde4be0658"
"1196","benign","reference_001196.png","4","Benign","3","6030","8e78612b50b722b771653a92cbd8bfee199c78deb07038d958c1061035fb6c10"
"1197","benign","reference_001197.png","4","Benign","3","9373","b2427b7cb4af6d69ba878dd1cec7d1cc627d403a55d8e2a87e257edf0f6441f7"
"1198","benign","reference_001198.png","4","Benign","3","7763","e03782c967471820607ecc871a2fd997157599d9692c50a542668fd016a34637"
"1199","benign","reference_001199.png","4","Benign","1","7244","49a710316a33d71b3002b77c000d3f6c971b9c8292319f81abe52d367a151a5a"
"1200","benign","reference_001200.png","4","Benign","1","4797","af591b48bcf36c3a6e99e059cec47ccda8d2644658c6a373d09872fcbce8cf6f"
"1201","benign","reference_001201.png","4","Benign","1","6995","26c569e285ae1e44b48e33ebe2ce69aed6145e5126bf29e5e344c77dc59e5815"
"1202","benign","reference_001202.png","4","Benign","1","6963","ee0033d179d6da99fc1bf0c323dbcfe3db93540633377ba75b96c758ac23404a"
"1203","benign","reference_001203.png","4","Benign","3","7696","1a0c30c08d521c98f42a0231c36cf1ac1cf8ab4597177c38522ae01f50188e96"
"1204","benign","reference_001204.png","4","Benign","3","9365","fec97e07bfae215e244189c4a9a4ecd59c24944258371ad17e984959337747ab"
"1205","benign","reference_001205.png","4","Benign","1","4829","71f801571d508c410da5974c93f7cc9f37c19ff68e3b404cdc92884b9154a030"
"1206","benign","reference_001206.png","4","Benign","3","9468","6c8bed61afc24526a3615b3ccfe65ea0f6cb4d6e4928a86d343140c7aa7405eb"
"1207","benign","reference_001207.png","4","Benign","3","4841","280264274304b54c15272cc6a628ed86fd02941aecfc5d13aa89851343d8a266"
"1208","benign","reference_001208.png","4","Benign","3","6799","b68954fc735303997af87f02cf63f0791346fa06e64478b4f942f1086791506e"
"1209","benign","reference_001209.png","4","Benign","3","8518","a616238fbbcc9290ba356187f475401cf90e0cbb9684c44535d57b7a7f7952a9"
"1210","benign","reference_001210.png","4","Benign","3","11490","af3472e4f0518aad5f4f514500230fa5ab00e84f6153839d0f84badd38fd79d0"
"1211","benign","reference_001211.png","4","Benign","3","6008","c279fd5570acd313badbca3970a9061a7605471bfd650a9723cf81c049b77590"
"1212","benign","reference_001212.png","4","Benign","3","6756","fb0630a07b1a241f5c08534568acead7ad72789a415a6c16ab52088e5ae5fc8d"
"1213","benign","reference_001213.png","4","Benign","3","7004","221e3307b3709de869841ddde59fd512f56dde1170dc97e5a8dfa992efa94aba"
"1214","benign","reference_001214.png","4","Benign","3","9218","c5648e4170c160ef40854d37f5477b0e537559e3a8217999f7d9159dfff63c30"
"1215","benign","reference_001215.png","4","Benign","3","7322","1f5f84f55b04afa349ea8509421190029afd16d0fb510e83b4403a039c764f39"
"1216","benign","reference_001216.png","4","Benign","3","11734","93586b534e1dbb11982f1175c3b528fbfd483992399505d8c31d512b843efd19"
"1217","benign","reference_001217.png","4","Benign","1","3922","64b90dc76b09bdcb9fecc608060c51d37fafeb754e69fc445d4d6b281865a3f7"
"1218","benign","reference_001218.png","4","Benign","3","8744","e310d61076b71370886eebabcef3f199c663663717c2828a98d817cc89d47df2"
"1219","benign","reference_001219.png","4","Benign","1","4218","e1a8a92b631fc8962051db46274ef76e7e0c28ac5777af08cfbb88d7fbd4cf42"
"1220","benign","reference_001220.png","4","Benign","1","5918","ef278fbf9fb3d7b265e340253948c1b8fb4e112f9fbf1802938a541968ce675e"
"1221","benign","reference_001221.png","4","Benign","3","9301","62853de5c53aeb00bf6718dae40938542ea06ce55a4eed6f78a091e68854592c"
"1222","benign","reference_001222.png","4","Benign","3","9359","95c4e7fed86410689ab9162a3422e77ddae0dfe33050477048431f010bf3e217"
"1223","benign","reference_001223.png","4","Benign","1","8715","477a401aeee42d819c8c4e336cd63e82bd1650aa1bfdeeb991880ad2178b9663"
"1224","benign","reference_001224.png","4","Benign","1","9083","996af02e6281e2715221714d24600ba33186a86830a3b2e41bbe2c8a3f5a6e11"
"1225","benign","reference_001225.png","4","Benign","3","3658","b94fbb3942c1991e13d2259a7298e14d40b840d11a853a139eac7ec15f0ec79c"
"1226","benign","reference_001226.png","4","Benign","1","4200","08d33168ba56ce79b41c583ddd61131773d258a8de587ad0d64cf34e2bcb30f3"
"1227","benign","reference_001227.png","4","Benign","3","9261","e5af320275946c3a650a4f45d87cd0e3cbe06dd73695fe2738facb4abd651127"
"1228","benign","reference_001228.png","4","Benign","1","5727","94ace520e3ee580087b3b6f55c3f30a25d8cf0360a3b950ba90f19250af192e2"
"1229","benign","reference_001229.png","4","Benign","1","5944","01bf18e66f611a5d79fc019d8a7e469508e272bccfd059087f0da26f5dacce5d"
"1230","benign","reference_001230.png","4","Benign","3","8442","5f48043e77e46e07fb0a3a2ced7ce03af51527dbc46d62cb771118a48282ddd0"
"1231","benign","reference_001231.png","4","Benign","1","9486","b317e509ffd47ba4471beafa84150b4ef2a94f6bd4b2bb281eb5783fc2ba9545"
"1232","benign","reference_001232.png","4","Benign","3","7940","92e85e59332ce1e380f8454b56e8853b1405b5f44f6c13ca9ad676e7a16e9f9e"
"1233","benign","reference_001233.png","4","Benign","3","3906","6fb3216c63dfab4261a2885f0f564f734da5383b038d2d2da35a2c7a8c0abdd3"
"1234","benign","reference_001234.png","4","Benign","3","11293","9efeb0112998192f6f24e037bdc833d11bf40e1c892fcf3d434c0990b0b77cb7"
"1235","benign","reference_001235.png","4","Benign","3","4040","c2a0a35b64fd97d0e257ba93678c93c21730704fbba495afc2140a863d3b4edb"
"1236","benign","reference_001236.png","4","Benign","3","5965","e9eb0e91127bbbce7a5b3dbb27f1458f59502cae4d7a9615270d40b63b21db40"
"1237","benign","reference_001237.png","4","Benign","1","10288","07e910d009664740f3f0e77682c38b44bcc1f3d8be47cb8cb0ea49075afcc004"
"1238","benign","reference_001238.png","4","Benign","1","3925","d3bb2964c67dd4367ba1789548cd642b47adaf6bac63365d85c368c84e05f21e"
"1239","benign","reference_001239.png","4","Benign","1","4061","3bd7dabecc64ae978539389050378dd74a0937605a3430165c6df430d39c4b9c"
"1240","benign","reference_001240.png","4","Benign","3","5982","229966318ed1eac8774166a596480b8069ee75c3db91fb8c3987e5843f84a057"
"1241","benign","reference_001241.png","4","Benign","1","3668","f2f7c3445cec677ee2c8b0ebd421723ccb1c431a475cfabffb8fe1db0f2c79aa"
"1242","benign","reference_001242.png","4","Benign","1","4797","3c85c6703aa9ac4a5cbf42839be1df222f87200a124b92905b736f29e28fcac8"
"1243","benign","reference_001243.png","4","Benign","3","3624","b834a8ed2a1db5d5141465cd60ae7dbccc78183a5b46767a7d432fa1b6928e7e"
"1244","benign","reference_001244.png","4","Benign","3","4788","7f616a8d7dd7fdf5fae81d479d50e2365d995fd3fd1e1e93105a3eb635409459"
"1245","benign","reference_001245.png","4","Benign","3","4824","a7420cc89c41a83d608f5a347eaa998a40a80fe2f001154ab1b9ba649ff9992f"
"1246","benign","reference_001246.png","4","Benign","3","9566","e91672ab97d1d74f69cf2ddcbda0f89d25945a6c86a595a11bdd099451769357"
"1247","benign","reference_001247.png","4","Benign","8","7116","3bdc316cdb41d54b29b5e47bc932db7cf976fa2fd151f9a1b724b09ee1be2fe6"
"1248","benign","reference_001248.png","4","Benign","1","3616","9ed5e1df1f87843deac4791022ac31d36ba7288fff319a05d4e53f779a529bc4"
"1249","benign","reference_001249.png","4","Benign","3","4074","a6419708a99ad05ea1463ef83f93c12911c855aa6d64247123c92c88f2589868"
"1250","benign","reference_001250.png","4","Benign","1","4206","bd3a8e76274abea5d184ff8384203afbd754446da0fa0fb8bd50aac5b857478f"
"1251","benign","reference_001251.png","4","Benign","1","3917","086c14c3b2a5bf2da897358120a7584247413642cdf41e8f052e45e445897c77"
"1252","benign","reference_001252.png","4","Benign","3","4802","8e5ba50cdcb328ad7c51964810fca473b0ba159993cc670d4c99648d1ef74b58"
"1253","benign","reference_001253.png","4","Benign","1","3686","1ad5f4c03a9dfd2f88eeab8f505a186c330603bb4ed021196c0b342340a3325b"
"1254","benign","reference_001254.png","4","Benign","3","3728","7dc27fb83f818f301d0e9ebbc290cf899706db826e358123c0f9093d291c5da8"
"1255","benign","reference_001255.png","4","Benign","1","6763","0ccaf332406aa5e8eb1b33098f9e895e964fc8bfc2002d0d4ce9aa5f34edadc2"
"1256","benign","reference_001256.png","4","Benign","3","6822","53e212423e1c5e009cdaade8a576a1d5c3ff144504b1e9254899fe90d9de27a7"
"1257","benign","reference_001257.png","4","Benign","3","10450","9aa24392ffdba63e7ed7d97cb492bb33029223e47d99f381203ddd4d070c0ccc"
"1258","benign","reference_001258.png","4","Benign","3","6911","bf23ec3ad17dade4f687160e171b363c1fec5e5d09c506621f7d53023c9cfebe"
"1259","benign","reference_001259.png","4","Benign","3","6037","4280c93c6cb3160e9609d3d1896331d16c6abb758dfad56e5dd66c9f0f499ec1"
"1260","benign","reference_001260.png","4","Benign","3","9927","27302211cd379f18193af345b9c5e771b941e2ae6b11360ed177d14802f0035f"
"1261","benign","reference_001261.png","4","Benign","3","8735","286ad90ccc2239c0cdd401dad5d08adb46c196dd21960b910123d673d0c8a598"
"1262","benign","reference_001262.png","4","Benign","3","9526","3335ff310951939483c822eeaf8c0966468b9e33d757f85c37599ea3b0f57efb"
"1263","benign","reference_001263.png","4","Benign","3","8890","c4b9e74ad6419d3c0dd151b3a11cc85c8666eef273a9c82653256d8bdc5feeaa"
"1264","benign","reference_001264.png","4","Benign","1","6000","087e57cfb876e921ef4f58d7a88c59057bd13bee95f71d8e2c76c7f2c7487f73"
"1265","benign","reference_001265.png","4","Benign","3","5752","3435c8f1dc462c26e0689dacba2eb78b18912a724e41ded7bbc057d0c16a47f3"
"1266","benign","reference_001266.png","4","Benign","3","9268","e0ef3cbbb6e3bfb211602e6df218589d1400228c62510d46704bfdca7103ab6d"
"1267","benign","reference_001267.png","4","Benign","3","10039","86c77e14740b5a01adb457442a0155283dac2cfac43eb8edf754ad02feafb7bb"
"1268","benign","reference_001268.png","4","Benign","1","5954","75400b287e94e3db2d0a5514d54d694e301b6df3d652c0d84ddc36fc64ddf29b"
"1269","benign","reference_001269.png","4","Benign","3","8719","6e6039d6d32dae8e22ac0c356c3be49d42c1588d7f6a4c92a0d8dbba7a3869c0"
"1270","benign","reference_001270.png","4","Benign","1","3618","86770e606cc1ae9433a26c0b52f22b41a8926c6ff1b7de4e2c65fb03b6eb190c"
"1271","benign","reference_001271.png","4","Benign","3","9252","990414f4b1f2d58028e6353afe9a5fa090c7e9ac6201d0ed12216ee1d36c8586"
"1272","benign","reference_001272.png","4","Benign","3","7385","8bd851d945bfb7d618e4936689506789c6336d806cd17a9d9571a122fcd38734"
"1273","benign","reference_001273.png","4","Benign","3","7267","bc891e977616d643d3fa53058de973f5bca6ebb5b3bb2d5b31465891bb5d53d9"
"1274","benign","reference_001274.png","4","Benign","3","11038","d26d1761f46296411c40822c070da18a2e7f979d119d310ea8ea57db25ec4fb0"
"1275","benign","reference_001275.png","4","Benign","3","6986","dad3b5eaa06d2f18b3e5bc665bbbf6912ae69589a764a78b817d6965bca2e1ab"
"1276","benign","reference_001276.png","4","Benign","3","5970","19cc427b27513963e4771c2850c1b547ff62d89ab5949d0b279226e9f7382e98"
"1277","benign","reference_001277.png","4","Benign","3","9864","06501d1da51c05155256980750eb804b152f8cb99aa742ed9e78ee402e156981"
"1278","benign","reference_001278.png","4","Benign","1","5996","35a5fce9a32c453a1eb2b565a702da1f93a1c9259039dc99969128acfc7054cd"
"1279","benign","reference_001279.png","4","Benign","3","6806","84a9b542eebcecbd86e65cff5a2f4f8ac9d89465745ab7ae47b296020d0f8245"
"1280","benign","reference_001280.png","4","Benign","3","9916","d38f28cc2a2826a0374ca89230576c58ca16f63d4253b6086b0100833c52b7cd"
"1281","benign","reference_001281.png","4","Benign","3","7075","52201bf5c0915515990bbdccfc7846ed42cb2a3d54db2ec4a477d7a8f2d06336"
"1282","benign","reference_001282.png","4","Benign","1","7878","5b418bdb55af72b20e00cc3ace922a498753f4d015d6475c8b483f638da81ee7"
"1283","benign","reference_001283.png","4","Benign","1","4063","3d1386b841b634be3cc02ea2593b07e59d52bf7989fa3fef629649244941ff41"
"1284","benign","reference_001284.png","4","Benign","3","9687","ce5dfbdbf15a36dc02e97a6c34f1bc7f0038bd09c8b1b71125913dc40656d3c9"
"1285","benign","reference_001285.png","4","Benign","1","8528","3ed3b93f3c147da9027f80c11287ad188955c88423e44fe62c23f52b5917385a"
"1286","benign","reference_001286.png","4","Benign","3","8713","0db3d52495eddd5b5a06b3f23b2d89e37d00594884751d580e0e06907f319a78"
"1287","benign","reference_001287.png","4","Benign","3","9465","9913bde0dbbaf0aeccab4ef911a078aa6ba3c0e6b6df599e80988282a4046c38"
"1288","benign","reference_001288.png","4","Benign","3","11557","d9415cda06c2ff2d4cde37d5a10a2b254e9514058297c83793f3be375f6a7421"
"1289","benign","reference_001289.png","4","Benign","3","8976","25b4eba5b3e04f38d7ea68b6a7b306fa48a690faf7716138874c056720d8d43c"
"1290","benign","reference_001290.png","4","Benign","3","6753","d78832356f00992a1b708355e2c424ec3e7e91daeedcbf2c4b776fb9b23b814c"
"1291","benign","reference_001291.png","4","Benign","3","10492","b7bd10b77a246ea78c8c81c996c44e5b65f2a8457467f8cd2e44e47f95486539"
"1292","benign","reference_001292.png","4","Benign","3","10316","24acc4cf79d2b95442b9be5392e742fd7049a2e733712b4f035a0adfadbe5adb"
"1293","benign","reference_001293.png","4","Benign","3","7660","ae5663d3678d6c100f71b39d028e29d8db82f2cad51cf7a7a4dd623dcc193e97"
"1294","benign","reference_001294.png","4","Benign","3","6011","320784ee950532dc659babe0ced22996fb753b93a242cd5d3701f420dd337c67"
"1295","benign","reference_001295.png","4","Benign","1","4184","ae51924e804cb73238b4fd925ffb00fb8e419c9255828db53d50925813271f41"
"1296","benign","reference_001296.png","4","Benign","1","4205","2e1d1d64f6ee5d02aa96b7943759eb8b35fe089f64abe4bf3462c3f63b6f4683"
"1297","benign","reference_001297.png","4","Benign","1","7197","4cf22a85ea81849c29e046fd73205d0ac43d3c438f2ad764e225bf9f18ecd0a2"
"1298","benign","reference_001298.png","4","Benign","3","4214","21f48559b81dfdee0779af7eb5557083187a3d2359f3fdb2bbbb3addda815ba3"
"1299","benign","reference_001299.png","4","Benign","1","7354","26b9a277044603185eac7e296c916d93c1aa9edcf39fd2a78397f2d107df551d"
"1300","benign","reference_001300.png","4","Benign","3","6001","5c2225a2888a5944e07e2faf763879b52762a02bf2e2b044ae2582f3609040cb"
"1301","benign","reference_001301.png","4","Benign","3","8849","893683bddf3bdf0f702506d3d712e8cd8049d2686efbc944d9799179f8bbaf3d"
"1302","benign","reference_001302.png","4","Benign","3","5961","705453afd047179fb15ec00bfadd94395ec863fb6bd688aa33074bce31749809"
"1303","benign","reference_001303.png","4","Benign","3","6675","54b1cf242efde666dd81741b300cb9d237cd004c3a4e6cb6844a3237f499a685"
"1304","benign","reference_001304.png","4","Benign","3","10310","d38d7e22c1777caf80f0c24b07e332054bf6eab66213d07b77c44489583682a3"
"1305","benign","reference_001305.png","4","Benign","1","4080","5820eb2786d9d7e0b6a8139d740d6d1c37d448a0106bc24a234ee6cbd5e4c34f"
"1306","benign","reference_001306.png","4","Benign","3","9295","08e99794908e752aafc5c4717eb1dc566f009bb5a41313ce1ac4927dc5bfbb3a"
"1307","benign","reference_001307.png","4","Benign","1","7590","ec664dc5d060f645a6e1f421f8b1694019aacf42a8629fba2a480086712041a9"
"1308","benign","reference_001308.png","4","Benign","1","7938","214e81b75219b9a49c65d716750d159b454faa0e6ac14a8300a442fc860f38e6"
"1309","benign","reference_001309.png","4","Benign","3","7355","9a862f2e10a74047b748a2c59172d2cabd7f8b1739ed3c0bac8e1e8de831f7ee"
"1310","benign","reference_001310.png","4","Benign","3","9068","70b0b444c95ed7f78cebd5841b29fd679d857ed9acf945d93529b560c1dd1602"
"1311","benign","reference_001311.png","4","Benign","3","8616","845c6270eb84052d7a615d8a0b3292d2286490b421239f8c11054769991daa9c"
"1312","benign","reference_001312.png","4","Benign","3","7670","2259ae238a8bfca78d92849208c8da87985bd922f5cfa830e1e8e532636bf553"
"1313","benign","reference_001313.png","4","Benign","1","7586","6abb7932fa34265d16159bc64f3cbb5aa598daefe0d2a7a17019e0c07775348c"
"1314","benign","reference_001314.png","4","Benign","1","7136","7d45c71ad0aedabb6d0f05bf66812e7f264f69c4c3bac34040303dbd4fe2dc79"
"1315","benign","reference_001315.png","4","Benign","3","7087","4e828c11922341f0daad96fce764af7d13c949fa0a4d60f507731bd0e87f3b75"
"1316","benign","reference_001316.png","4","Benign","3","7678","6e25ed0c81d442ad73b8e2bbcefab33618d973bfd8318d113cd277e3b2e08b16"
"1317","benign","reference_001317.png","4","Benign","1","4109","ab3caaedb6aec82be6c4790452b4ce81f9c2597cee9977b572b82244f448d1a4"
"1318","benign","reference_001318.png","4","Benign","3","7787","e2bc56a099a33a27ceb28dd7174452ac42e5bd53898172a6cb762d5604c0e94a"
"1319","benign","reference_001319.png","4","Benign","1","4798","787e9cb1669a6b91fd95b9b8ce4463b78cbb5262ba78978697c269cb7d561422"
"1320","benign","reference_001320.png","4","Benign","3","9733","39c00fd98168bbd984446ea50c44669f282485e94fc22a95056f39c84cda242c"
"1321","benign","reference_001321.png","4","Benign","1","7360","505463b62956f26a962f001c8d974bf407d00ec05f874495a7d851581702ff56"
"1322","benign","reference_001322.png","4","Benign","3","6034","66ea71f951ef63802cfd38e92c914638ddfa6dfa6bc38e3d4472c1d654999d57"
"1323","benign","reference_001323.png","4","Benign","1","8391","107cb63887e09d7a112b6474345744bcfb37d60ccf1979bef6e9811a25e20946"
"1324","benign","reference_001324.png","4","Benign","3","7863","bf8c1a7c4ce7a22e0963529796ca9978bcef40707afe6e5fff7fd2270e77def1"
"1325","benign","reference_001325.png","4","Benign","3","8905","6f9f2d8d0fc74ec7090e6d4edbe75b8f30d0e6d7bb9caf9521a423c981ea1f95"
"1326","benign","reference_001326.png","4","Benign","1","7123","52ae008aa74c90f286c944da32da5840f149887ca5db53cd07220a64e5544445"
"1327","benign","reference_001327.png","4","Benign","3","8634","2c9ed175f620598b8cee9371b9db8b2e480d50bf4f08f77b8fe6e9c165afd4cb"
"1328","benign","reference_001328.png","4","Benign","1","8999","d95a3adfc983928eef7b35d74637d1c2796ab50a97fdcbff7d0f1f9065b14726"
"1329","benign","reference_001329.png","4","Benign","1","6670","ec2f1bd73ad78fec0f0b8c6fbd4dbcd99300e3a1b7050f455220af0a9da132df"
"1330","benign","reference_001330.png","4","Benign","3","10996","db5a34f65711b1299e7e4d7fe517c6b2d78da881efcc75b5a1f6fc7917be74df"
"1331","benign","reference_001331.png","4","Benign","1","4049","4d2a30ec2fe930c91d3ae3a1776b7dca24b7c860457ad7c3391023d6af016d96"
"1332","benign","reference_001332.png","4","Benign","1","7046","ff843492371eb8a300b7837b7d89ec9869c27bedc3c1bdd90b2cf669646b0a6e"
"1333","benign","reference_001333.png","4","Benign","1","6043","e9fb6e48c0daf78ba91f461acf09f9cbb193de6acef0adb2afd974e729fa8684"
"1334","benign","reference_001334.png","4","Benign","3","7954","256a98ade85b08ddeb7f53a4095bb27a82412af190c9f78851f1e9a9f2700c87"
"1335","benign","reference_001335.png","4","Benign","3","10728","cf52c9dbbc9e7bf9dd9a03e890e666031db1ec8b8961369cad470791d299efe4"
"1336","benign","reference_001336.png","4","Benign","3","4792","94bff2eae5f4e23e2abffd2512f76ac1d31e91f463d5cc96c9bc2148364e529e"
"1337","benign","reference_001337.png","4","Benign","1","7049","3a08845fe32e96dcaed71eee9ef50465176989511fd1d14934cf4a5374884290"
"1338","benign","reference_001338.png","4","Benign","3","4826","144ed0dc248ce263e85141c357531b9793ccc83219151cba1ff9f0e9692826f1"
"1339","benign","reference_001339.png","4","Benign","1","8706","5b8bc106d37593ba73cc08feb3183995fa2fe1e0049a2a063c8cd0b508a206e3"
"1340","benign","reference_001340.png","4","Benign","3","9263","2e4abf9a023fdbb4f3e8eadc7422ba78530239f281f393ca5986e7504ed26a86"
"1341","benign","reference_001341.png","4","Benign","1","3917","e4677dc88e7247c7475d460ac77a36452ca1b33fd7aac01ac07e6baa734a6842"
"1342","benign","reference_001342.png","4","Benign","3","9635","9f6f9cf9d26da6fbe351f81d52cefd23614f81c94f5c702fa139bdce02c81ba0"
"1343","benign","reference_001343.png","4","Benign","3","7578","e82289898862be526837f5516805c2a67e38358b0058ce629cf2501256ee0796"
"1344","benign","reference_001344.png","4","Benign","3","8402","dccae11edee85b7bc75a460fe1437535711ac3a837942bfaf9497c7c7208ed88"
"1345","benign","reference_001345.png","4","Benign","1","8607","dd9df7e36e6ccdf70b3a66ec73a04d4b8587ac23fcc2e5a6a5bb3430eba2371f"
"1346","benign","reference_001346.png","4","Benign","1","7434","7495af0c421bef4a18ac5a274c1b852755b307b355143df2419a9eb9fe7bbffc"
"1347","benign","reference_001347.png","4","Benign","3","8610","22c23469b44f4220836b51bce135f15f7f9d5fd21b411b953ec825297ddea02b"
"1348","benign","reference_001348.png","4","Benign","1","3665","73d8cd79acbaa2f5cf7c11f1de63b570856c1b072619ba9e99f438086c033b17"
"1349","benign","reference_001349.png","4","Benign","3","7830","1057a911556e485d5662203b9f9a73cae906d35f1ab9472b6d430c34ef4e707b"
"1350","benign","reference_001350.png","4","Benign","3","3682","dbdb61bcb51ab955056c973c3339ef3ae2bde7dcab27c1d9b42a42721099fd7f"
"1351","benign","reference_001351.png","4","Benign","3","6052","c8ffbb20132950c740360f3990259225a0f9daa0ff1b68b05c2ac3d20fa37e38"
"1352","benign","reference_001352.png","4","Benign","3","7725","c7aa3f945b9ab1616d24457d0d9f53f9cd62da1a42ba90cd62af1d037e441bfa"
"1353","benign","reference_001353.png","4","Benign","3","7102","8e2478ffac1ed5c9bd0ee63e27f36fd37c7c91ecbdc161f8f47c7cd620872602"
"1354","benign","reference_001354.png","4","Benign","3","9433","8116bd2d826ba1fa4905d44a70d3d92ad542a568fcd146ed5d07d2ea6260e19b"
"1355","benign","reference_001355.png","4","Benign","1","6699","481897d727d6b13ce54a667c8d186ba9b7fb39a2b6303b874e9ad8dae8cd3c6a"
"1356","benign","reference_001356.png","4","Benign","1","4197","fd8ec5631ca953a977ac369e681e46782a0bf786fbbb20a6535cd25a724daeaa"
"1357","benign","reference_001357.png","4","Benign","3","3618","23b27cd1be37fa57687198d17d425e3d65eb10b92e7d4f960fef8e1de9fc2af5"
"1358","benign","reference_001358.png","4","Benign","1","7832","9186a0bad67c47ea10ba8e37f318c76c979ca28bf7a7b21ed59b0c38fa0bb994"
"1359","benign","reference_001359.png","4","Benign","1","5750","0c3cae6f2f3dada86949477db54f5c5a00cd4d0b19914244b2716767bf0154c7"
"1360","benign","reference_001360.png","4","Benign","1","6738","bf0443951312f46f2c4a33546a317b9da8bfb8ec6e29f56681b1213561b9556b"
"1361","benign","reference_001361.png","4","Benign","3","5973","f9297fa0d698773e18dbafe1e7e7886fd697c929848da3a73e06e7175c23dce6"
"1362","benign","reference_001362.png","4","Benign","1","4789","58d8856dc36c0a5bc1e54d172026d347531f2ae6f0ec5bf8a524566572a5d9fe"
"1363","benign","reference_001363.png","4","Benign","1","4701","2e0a28807cdfdb1ac284ba03488aac861968294d0398c666e8f95f87eca0684a"
"1364","benign","reference_001364.png","4","Benign","1","7084","722fb837e1cac07ff9c79d75f58804f6e475453a42996c78d15bd19b7b1408e0"
"1365","benign","reference_001365.png","4","Benign","1","4801","3878f0ac5af1e9a49844203805925d38d6d3b44e78612611d46ed19ad48a0ccd"
"1366","benign","reference_001366.png","4","Benign","1","3638","450716037e438a79e4f1c69d8468e49f9e7abd80e24a80fbec89b112e1cf81c1"
"1367","benign","reference_001367.png","4","Benign","3","7049","75924f6d5f8c409519fdae38bb4bee05ff2d48b7d99a0a951d90b3d3de0aa9d7"
"1368","benign","reference_001368.png","4","Benign","1","6799","a0c332a2b887a9b247b1890d720a98902853ede65ad7c403f611dbe094c65044"
"1369","benign","reference_001369.png","4","Benign","1","8412","4c78f1e4bc0983484af7f7505f5a5e56d40d03078bc7663d5028006a364a5917"
"1370","benign","reference_001370.png","4","Benign","1","5712","221f21f8d4188d136cde607bb86a009ab2b95b69eea98d45b798b090863d2e97"
"1371","benign","reference_001371.png","4","Benign","1","7756","9a0db91fa5bab241fb5136632f0f560651bc5aae3223b648d95562af88ad4f89"
"1372","benign","reference_001372.png","4","Benign","1","5734","612f45e9a7f0e1ab45a71ef3aaedcb9383a9d029ecfdef4ae53ac8a461db9e47"
"1373","benign","reference_001373.png","4","Benign","1","3638","e8ea7c4e5130946bbffe421912f98c877239dc02186ab08c37f4aacf80112e6e"
"1374","benign","reference_001374.png","4","Benign","1","4849","d04a6e220e3358197930c5e557f1201f132c4734ac6e1278ad959b166244180b"
"1375","benign","reference_001375.png","4","Benign","6","9287","9ef12644a4812569bf8b533f1e7e97c60db1103813c46ad3053982dc334e912e"
"1376","benign","reference_001376.png","4","Benign","8","4200","a86eb7885df3b3047e64d16b533934ace2f9477b1a729356c7085f3493b26467"
"1377","benign","reference_001377.png","4","Benign","1","6016","6529a65407dee5fbde97d5f6a7bb78f9b8f6c30c9af5b5443b6046f866c567b2"
"1378","benign","reference_001378.png","4","Benign","1","4845","ac1912a1de07c14cbc0bef80935506b5f862460c00631dc121545dab0d798a42"
"1379","benign","reference_001379.png","4","Benign","1","3929","5e230a4b1f84f7a0a38ec2e04c36dabc1fb6c0f389e86f1419444554afac6714"
"1380","benign","reference_001380.png","4","Benign","1","4822","c7a6a055b505f16e4ae587dc4e1454c2bc07a8c426288a9ca6c178149b8c9a7e"
"1381","benign","reference_001381.png","4","Benign","1","4181","a60c78abff0e1910c04c6b258454cb8b7ad690085a3b2e3649517cf0b3031183"
"1382","benign","reference_001382.png","4","Benign","1","3912","8cdc433136a02ed2fb39027f56b44619342809acf1a4c88e4c056fa1b9b7aa5c"
"1383","benign","reference_001383.png","4","Benign","1","5956","58405f3653d180744e9012511d3e6b3c2c482918357a28c0a8eb7b0b933641fd"
"1384","benign","reference_001384.png","4","Benign","1","7175","5f1f69f09afe03a22ba9752024268eecb1dfa1d369564aa7746352c503377d89"
"1385","benign","reference_001385.png","4","Benign","1","6006","8f32b759a6b5356eb74d69ac2bcea4eae3e0bd3463e1fedfd7f7a3915007b6c6"
"1386","benign","reference_001386.png","4","Benign","1","5952","05d7b20c663ab751317e1c6a7ac1895a23bb7dc213f3d088d93ac3403a4ff7aa"
"1387","benign","reference_001387.png","4","Benign","1","4216","fefcf1ed429b9c05b2e95be214b33a51cb3cbaede6ef20cbb08abf8fffd1cdce"
"1388","benign","reference_001388.png","4","Benign","8","19513","a816e5569e65dddac1dad5bd20f5ef79a377849a53550c063e77e9ee7d423d71"
"1389","benign","reference_001389.png","4","Benign","1","4823","75bc2b923ad011ee2666df3c4f49b89720e77d4e0c4a1931255599b812468939"
"1390","benign","reference_001390.png","4","Benign","3","4026","bd2e2e129b5b61daabe476f96fd13b1e8638d4afed77c62400a8b39423540d8c"
"1391","benign","reference_001391.png","4","Benign","1","7362","3dc62a9027800ec6c9b66366a243ef879fba35a77e56bcae684332fb036b2ab7"
"1392","benign","reference_001392.png","4","Benign","3","3914","ce62e48246f14add3d7ebb17eb26004ef79c0657d2765a751188ea04716ace20"
"1393","benign","reference_001393.png","4","Benign","1","5726","890947d1b4067121f202839ae7cf906eff1eecf06b4632db46d65d5fd0cdb020"
"1394","benign","reference_001394.png","4","Benign","1","6747","197a1c419f88e1fefafa64057210b930638b291cabf370315862576e4dae5c1b"
"1395","benign","reference_001395.png","4","Benign","1","4789","fcca7993401783a28a3d39cf37743c9c380d2180c0c5ca6066807de88501d08d"
"1396","benign","reference_001396.png","4","Benign","1","5988","c3631e2b76e791bd25b6ec204d8ece34f73d5c33a09fd4d1314bd853b917b154"
"1397","benign","reference_001397.png","4","Benign","1","4210","520f098e9e962546e8ef7d3323a72efe53c305027fba58774bfab2ae69099a90"
"1398","benign","reference_001398.png","4","Benign","1","5766","0a310408b9b183e49f2e12f9d2edb2e3632f66994eaabddd6490f5e70fb33442"
"1399","benign","reference_001399.png","4","Benign","1","3929","7ed30931ab789f1b9c7dfb58428d75e312cbacf03f31b2de3ffe753edc1b4c9c"
"1400","benign","reference_001400.png","4","Benign","1","7390","69b45f2e0ed0027d5d4b0ca3299f0505724a0ac620da569d91822c6cce7147ed"
"1401","benign","reference_001401.png","4","Benign","3","7297","643908898c37152189b9af28f5a319f22e48d2c42b1805a0398c9e965f3b8d81"
"1402","benign","reference_001402.png","4","Benign","3","7165","1400faf2962a68b4033c349b6b333bf9de0dfc3e446614b982f49ecc0edd1637"
"1403","benign","reference_001403.png","4","Benign","3","8363","2e9903aa75568a753c7b0b738970f5dca7b7ef283a663047af8f391087a90a46"
"1404","benign","reference_001404.png","4","Benign","1","3913","40330c20312fca94ae63bfd5c50b09f167d7a97e806378056af02db8aabaadfc"
"1405","benign","reference_001405.png","4","Benign","1","4843","8f634fd1aed5f6aad1ea50dd408213d8259a73370584909fa1b1a5017ccea6dd"
"1406","benign","reference_001406.png","4","Benign","1","5752","be6911fdd043e4e803d57b482b0b6a9b1dc6a7f7775e21e1893c299d0cf7fc35"
"1407","benign","reference_001407.png","4","Benign","1","3916","8a062903d11200953839608591fb90ec19f89e9ac129022716e509a9020d829b"
"1408","benign","reference_001408.png","4","Benign","1","5745","08039911ad2af7d829f50540be1429bb2b56d116436923831df4bd5af7a0ed08"
"1409","benign","reference_001409.png","4","Benign","1","5913","848fd594147436405c11b64a4f8af546478b95a5b554155f6af1d997f49c9556"
"1410","benign","reference_001410.png","4","Benign","1","6762","3e7a301cb4bc1a6ef6ef8709f6c8f70b15f81c84204647e390d96460e9cf40ce"
"1411","benign","reference_001411.png","4","Benign","1","3657","731c39201694a9da720b2c56fac6cb1ebea59398033cb0a6284f9f01dc196063"
"1412","benign","reference_001412.png","4","Benign","1","6846","37449911bd0e69ab8be9d1d50447e7eb3465109094939950729ce22dc9764086"
"1413","benign","reference_001413.png","4","Benign","1","3641","bfb79cc2d2b34244ae63f1ca1f8d3cf3507157fadfacfe985bf3f86080a5b795"
"1414","benign","reference_001414.png","4","Benign","1","5720","ac954f59892e11210fe34c073973adfdc0a3c8e9d5b5418250f0c4dea27e84e4"
"1415","benign","reference_001415.png","4","Benign","3","10602","ac2c560573f12f6d0dc5c2e4cb24ffd730fef5ea27b728b21e5c2debbaf80476"
"1416","benign","reference_001416.png","4","Benign","3","3693","3bea0c0b191d68b2200a492a7cb4facae57ea46dda59b1699145d652f63234de"
"1417","benign","reference_001417.png","4","Benign","1","3685","30e40182a5c5e8d320f2afcedf4a6e2c27141c7bad6ee443b1856de259256ca5"
"1418","benign","reference_001418.png","4","Benign","1","3916","9d3e18a4a0029414f0126070caa3888f6cb839244971eecbfdd06a3f892afa11"
"1419","benign","reference_001419.png","4","Benign","1","4192","08e62302002f0e88cc11e7a4d4a1f4935ff696c1e09476daf8103da4c941ee03"
"1420","benign","reference_001420.png","4","Benign","1","3674","0c35c49b1574f1a74ffed6c685b612204fa5c044c53190c00bb0c638329dedf3"
"1421","benign","reference_001421.png","4","Benign","1","9911","4a93cad8a2071d1a77c996855c4047a46970ed4cd1d03348ad2e8b862b91b2bd"
"1422","benign","reference_001422.png","4","Benign","6","12348","bf556c728fa49a435630d1cb1974cda6dd6eb790f3f1dbe2cb5964bb71d45cb2"
"1423","benign","reference_001423.png","4","Benign","1","5738","948de57d67a93612ca2716c6a91733142651e8415261f1f796d3e72643d33946"
"1424","benign","reference_001424.png","4","Benign","1","3667","d28406ceb02548f87acf2f8eb041648de605de6b74569cbba5fdac163fea47b7"
"1425","benign","reference_001425.png","4","Benign","1","5958","3a6a9f8f3a33a98334d72fb22440cd6851d5887014121e823ad2bc9ea5e8d9a3"
"1426","benign","reference_001426.png","4","Benign","3","6770","0875157e09793a87f3356734b9a1c1213d4b301ee639d8f34709eedef487f1cb"
"1427","benign","reference_001427.png","4","Benign","1","5731","3909cfbc3363666c40a406ce81e6c0784f514ad627ae4c0682040cf07de0b96f"
"1428","benign","reference_001428.png","4","Benign","3","10481","030c7def51489935c8ee2272be0e61a256e2188252fb0e31f81dcd36ee7f7dbf"
"1429","benign","reference_001429.png","4","Benign","1","4064","0476c291d4b8daf3240dbc7803b3114ce1b4ae618fb6347fe9d8ba90520ae74f"
"1430","benign","reference_001430.png","4","Benign","1","8602","6bdc4a317f5b502011be738aefe68a3e7ad5ca9cbf95649d05847d8771e3e106"
"1431","benign","reference_001431.png","4","Benign","3","6000","294d07c8a8c13a2c5ab569d5f2f82293d05ff11236201f2c6dd0c43d2fba0670"
"1432","benign","reference_001432.png","4","Benign","1","5922","914faacafc550579eccbfa30af231ac863bf8c198530792c7383999358c66cce"
"1433","benign","reference_001433.png","4","Benign","1","4816","2b7f7c4ad0ca847b49bf4761a042f416a507f397c12a338da6f2dcf707cf0402"
"1434","benign","reference_001434.png","4","Benign","1","4801","b55f3c53f521be0138545f63c87d18d009b0499de214676af066c34a6ff08fbe"
"1435","benign","reference_001435.png","4","Benign","1","4802","e813dde15bef5df4b3d611209d5a6d8f681d0765ef785de8097b56d746d1b62a"
"1436","benign","reference_001436.png","4","Benign","1","7594","4b62d0622863011741a3243a4210e4929c2b4652d68d23dfb6cdc5ecf4c47aca"
"1437","benign","reference_001437.png","4","Benign","1","6044","2d3c13dde5e4617bd1e06f8225adf042704437e623f7cfbd14c27aa1c21a61af"
"1438","benign","reference_001438.png","4","Benign","1","4837","bb596b78972480fa6ae103c1cdfb5db3bf0812f605f753f21015e479086ffbd9"
"1439","benign","reference_001439.png","4","Benign","1","3694","bf8ac71d5e3bb8b54e3d11b241ae2b03af3e34868a78aa45642fb9ee7f53936b"
"1440","benign","reference_001440.png","4","Benign","1","5992","d31d76804a11c208a130fc77412895febb003dab5dab04600faaad23d7926706"
"1441","benign","reference_001441.png","4","Benign","1","6915","acd4ec1cca476af5df50cee0fe88841d6d3a6359dbdfe7523852e342903ba722"
"1442","benign","reference_001442.png","4","Benign","3","6759","9d3d0d89f627a35e1ff2bfd31e9acb4b48bbe6667cdeece40f41166e1bbd8eb4"
"1443","benign","reference_001443.png","4","Benign","1","3697","a7ee38f22c665b5a15ad9baf45a347c1dc2b40c21aa14374c704781d3f7ffb93"
"1444","benign","reference_001444.png","4","Benign","1","6763","24fdc9615ca03eed9195fc6495ee78c0dea6bd56c681b59bc15ecb7d23b6e74d"
"1445","benign","reference_001445.png","4","Benign","1","4821","fba4cdd59ab20d47fd8b87075f656d9d48ebf2a125c7e1345f11b0e8d5c16ad4"
"1446","benign","reference_001446.png","4","Benign","3","9066","a3f12b912477ddba0cf15d37fe9d08d20c5e43565fb89a0c35dcb2f0a458e451"
"1447","benign","reference_001447.png","4","Benign","3","6754","e99294f3f229129d807cc58da25570a27112881a7491d9b5a4eee3796b9a57ed"
"1448","benign","reference_001448.png","4","Benign","1","3628","41f86a6c9567e6fda87def641de12fc71cf75d46639753f078905c00274d21a4"
"1449","benign","reference_001449.png","4","Benign","1","4220","2c0cb9e395d628c0d28f55e142323975b2b2470a92dac42d1def7e4a3d082f5c"
"1450","benign","reference_001450.png","4","Benign","3","4186","d22c56e86a32de4696785cf1f8c7f0c280dff7dbc01def6dade6353bd1e9ceda"
"1451","benign","reference_001451.png","4","Benign","1","8679","d5544d9ce7794e3cfa5a0d7ed3b58dbed3ce4b89c265cd9591c22d7120e3bd3e"
"1452","benign","reference_001452.png","4","Benign","1","7787","6f6120ecd98ed4db5b71fba02d07bfdd932dcfb17502ac331738d709ba0f10a5"
"1453","benign","reference_001453.png","4","Benign","3","12226","5ddf9388515d60a43b7f134f4272588854f13374968970fac238f7e1a9ce47c8"
"1454","benign","reference_001454.png","4","Benign","1","3855","dddaec7355e7e8660a0eedfb4c5898d2d0289e3576f52a25cf8115793c1bc5fa"
"1455","benign","reference_001455.png","4","Benign","1","4782","1db0e1db90507db42b11c108f021031867a78c9e3314522ba9d7fa38080e56c8"
"1456","benign","reference_001456.png","4","Benign","1","3930","6c2032141a72089d571658d6452cb380307bb6ce9d4026dbc849049fda475bc3"
"1457","benign","reference_001457.png","4","Benign","1","4541","cb5dfbab71e184de6f43b96c253f8e8a0f641afeb6559bdc36a38b30bd7d0bc2"
"1458","benign","reference_001458.png","4","Benign","1","3664","8a6910427945d7e5f782b11a31e9babf1a5c51d2c497d8e8fd31b71ccc035dff"
"1459","benign","reference_001459.png","4","Benign","5","4854","78f644bf1ff8a9018d1defa9b022cbcda846c03b19fb6374f6a3e6129d3a97af"
"1460","benign","reference_001460.png","4","Benign","1","4191","7a7f35c629fbea7b2d6ea64eccda1fbdb705cf5884d18d8acacd2bf33a136a03"
"1461","benign","reference_001461.png","4","Benign","5","5064","c1597ab56a2f54679a2fb3a040bbb6da6107725c2cffdfef5c9b0c5068b4d93b"
"1462","benign","reference_001462.png","4","Benign","5","4497","c0d1d5045b570ec1ea783fa7057168b22fdaebb52eee80ddf1fb79018f00d8f3"
"1463","benign","reference_001463.png","4","Benign","1","3676","2dfbd74835bdd4801cefbb76eb6622954bfd9072161aca62c4d968ac5186bf3d"
"1464","benign","reference_001464.png","4","Benign","3","5732","1b950d150c12e89f2a64fb69691f27a93b367b7825f38332666da95e5743c5df"
"1465","benign","reference_001465.png","4","Benign","3","3921","6555d4703b4e78655eae5b76eda01f4136900dfe143333bda2d5cefd52c28ee7"
"1466","benign","reference_001466.png","4","Benign","5","5057","cf11135d8622c58c589b5f701614df698467a5840c55f1342bffcda560568682"
"1467","benign","reference_001467.png","4","Benign","5","3785","b23f1bcc76b9d7eafffa6074170b2085019d497caf59030909c004c1ba7ea310"
"1468","benign","reference_001468.png","4","Benign","3","3700","5b7a28bc48b200226eab5e7b0497d8632594197998ef3a30ce0083668288cc7f"
"1469","benign","reference_001469.png","4","Benign","1","4187","c2817632fbfe2597075e18c4d59c84f6c7e400f45ac3f1de924f4aad7ee83f06"
"1470","benign","reference_001470.png","4","Benign","1","3622","995689e433a0e37d3a4e74587261d0877ea7b447e4ee184e8397d3d2481ee681"
"1471","benign","reference_001471.png","4","Benign","3","4790","d305989981c28d2fe0d06ebf244e23c1cc8bb9c9adcfc17b3e7f6aa8e08f055b"
"1472","benign","reference_001472.png","4","Benign","3","5984","9ee3525d9f2e5e21e7b2d823a763830a3dee53838f5f2ab59fc7450738b23a92"
"1473","benign","reference_001473.png","4","Benign","5","4236","b590b19a5da23498a3e032e58fe56b859f2c485f82ee87a9ad4833f44951aad3"
"1474","benign","reference_001474.png","4","Benign","3","6263","34c0fa4829d55f02698c9888ab4e9bb7a64c4444f95d4bd1e4119869ead4c58a"
"1475","benign","reference_001475.png","4","Benign","3","11079","4617c2d87b9b0992f1279fcff12e347485604335e28723c484b1cf8a82a65299"
"1476","benign","reference_001476.png","4","Benign","5","4319","8476db1f4665246fd0749fc2c3dfb721286945ec26e57a7f04a2eda4652e745a"
"1477","benign","reference_001477.png","4","Benign","5","4387","04eed0164a8504d958ab5c163f54276f01268cf3fdbe7c2c2fb833ad37c1b870"
"1478","benign","reference_001478.png","4","Benign","1","4205","970895763b026081929144578e513574ed647b0de9e1407b1e6ebf3d39288a92"
"1479","benign","reference_001479.png","4","Benign","3","16975","a31ae486aaba8e10c34de0d2d6fd788f920b60ef6569e302fc633474e9b4d459"
"1480","benign","reference_001480.png","4","Benign","1","3905","028c1509ba11bec6006fe52102ea266e84388fc2ff25aa674fd12e94f1c532c7"
"1481","benign","reference_001481.png","4","Benign","5","4194","03bd172c0aadc92ee87a693d4ea74fdbd2f0e40c9e5c834d474ba140eeb8e151"
"1482","benign","reference_001482.png","4","Benign","5","5620","9908b5a34d13f69526d3a557d1bcb59333bdb1fb6032be4cc0a5c5de82aa02c2"
"1483","benign","reference_001483.png","4","Benign","1","3902","b8c54792ca9a5001147e43fb732436c4a628c8f4d4c5d1fee1c35fa87b273c06"
"1484","benign","reference_001484.png","4","Benign","3","4814","c88d2ee49b22b94a9749231ca1586432d49e566f72dcdd514e67197ca9e45955"
"1485","benign","reference_001485.png","4","Benign","5","3669","8c3cdae93eee9a414c1cef2ea06eb2a9933e149dd2066a3fcc86de4606c2bb0b"
"1486","benign","reference_001486.png","4","Benign","1","4187","68e38a28690ce8a8879cd39ac73bd3fa6e9c7fb1b7122a2c54a6d5a1321e55b5"
"1487","benign","reference_001487.png","4","Benign","1","4202","ac9dcfd32dd9c77b5ceb25f1d27c8938e3da99e8f016d6333622bf3cbdd3249c"
"1488","benign","reference_001488.png","4","Benign","3","5708","0c8904b5ef93cb8b6caef123d6f9cdbc20d96e7e05e6d65d6cecfa6428190729"
"1489","benign","reference_001489.png","4","Benign","3","3724","76048011c7e38486bb6be9443cac7b314be25ebb01be0a7bb211668f0e051db9"
"1490","benign","reference_001490.png","4","Benign","1","3905","d24cfdf93e4e24a66c3cf7951384e6a8acf62e8b5320711e14596ad993dc2594"
"1491","benign","reference_001491.png","4","Benign","1","4793","f84c2dc32491e9e35ce4346aab9c9bb9f2d015782627f867c3604a1d7e1af583"
"1492","benign","reference_001492.png","4","Benign","1","4831","560b0f034d9e17e8a7eb6909308c11ad9233d0e4173895d00899e6634c3d049d"
"1493","benign","reference_001493.png","4","Benign","1","4838","8aada934f27edb132d524d90ad66f3f8b500480190922ab31df37ceb534eae7b"
"1494","benign","reference_001494.png","4","Benign","1","5243","77d1ce87261a75f55b42794206faa529c3966f781afe2c08ee6f0d6fec6820c3"
"1495","benign","reference_001495.png","4","Benign","3","5485","7d1c8315eb80484c680d2a4de3ca004363e5abbfac01c507d30a48b645a8280b"
"1496","benign","reference_001496.png","4","Benign","1","3914","b7f15471d7e4f88f60c39482c43c922d140c8c667a03a80b4e75e4f7a0721960"
"1497","benign","reference_001497.png","4","Benign","1","4077","b2100fe06a44b669df822822eea58e565a966072c2899fcb84552fc936a59785"
"1498","benign","reference_001498.png","4","Benign","8","6007","cad531e194c877be8058eb32e1167e29e8f00c31d345274b11180a5793b62cf7"
"1499","benign","reference_001499.png","4","Benign","8","8397","adaadb02b4546b814200b83074447dd5a2d4ab397e297322fe44407b8f40ed1d"
"1500","benign","reference_001500.png","4","Benign","5","4183","015b332a0c7492d6586b07cfd6d8aec01359badbb6c1078f5b10ff1a8fa461a4"
"1501","benign","reference_001501.png","4","Benign","1","4192","0e472ffb0c17b3e569da3dcdcbcfd7c5828451ac3c4daeb2003971c6c6880f79"
"1502","benign","reference_001502.png","4","Benign","1","4848","c37594d48192fbf132089623d4f40a28c9062fb763c027f9e3b1733870f2262a"
"1503","benign","reference_001503.png","4","Benign","1","4822","7eee6ad1ef4b54099c1093c8ed76314417ff861506b64f5a091b1c2d35450ad3"
"1504","benign","reference_001504.png","4","Benign","5","4206","23bec7650132d82313237fb7bfa20cc187786ff53ac13fbcf053c041702444cf"
"1505","benign","reference_001505.png","4","Benign","1","4208","f719d67d9288ecb10651600f46e324e6cc15c57d3969cbd38486a51a16ad1e0b"
"1506","benign","reference_001506.png","4","Benign","3","8953","f2bbacca5694cdd47b5a688bc675cf47ec3cce7cc3d062441a7392202572cb8b"
"1507","benign","reference_001507.png","4","Benign","3","9163","e196e46a1435a94cc6eb053ed548d00f27a0c490be08619797647182e39e5de1"
"1508","benign","reference_001508.png","4","Benign","3","8914","a3917722db5a76b9d007773d8f2665f76bde8199376a0f9ed7c9e7968b8bfd84"
"1509","benign","reference_001509.png","4","Benign","1","7136","3e5fef3ec3d63497e0e9d079711d600b87e6b0f84787aafc7ea78bdc19945799"
"1510","benign","reference_001510.png","4","Benign","3","6893","d1ced180f6c5808a150cfb5f83186584ee7dc100e02717d590e03961c0df15f7"
"1511","benign","reference_001511.png","4","Benign","1","10038","77badd035b3da7368323ce66d40feb52f91ddd1aadebdc33acf32597ed7a61b1"
"1512","benign","reference_001512.png","4","Benign","3","6825","e9bf302a726a2b7f6a54938121e820c4de67fde803e3f25a6850cf5d8f799e10"
"1513","benign","reference_001513.png","4","Benign","3","7409","cfdb7abb3b2b82092adfc55edce9e6f0b594c90175fd654b93345fc5b706bc35"
"1514","benign","reference_001514.png","4","Benign","3","9901","030e08ae144295977c375489cc9e3c8b5daa0e602e0bf12b0de1961836609ff3"
"1515","benign","reference_001515.png","4","Benign","3","9624","03964b92194bff145a940ce163756a78b00c8c1f116781e4d36017934b0063b1"
"1516","benign","reference_001516.png","4","Benign","3","14786","2a2fa2ace772e6446533c91362341a292358bc2f2d5c27857d65bfd45c8a97fa"
"1517","benign","reference_001517.png","4","Benign","1","6839","b24ff7620a634f2b176826216337f7b707403380ec3dfb82c230581333679cd7"
"1518","benign","reference_001518.png","4","Benign","3","9039","e614e239360ebceab4e67e160346e4ddf2a0a898416edccb15a4550b30b35cdf"
"1519","benign","reference_001519.png","4","Benign","1","7747","0b8f5b5a2ee45944ac0c5444e7616b7815c9719afeb7f38dfd44eacd9e87dd25"
"1520","benign","reference_001520.png","4","Benign","3","8330","a3c5ab71e303de4b59a2f89c5723d7971a3df74e8cc2c7854ffdea454dc99d9a"
"1521","benign","reference_001521.png","4","Benign","3","7355","4e498943c539dbd7bc1579a78f2d1305f413a5119ed91c31984cac943aea5676"
"1522","benign","reference_001522.png","4","Benign","3","10226","f025511a7882dfa06b19bcac422b7cdccfc9fe4d73167b0f676aa596ca007886"
"1523","benign","reference_001523.png","4","Benign","1","9178","b2a6655868e5a8446828f0c88e8cd9ccd02df64c9ba945a99135652a31f06aa6"
"1524","benign","reference_001524.png","4","Benign","1","8827","8d792f5744f1cc706cdf824b7d8152b503bdf23d83cbc86159d6ddbdebf52db8"
"1525","benign","reference_001525.png","4","Benign","3","11527","3c5c7779f5dcf70e63123c84aee1536901419ab3cc14f092dee9638afc07fec1"
"1526","benign","reference_001526.png","4","Benign","1","5753","e4aabc6109b411bf878c3e7fbd6d9451de7ac36f2994882148669bf5e5b603b6"
"1527","benign","reference_001527.png","4","Benign","3","12885","4658d39176161b79c3e3dd62454297183ce5527dd16ebf08e203f7e84483bf84"
"1528","benign","reference_001528.png","4","Benign","3","9344","f5a1180874c4360777c7caff77b744b35cf829f7fe457895c45e03dccf99b7c8"
"1529","benign","reference_001529.png","4","Benign","3","6678","20236748e53dd8fe184addfbcd3eab6eea764adfe0ad38de92de2106ca8366b8"
"1530","benign","reference_001530.png","4","Benign","1","5963","840448f225bedd09e4eb7082f666ea2104b71d52e2cdbf71e26eb888cb95e3c4"
"1531","benign","reference_001531.png","4","Benign","1","3676","4ae44f33c26cda4e4a6414e49c39e1839163692d8665df005fb53876d4a230a5"
"1532","benign","reference_001532.png","4","Benign","3","6619","cf5aac822b287ebcefde2cc3be5bc4f0aae3ac96b2f34c8c1f85e197f49d654a"
"1533","benign","reference_001533.png","4","Benign","3","9858","02bc88a9d71f16f63e9e1a3fb448d6df68a5e0c81c2d205a30b6f3046fe1dd45"
"1534","benign","reference_001534.png","4","Benign","3","6913","fc9600411be6f27b93a6e4b200fc91e94412b4edee199de952f89c2cf74bd88a"
"1535","benign","reference_001535.png","4","Benign","3","9633","a0f478dad12160df57e3cceca41511806fe4798b10b7eea691a61d2201421366"
"1536","benign","reference_001536.png","4","Benign","3","6706","664dc080753c2fa504afc63968ecd0fa68dc9ec5bab144fdedc2fa18dbe5b063"
"1537","benign","reference_001537.png","4","Benign","1","6960","7317ad006f4a665cddbcdae8a23233cd14701dbd5ab60f0dc3e13b000518a68e"
"1538","benign","reference_001538.png","4","Benign","1","9765","3c7e0b27802e01017b0f95568208b4587226ea5b1dc84e0896bb47a8d46335c1"
"1539","benign","reference_001539.png","4","Benign","1","10037","c665997bffa8fe05a4283148ebd52d8dc1e257b2df2929a39c54b2ff0cce0fd2"
"1540","benign","reference_001540.png","4","Benign","1","3688","2e28040eb9e15662bf17fe41970fc75c69cde363ad394e96e000be7f7ab0717e"
"1541","benign","reference_001541.png","4","Benign","1","4200","25097568594a0456423baed92e4826cb6ddc1723ba03c2bbd22dc7c0e7769b84"
"1542","benign","reference_001542.png","4","Benign","1","6733","a46c5b0c45c7b071ef675730a62e3710db195930318cc0104eebf369de4cb1e2"
"1543","benign","reference_001543.png","4","Benign","3","9541","2f724505c1e6d44ab5fc6d64eb9775cef4d34f3de8b4207620e4be60d3e5f544"
"1544","benign","reference_001544.png","4","Benign","1","9793","0cf8c7604c64cb8c6e52d64250b03eabaadce5acb40b9fc06c83909f0371d015"
"1545","benign","reference_001545.png","4","Benign","3","10811","a64d6871125c5959c4a17ee7c900748f03f7b6989fcf8f1ad6789c65010e8a93"
"1546","benign","reference_001546.png","4","Benign","1","7230","a09ed50e4892f10fde331d9825a4d9637ff46ff98d8e631eaa76f48f41989694"
"1547","benign","reference_001547.png","4","Benign","3","10600","a19b5de9c759c4a13874805652ac24ff1c847abc20ad6c00ae9d406e1a56342a"
"1548","benign","reference_001548.png","4","Benign","6","9636","021bb076735e0ffbb0bae876be13f9601f24bb84c2e4eb55b12fd7ebd95adea4"
"1549","benign","reference_001549.png","4","Benign","1","9400","83455e1fc041536aaa573aad0ff1b7935e2833bc8f4cb5010f829ec38436ce3e"
"1550","benign","reference_001550.png","4","Benign","1","9206","e52f009ee0d14215c35f5186f8ce09ce22eee1d6780b40081b75ba75dca06d74"
"1551","benign","reference_001551.png","4","Benign","1","5975","398e4a7e6ed1f3a0512a03da3a2d31e48dfc4df3d82e61534a97fc871bcd62fb"
"1552","benign","reference_001552.png","4","Benign","3","12091","eab73c0f83cf66fd7c365cfe4e20d33ac9954c79081893cdf9a20c467ff44cb3"
"1553","benign","reference_001553.png","4","Benign","3","10299","eb79983d16f9d54e841a714ec7f1744b0cfb9b166edf20579961ca91735f3eb9"
"1554","benign","reference_001554.png","4","Benign","3","10410","c494d362b5df06420c5239b9616f0024a47eeeb8133d7f55642ecde703953b6d"
"1555","benign","reference_001555.png","4","Benign","6","10349","a6c1521792d5953c08a95433574be650edbd8d78dff35d613e7370ba40fcc4bb"
"1556","benign","reference_001556.png","4","Benign","3","6725","25c64e6c7d70182e115fff97ca493262cd101410d08dca35964020e8bad2b553"
"1557","benign","reference_001557.png","4","Benign","3","10995","61c6aed415d78bb393c8f95092935affd98af85f4695c96ed981dec1a6502222"
"1558","benign","reference_001558.png","4","Benign","3","9770","b85ccde142478cd1d48619d0ebf642f4b468de722243f86f8cd091995383d3f5"
"1559","benign","reference_001559.png","4","Benign","3","11516","3f9685b5377c4f4901c0ed6c46fb44341dfa8903fda203065a53d91b24ae99fb"
"1560","benign","reference_001560.png","4","Benign","3","9814","1c29f7cf0930cbbc19627e62653efb995377500559d0840d6edffc2630927e9d"
"1561","benign","reference_001561.png","4","Benign","1","7799","5f7a4960d1141fa050ecbcae415635f9ae64856f2719867e7283ecee2fd56521"
"1562","benign","reference_001562.png","4","Benign","3","10786","85aa7e0fc6068bd664d8dfa7b431b02fa04546bd1365ddce717a816ddb9ee31d"
"1563","benign","reference_001563.png","4","Benign","3","7844","5414f648abb1d3d9ff192c3eb8a9e58d442a59f073bf4ce5c54a796e2389e93c"
"1564","benign","reference_001564.png","4","Benign","3","11079","7316efe54762c08907a4b671997e74277b86b4aeac699c72faa6ae6ff14c3699"
"1565","benign","reference_001565.png","4","Benign","3","11792","7d7b0090b52e526233b8f3cf517162cd8a57429ca01742f00b16c094f65653ed"
"1566","benign","reference_001566.png","4","Benign","1","8848","64e8b8e8c5140edb86e3b66058245f5542a8b199088ae8de8d899b8e389c9bb5"
"1567","benign","reference_001567.png","4","Benign","3","10021","bf28df498233e8c3ff8669c271d889cc4fb9f64e1aa22965c28c09a667c71e2e"
"1568","benign","reference_001568.png","4","Benign","3","10445","ee62fac42dc9bd18d03848723741351e6769d7952f8006756077bf76fefa7aae"
"1569","benign","reference_001569.png","4","Benign","1","4209","2516a42f5b9e18e4464aac108ffb1aeffba9b345f5841434eb7ff93de67d03b6"
"1570","benign","reference_001570.png","4","Benign","1","7045","9addadcf1363909897fa319e898a8e7997c2731d4d54426c1e558d9452646170"
"1571","benign","reference_001571.png","4","Benign","3","10279","bf17e09697f58c9de7a4b8c63fb0ebe4ece27045487ce3baa048bf0da1213f8e"
"1572","benign","reference_001572.png","4","Benign","1","6770","0950afbd6868a8491948a6462416f07f4b43311936df378f2c88ff64ec0871b0"
"1573","benign","reference_001573.png","4","Benign","1","5989","26fad67ef13624b77f911450969ceb9d0633f6145fc249f5c6b450891b8a2ae0"
"1574","benign","reference_001574.png","4","Benign","1","4181","8ec502c916e35c0769cf07fb340789b9a805c5386375d6846e0db94b9aaa850f"
"1575","benign","reference_001575.png","4","Benign","1","6925","10bb66ff845226cccf0d2cf9760877add4bc67d941faf378dd6461debe2a1c62"
"1576","benign","reference_001576.png","4","Benign","3","9512","9477297b7081ad169ad27b109d91eec8e8c321ac269f284a1296ef5c3e2b801c"
"1577","benign","reference_001577.png","4","Benign","1","7296","c961186b4dd3ded04f5c68b12ac05ab2eeb17e9884e60ee090945184eb1f3054"
"1578","benign","reference_001578.png","4","Benign","8","10398","fe0576d79813ad6980ff8111f141b4d30af4bb42372acaeb56c35bb2fa5dbcf9"
"1579","benign","reference_001579.png","4","Benign","1","7327","a402c680fc28e11544a087a429dd7d1d41fcfc93614366b561fc134e42421fa7"
"1580","benign","reference_001580.png","4","Benign","1","4785","2937c675bde1f220138e9633be0a2c21a6c6dff88d384655b54ed311d17bbb3a"
"1581","benign","reference_001581.png","4","Benign","3","6704","9a78cc3cc79f589a1037616edc42b3003fa45bbf379db0ce24fd2b73acad467f"
"1582","benign","reference_001582.png","4","Benign","3","8514","4444639badc3f795b4a1091343fd024cb61edca6a0f2086d3c80b5df0bded7ed"
"1583","benign","reference_001583.png","4","Benign","1","6824","8e016aa501300dabb5ca3c4b514863f8c3f3eb4b874d7fdacb7af9fa90857fb5"
"1584","benign","reference_001584.png","4","Benign","1","7204","966a74bfeb9ac3dfc1a07733516fb8229d69013e31fab642eba19f10897635c6"
"1585","benign","reference_001585.png","4","Benign","3","7906","461b5f3a9bb8f7d1aaa27b99576f63283a3b871ca6f7fc55b90f4ddb06404b8c"
"1586","benign","reference_001586.png","4","Benign","1","4815","4f0a795575c92adff81ab8cf2aa84efeb16c5593aafb9fe7fda63a3238eb23dd"
"1587","benign","reference_001587.png","4","Benign","1","7848","07d0bef6803b6a1cbb1be94c11fb2ef1cc9f51b27af32232f49a6b18359669d6"
"1588","benign","reference_001588.png","4","Benign","1","7165","d1424667e7ad2393f5dc40d5be7d1deb13c9a84f94202a876d92a431afaf7f62"
"1589","benign","reference_001589.png","4","Benign","1","4055","d1b7766f5fa508dc0cdae85e8073465ccaed9ae28e55360488b7384f99cd4646"
"1590","benign","reference_001590.png","4","Benign","3","11698","c9b917cd3477d73f64569c1eb21392bd1986f4a873ead8d305061ddc4bbbf5e8"
"1591","benign","reference_001591.png","4","Benign","3","7628","a98f2931ac109d9d11c8a5c2d0b30af30efca9c517850fe992e19e508f65c621"
"1592","benign","reference_001592.png","4","Benign","3","9123","4998d616377ea06ccb687b55bc14dc1a8b9015e89ff2b6c00f2a428e2240ca92"
"1593","benign","reference_001593.png","4","Benign","1","5770","dea4bcde60e87ad92de9aea6c60aeb5ce00178fa52aa4955a8154f47e7bc460e"
"1594","benign","reference_001594.png","4","Benign","3","11428","5382e23826c178e665a95c88fcb6fd160086bfb1262bbc70ddb22fd9afcff90e"
"1595","benign","reference_001595.png","4","Benign","3","7365","6625f39f82a99584ab787507a86fb121ff5f32c7ae3ce76046c918161e8ed990"
"1596","benign","reference_001596.png","4","Benign","3","8483","51ac6aa181f7402a83936ab583fabeead6e27315301239bf0c2deb265504e56b"
"1597","benign","reference_001597.png","4","Benign","3","9940","301bd4a17278333464e2aac86eead76687250321975843d8d96cf0fea7da06ad"
"1598","benign","reference_001598.png","4","Benign","1","7623","702f23899b084ffbfe9590115912f2d52dc874739d783440cb0ac48b433fa638"
"1599","benign","reference_001599.png","4","Benign","3","8552","4a5ae3a06a2c7ed684cb5e71b932dadcfc74e558d9c910395bff8c3e0bf98884"
"1600","benign","reference_001600.png","4","Benign","3","7685","6fa250fb861798a99d423a711829a217c786c3b31b34cc1ea4070287e3edc049"
"1601","benign","reference_001601.png","4","Benign","1","6859","efe495c1c52d4952b5e614d2fb9376ccca9b8d92429f50f3ae381b0dce14dc19"
"1602","benign","reference_001602.png","4","Benign","1","6019","681fe821754f6e2b33d43de7a438abbef9eeb1d59d2eb327766b90c109a5b28b"
"1603","benign","reference_001603.png","4","Benign","1","7250","cad42e9cb7438d1768795aeb37a4eb008736265fbdbb7d522f38bf19a9380f4c"
"1604","benign","reference_001604.png","4","Benign","1","6010","2fc5bb07c12eba0941e4c192a92e30e5ec9c458278b6cfeb0382b27f34c28c6a"
"1605","benign","reference_001605.png","4","Benign","3","8448","d7991fc326912bdcc14225124d2b7c126923cc7a2ac84959914844e1602bd3a8"
"1606","benign","reference_001606.png","4","Benign","3","6686","f38d7240a2f0b6c9a709c11fe48390abf6ca2c256727d693e317eeaa0e5c417a"
"1607","benign","reference_001607.png","4","Benign","1","6002","2d41b0c0f8e30b95177fd1df2ee737f18e45b2d2f687ccc8c6ca35f0111e1c71"
"1608","benign","reference_001608.png","4","Benign","1","7313","5bb0ad7b960e42b6ef2d88e45229ccaec23378887c040bc9b7b84ebbc8d2e0df"
"1609","benign","reference_001609.png","4","Benign","1","7270","b46012977ceeee6a063032e5c3a1279ae640b3b0c1478933d782acc9e5fab41d"
"1610","benign","reference_001610.png","4","Benign","3","11604","3c41af8214c5247aab74007fb6f8640f881207624089d4d65b2e8b5250bf786a"
"1611","benign","reference_001611.png","4","Benign","3","8482","d29c6f2298b145c1408ee9f174e676b6549fd4c1ac9e75fd7d1ec61d10991dd9"
"1612","benign","reference_001612.png","4","Benign","1","3673","1995fe918bacc0d9c4b607e4a8ca4d78cfc263fb10d624780333e0fe06d42675"
"1613","benign","reference_001613.png","4","Benign","3","9406","6a6eee8b3e1b0095faf46073932e5fe3be9d0f05f4f239c44629669f3eaf0504"
"1614","benign","reference_001614.png","4","Benign","1","8556","5536c4dca35b36be0ea29f434b50c56087dfa9401f9e355fe0aa149362d68f3f"
"1615","benign","reference_001615.png","4","Benign","3","7233","76b296a65af2a06ff32bef71283cc66870d2c73c892e906845f54039303d7ada"
"1616","benign","reference_001616.png","4","Benign","3","9122","3a69148a051c47ffd25093132c84776a99034697038cfac6636d365cf0609782"
"1617","benign","reference_001617.png","4","Benign","1","9034","e1aa3efab9a7319da4e36f789e6b1558b09b41b335ae1c959f6e57993cca46d1"
"1618","benign","reference_001618.png","4","Benign","3","7582","41220141bfcbe73a28d5475528f200f269be97c11e743637346b5294d15121f4"
"1619","benign","reference_001619.png","4","Benign","1","3665","d5a18d008fe41c62e7212ac1037efd5790e0686e2a83d478b7b216c69e7c31e9"
"1620","benign","reference_001620.png","4","Benign","3","8848","7e6e5e2b8648f98772d37cba14e8313aa335d226d05641bfe098304c0c810e71"
"1621","benign","reference_001621.png","4","Benign","3","7707","327ff335f0d329aad3f30b7f0f8af63ec4fe3e30b338e42e0d7b910cdceefa59"
"1622","benign","reference_001622.png","4","Benign","3","7367","2f19b8a87cf0b4d5d47c4e3d657eb233a746fbb86a1e4fecc8ba0171377c518c"
"1623","benign","reference_001623.png","4","Benign","1","9877","bee59f5e4f96492ed29e1520e81666654f62bd6d7b010f1380141dc825105b3e"
"1624","benign","reference_001624.png","4","Benign","3","9319","49cd20d08d63365bdbf87692a501aa9ac12b528756ea29127056fdb51c7cf0fe"
"1625","benign","reference_001625.png","4","Benign","3","9018","9aee6cc0b46139bcc3f6cefad000969ee0cbc5a4467359c3be70a12c922c1ee4"
"1626","benign","reference_001626.png","4","Benign","1","4048","32ba514d6f09f9b32b79d1d03eb8a9177f256e658b24c1bc29c55db62f33d191"
"1627","benign","reference_001627.png","4","Benign","8","22633","ed12589835ebecac0b757d49acb218f1b3c548a7d96ca4ae8777d901588eef82"
"1628","benign","reference_001628.png","4","Benign","1","6017","e9eaa9fe0ab0b52cad7f0fde63c7636a17f4e193fc5a15c97b7f6b0b87c4b64b"
"1629","benign","reference_001629.png","4","Benign","1","4218","8d6e5a60b6190785ea9691221b4207cfd99938983b8a27b3c2ea1103bc8c69e3"
"1630","benign","reference_001630.png","4","Benign","1","5896","8b160ed9faaca040b16062551542f65a6dbef0dc7b14bc6d32c4d0a7e93524a0"
"1631","benign","reference_001631.png","4","Benign","1","5723","4667eb6c6596ebfa6cb6d666e98bf74ab033db0615260c0f5dcd88ec96c7b008"
"1632","benign","reference_001632.png","4","Benign","3","10102","280369d9633eeaed47881cb281e27914efe91f9052fb23f297e72b5e62ce9bd5"
"1633","benign","reference_001633.png","4","Benign","1","4215","cbb4f913ed909cb405e69b2efee358b73eb53cfabcded670c56a0ad3cc4c342a"
"1634","benign","reference_001634.png","4","Benign","1","4802","37ae5aa4dcb37c6112c52aedfc40d4a638c141742a3f13614d9c4c19bc6993de"
"1635","benign","reference_001635.png","4","Benign","1","7244","d1db48ff2300fad43c201ce5acd3a2c22e6d10da4b1bf82107e2d64db06ec62b"
"1636","benign","reference_001636.png","4","Benign","3","8425","6b4af20bfdc305afe1c1a1e28dea26ed58bcdc576b104079f91dc30ed648a186"
"1637","benign","reference_001637.png","4","Benign","3","10073","0fb696430a2fe94a392b0c7325712bb58e80eb81747934b80eb225c81e38215e"
"1638","benign","reference_001638.png","4","Benign","1","7030","957e8b4d8720d9aae029eb8ff632de8e30f792d27f8425c0e62866d673d38d35"
"1639","benign","reference_001639.png","4","Benign","1","6857","291553e4b6ae8570bb252eac561813c7a796ca7cbbb6925682e464d38143a7c6"
"1640","benign","reference_001640.png","4","Benign","1","7240","a045e3c1be1f9cf88867267e9e5d091404971947358a5ae8a2e14af66b9755c2"
"1641","benign","reference_001641.png","4","Benign","1","6970","54da218c75370a5c663c8ae121c2b115608e42d250d121973700d20b7688aeac"
"1642","benign","reference_001642.png","4","Benign","1","4823","227b413faa136bc21e6d71b38b0335d18208b9d6832aebd55e955fb8fa87a1ef"
"1643","benign","reference_001643.png","4","Benign","3","8929","ba3dd4e4c92d8b425449c74d63fd94e349ed18ef070ad8c72213eb8af714eb35"
"1644","benign","reference_001644.png","4","Benign","3","4221","f1b9b97f25955b9cbd3dce6f7e8a8c08152dfc416ba2016a3e0a91eca1845846"
"1645","benign","reference_001645.png","4","Benign","3","8403","66941f852b7f588e547350fc81a84e563cb90eed75df5d9f34a0fba54419316f"
"1646","benign","reference_001646.png","4","Benign","1","3667","e12dbce85f31dedad5592f6896fdd992fb7777cefb7f73bc737456b8f5bdf81d"
"1647","benign","reference_001647.png","4","Benign","1","7933","ed270ebbe71fbad22d61b5dfc6f2c1fb35b01b6a512f24d5bf5a70a282999035"
"1648","benign","reference_001648.png","4","Benign","1","7268","c84580da214139532738ba8731e36d1eb1a1d1fad64a4eb50f143c059cccb317"
"1649","benign","reference_001649.png","4","Benign","3","15464","72c4334c368b4689d840a00c7352dcc9bb8d8a4d0789de8a34c117fcc6f97f24"
"1650","benign","reference_001650.png","4","Benign","1","5980","f09a43b5cc2bf18fea3f79eeeb799e51cb5463c28b43cb646dc6ef87f7e8fa9d"
"1651","benign","reference_001651.png","4","Benign","3","4078","39fdd6bd761ca0f35aa53648987af8e11e8c1a271b38da9eff96617cebb52b7c"
"1652","benign","reference_001652.png","4","Benign","1","3659","b6d9e434a7f8389134c0d9eb68b7a24f34987e477f9f65223dc68d1d25f0fa60"
"1653","benign","reference_001653.png","4","Benign","1","3638","d595ecb2f4a71821e7e53012892ca80553f6ad5e6d03f90c4a0ad18d591b15c3"
"1654","benign","reference_001654.png","4","Benign","3","11769","dadc8247ed4c8217538365868077d07f05b92eb10d36630a18c5b86eb185b66a"
"1655","benign","reference_001655.png","4","Benign","1","8497","a458fd3926d458789766ab0953fc1d28b1c0a5e90134f62a167a6c068bdfa048"
"1656","benign","reference_001656.png","4","Benign","3","4022","aec67bafb1a4adb69e5633f281b0eb5282d1589abfe90412b22ebf73d0a5feba"
"1657","benign","reference_001657.png","4","Benign","3","24169","1f4c7b82d13808afc91c86247ea8e5ef52caca6e6851e8313943f79693ce44ab"
"1658","benign","reference_001658.png","4","Benign","3","7106","93046e4d9126dd2cdbe66009ac2e922c27bb418727d67ea57792aaecc5f29c89"
"1659","benign","reference_001659.png","4","Benign","1","6958","d868a22cf26860f8e1e2c1b46c13b8e83d7484fe09f66a1097c1a809ff8d50a6"
"1660","benign","reference_001660.png","4","Benign","1","7061","629dec01a3fe1129815f1ac756a4fb775dc466aedc16129e2b9ecbb46124f6be"
"1661","benign","reference_001661.png","4","Benign","1","6988","fcefb75873244b1690a0455fc2750e7f9385ee277bb0dcde98b5428880a049ac"
"1662","benign","reference_001662.png","4","Benign","3","6050","28fbe13f8cc657745087356db58b17311a795f94a5ac419f0548bb9dd25f6e3f"
"1663","benign","reference_001663.png","4","Benign","3","9387","6c282e9750d3efb641ae616d6185bf8ef96626be4f5e7e8a973ca7fff867c04a"
"1664","benign","reference_001664.png","4","Benign","3","7382","ee9e1e5649a0cd9f4a47d959bd6ff3dde119c997c0a9acb0cb8d1f02757e4598"
"1665","benign","reference_001665.png","4","Benign","1","4824","92eb1da5b3cfaaf157817fdffa9ecea1e2a5fc7d4712eee3cf32217e8cd36e23"
"1666","benign","reference_001666.png","4","Benign","1","4206","a7ff058a0657406220082395351f6337dc4e131384939c9fd1d5a6d82161f635"
"1667","benign","reference_001667.png","4","Benign","1","4106","1f3446170aa83cebd74055202907b2433ef1e1b031f3d25c762ced3faf820970"
"1668","benign","reference_001668.png","4","Benign","3","14892","f98ddee53f2895dbb42cb82633c29cfc77fef883942952d842e56f3afde45002"
"1669","benign","reference_001669.png","4","Benign","1","4849","37d0d5dbb62b92bbf0a951f974fbd9aa364504b136fe1f2992b7c8647d02122e"
"1670","benign","reference_001670.png","4","Benign","3","11199","f280b19d908cd3df4a18d760bf1c8f4c92feab13df093ca51570f7182c1ce2c0"
"1671","benign","reference_001671.png","4","Benign","3","9394","77fdada43880b83d302278a58ec8c0ae0edc56574692fcb95fa02afd500771bf"
"1672","benign","reference_001672.png","4","Benign","3","7756","38110a500fe95e3cb66c2dd2fe8a7aa19c56ac578cccee19242c5690eb6dbc71"
"1673","benign","reference_001673.png","4","Benign","3","9224","f7f6ef60c4ccb9f00e90de17d785c3ffabb80c3794b8c83738a79eb1ac304020"
"1674","benign","reference_001674.png","4","Benign","1","12655","341748d8561a452ee988909eb4127870a33242804926dab4ffaa0fb08991e402"
"1675","benign","reference_001675.png","4","Benign","1","4055","dec328772197f700c367bfb29a9f837a3ea4281e850bb3fbb1a5c308bd4a4af6"
"1676","benign","reference_001676.png","4","Benign","1","9154","b2fc93ed19687fb8e952d362a72c4ddd1fe6554038c8b1835953951964ceed5e"
"1677","benign","reference_001677.png","4","Benign","1","8682","6f7e5ed19308c67f672ee99ce85ed6c3de0be04330c971dd10e1650649f9ec04"
"1678","benign","reference_001678.png","4","Benign","3","6821","42f088dd59bb201908db762524757f5475d3b66fbc923ce43d5b1f0412f42b3d"
"1679","benign","reference_001679.png","4","Benign","3","6867","dc530d5c6e50d7bb3cd1972e7addb89a1b112b9d6a157c3864a8cd46cec4597a"
"1680","benign","reference_001680.png","4","Benign","1","3922","1af9f2d3d24cb7b5bb1da26207d55e83402eb021f1b1bdd925e82fcc5cf81675"
"1681","benign","reference_001681.png","4","Benign","3","15545","b91c87ce54491986b5f8b2f2f8beb3dc63a351219968583b2d02f2cc02005ec0"
"1682","benign","reference_001682.png","4","Benign","1","4048","ad0d09468b6f59ee98bf2380fa6848456c6c20ef7494ab63cebaada9fbac5f7a"
"1683","benign","reference_001683.png","4","Benign","1","7859","18e5a44765e7a999d443b6e737ef497eb7b2ac552b44425ac68ec8816bc51cc8"
"1684","benign","reference_001684.png","4","Benign","1","10409","c5fa97b20dd5a202779320945285b408ae9f6fe9cd06abcaab2a3d5bf39b5a21"
"1685","benign","reference_001685.png","4","Benign","1","7863","4f8b0473aa5be38bbf35bd5c7235a0abf97a3679ebddd2720234536e47bd27c5"
"1686","benign","reference_001686.png","4","Benign","3","7264","a86e0d24beca717093caa9d42d6638a7267a0066df3ed7317ab35786da9a48d6"
"1687","benign","reference_001687.png","4","Benign","1","7067","381b4e2bd4c1c4e36a6d5385a6dad3446b89475682cd684245b9ac2b0fae6dd4"
"1688","benign","reference_001688.png","4","Benign","1","7331","108e574f2d6e0fac12700796b74d806f06944a1ce08fec42b40cf02ac20b7c01"
"1689","benign","reference_001689.png","4","Benign","3","9308","85f3c9011413c8f9893c10cba490699aca39fdc4765fa8a4643d91830d972857"
"1690","benign","reference_001690.png","4","Benign","1","4190","d41d94339ad871b12a7c438893f9f4de2a6c3540d0689742c989fb5cd3145f15"
"1691","benign","reference_001691.png","4","Benign","1","6027","890f7f386e13e794a119a4886b2bb9b945e567a08dd4a5e16c4bb2b148d0557b"
"1692","benign","reference_001692.png","4","Benign","1","9465","79c50cc2ba75df08ff93ecb7218a4b3fd0e3749d851cde04a17d82335ac560fb"
"1693","benign","reference_001693.png","4","Benign","1","4063","34e9ace1683596e644cb575d2c50e188f4f93f4267d06dbf768a8b92c2e8a20e"
"1694","benign","reference_001694.png","4","Benign","1","6794","6dc8a2c7e8a66de829acd4b35cd959592b7ee9c522542a1f81173820aa787778"
"1695","benign","reference_001695.png","4","Benign","1","6747","226316e9a2388b24a81f6532d05338db5a57094ddf5b5e489cc4df7e30d1b923"
"1696","benign","reference_001696.png","4","Benign","3","12798","a79c91cad31da9688284a894bf5734fbd05420d907f06a9ad3c0ede494e39180"
"1697","benign","reference_001697.png","4","Benign","1","4188","2b2199f4f5ee0f9ed0cc480a416e3b4b4bffbd04f6aae68d096f2336863ac4d7"
"1698","benign","reference_001698.png","4","Benign","1","7310","7c02e4b0bedee4099d51e2b9a715645c6ef7b2dc3368b1359f2d6a3c1dcb091e"
"1699","benign","reference_001699.png","4","Benign","1","7063","be78d59efad5a9565e1063ab967cf56dae89f5bc3fe4c64dc3d22aafb4165a02"
"1700","benign","reference_001700.png","4","Benign","1","9244","19e9be68d23215a1b83f5b95bdc26aeb5981dc97a4cd16e344940b154961ceb1"
"1701","benign","reference_001701.png","4","Benign","1","7672","c670b7ec767df845dee4de083d8362b6581381607da7dfcf0bd35ff90c8062ed"
"1702","benign","reference_001702.png","4","Benign","1","5968","7b7503733632a4bb3315c8f2bdeb5787964f9428b040880805fb44c683dade4d"
"1703","benign","reference_001703.png","4","Benign","3","7866","710b3a38bd4af5944df717123d329a9cd33463e146044eef854b9c0cf3db6e3b"
"1704","benign","reference_001704.png","4","Benign","1","6003","7061d2f166de4bcf7d7daec4526fee2c8fba11de9aca1b84ef9297e17ced5ffb"
"1705","benign","reference_001705.png","4","Benign","1","7128","dff0d97eff778208b56b61f32e8bf74297aa6a161d26545b805c3bf4464a313b"
"1706","benign","reference_001706.png","4","Benign","3","7234","97b9293d8d37e1bbe844ccf7889cfb03da07cfc33556378670cf71ab75e27e05"
"1707","benign","reference_001707.png","4","Benign","1","9698","40872c145bd03c9b0e6627bdd25bffb7be0d1e433d14f7d789ab73e9196f8a6a"
"1708","benign","reference_001708.png","4","Benign","1","3919","5c086e832f29e2cade0c5b2617205df79117c0d95ddb38ce34ae274cd5c0207f"
"1709","benign","reference_001709.png","4","Benign","1","7368","9ebc98e4592b6e7b917347ba342fdee7071c9c340b82f13d4abbceb5072dccc5"
"1710","benign","reference_001710.png","4","Benign","3","8693","dceb3dcf492b59e491334f3a8c6bcff15bb5222a094cd80b55e0e7ba3419ca0f"
"1711","benign","reference_001711.png","4","Benign","3","6958","df9472048c65d58fe7f9e69d3f9f48b67d886f4f12cce16b9f9c4bb270f829ea"
"1712","benign","reference_001712.png","4","Benign","3","7070","7fa2942fda4f55991a43a4f837119aa3d4fe993f4a0ed200af4958faa35e7457"
"1713","benign","reference_001713.png","4","Benign","3","7262","6fd720ca5715de89970840e58237e98665de3ac0f098b1739a6bf109cb04d45f"
"1714","benign","reference_001714.png","4","Benign","3","8480","040154b1eef5ed807c81d08b88b04b4fb9fd68922efc30318f0b656b0f3719da"
"1715","benign","reference_001715.png","4","Benign","3","8435","f78284d8ca6e878883f4fc62b8d0973c6ffec32ec9b6298cf360dacaa110aa41"
"1716","benign","reference_001716.png","4","Benign","1","4027","4190428addadb16b85c8c24b02ddf511f545dc5b7eb1892c9a92724ccbc4eadc"
"1717","benign","reference_001717.png","4","Benign","3","10127","1f59dc3fe9d219eb21f6e7ef41672b20dd149d0ba92bdb80c88a49d3219d769e"
"1718","benign","reference_001718.png","4","Benign","1","4202","df44c2d26dff6792f180fef7d64a44686c13ed04c716b94297f102eea7facf0e"
"1719","benign","reference_001719.png","4","Benign","3","7317","abb924f9e5f821ffc0c08aaeb39e4cc811722dd423568b559530473823e8af73"
"1720","benign","reference_001720.png","4","Benign","1","7617","04757491f41f434267ac9d2bf6d4f1dd1dab1e84817348a3a5a40f78cc45674d"
"1721","benign","reference_001721.png","4","Benign","1","7419","ec6da1ad7439ec9d620bb43d03f8732b639cd087abb43c1c409d27c4a3008ae5"
"1722","benign","reference_001722.png","4","Benign","1","10291","1c3df9be67fe2bae5f080e25698cf3aeb7668732c179c01de1eea397be319732"
"1723","benign","reference_001723.png","4","Benign","1","11198","a431878b52acb1e46c2632b7267094bf7c12c4919308e9337b2afe1c11c08b78"
"1724","benign","reference_001724.png","4","Benign","1","7892","bf3e3c2351dceb70a508d99f10944f5c19644f76562aa10bfefb94bb5ad00abf"
"1725","benign","reference_001725.png","4","Benign","1","6779","67449ee15fe1b28c6ff51fe8f064d3607fe2cb17bbbb11f432149c995d8d1fa6"
"1726","benign","reference_001726.png","4","Benign","3","7356","31421db4ed9c06b5171e8d9ca18b1654169aff990e52e5d7ea33787014dc4ad1"
"1727","benign","reference_001727.png","4","Benign","1","6710","b6b5cae4088835a8ccf3ac19efd367e5e0842f79dc9780bf7cca913dd763c311"
"1728","benign","reference_001728.png","4","Benign","1","5908","c4ac030b039d98cecf60c547f68f9b9c2f6ce8fc2aa0d5631a52d6d69a2f1408"
"1729","benign","reference_001729.png","4","Benign","3","7052","8c8bc07811dbd19b1cc2b56ccd87104af8d1fc6929b2196b9a59cdfbed796244"
"1730","benign","reference_001730.png","4","Benign","3","9806","684cdcaa3c5487c20c44fd76ce873093972dceb8350b89346986d23ae717752b"
"1731","benign","reference_001731.png","4","Benign","1","5709","bd27eecc2833ef6d0f793df7ff2c7ef05ec4ef3fa0c3f06bf5c8de75c58a0d8a"
"1732","benign","reference_001732.png","4","Benign","3","7255","300ec37e7661efced3db915f98e508fbb4786a96080529f3d7d9408cdeb3915e"
"1733","benign","reference_001733.png","4","Benign","1","9714","be77bca0bdc22a662919ba7e85c91d937142ca85a8893fa51cf1ab941d2da1ea"
"1734","benign","reference_001734.png","4","Benign","1","7350","93b6be70797319ac8c175b64b9e56c9262bed2a82b960d347b6176452c4165bb"
"1735","benign","reference_001735.png","4","Benign","1","7717","acbcba483fb9e4a27d7222ad832404ec750795f5fab19a9eb2243304da5e2aa8"
"1736","benign","reference_001736.png","4","Benign","1","9273","6328533a38b8d00b1fe3518bac1d5883ac028da51ec31fc8cf37bf19d7fd9d72"
"1737","benign","reference_001737.png","4","Benign","1","7318","3e86c86b1bb23e4ac9564c5c69e12215915c79f760f64fd61794294240676fc3"
"1738","benign","reference_001738.png","4","Benign","1","11342","e9268201d7062454ae3def5d529c51b46d8ae66ddec2cd720e0738ac08a12437"
"1739","benign","reference_001739.png","4","Benign","3","7223","169d94a81f7c6b30448f9b8e879e85cbf47eab416f521c905130dee19700a747"
"1740","benign","reference_001740.png","4","Benign","3","10635","f5e2ff3fa9e5b386201c7ccbc811dd301e6d1bbdae6743139e3992405a2c1e7f"
"1741","benign","reference_001741.png","4","Benign","3","9431","cbd45965f43c0094917c1df70d18387eb7b4104046b7daf1fb7243e9279a2084"
"1742","benign","reference_001742.png","4","Benign","3","7009","f8040a6c40369f3e3fc3d0c5585ab352eeb52dccdb8a463b1c717992f499426f"
"1743","benign","reference_001743.png","4","Benign","1","5940","3e02187070e290fcd4795623bec3d4662ca3f9ac0d0297805871b0e265bbfd9e"
"1744","benign","reference_001744.png","4","Benign","1","9510","7e5092522c6307e5b33a5190d6116b655cc4960d168d5270b9f8a3245c659515"
"1745","benign","reference_001745.png","4","Benign","1","6023","43f1744aa00139b9111dbf16b0a7a2be538f736a2a816726b3a492ecfd77c65c"
"1746","benign","reference_001746.png","4","Benign","3","7669","6399c9facd688f5100cba9a227d58407afc32f0bab8be3289cb4dbd4b8168bff"
"1747","benign","reference_001747.png","4","Benign","3","5921","d01df8edf07f07e944ad608c131176eb95fa1364ae48f749ae5529a4b06a1002"
"1748","benign","reference_001748.png","4","Benign","1","3626","b2d66e74e9a4699ee84f4f28937ee50b0f3399c776ef6e60ab76eb2e00d652e9"
"1749","benign","reference_001749.png","4","Benign","1","10710","f998292f22ef7d2e26d41db3a89ab6cad72c189df69e69253a0a5ce46114f37a"
"1750","benign","reference_001750.png","4","Benign","3","8618","6d55eaa501353e736c4af84c668d4215ff0c71c4a805a272077edabafc103e25"
"1751","benign","reference_001751.png","4","Benign","1","3698","36b6c43fd56676779725c9622270bc9f03acdab9b30688169c18c8bdf68c1db1"
"1752","benign","reference_001752.png","4","Benign","1","3918","a431789a741d4fb0ce51e51f56e4c91591b3ef1612291cbfed62fcafa53acae3"
"1753","benign","reference_001753.png","4","Benign","1","6671","1e0e3d0e1ec38c3a75aba14371e6cda7fc7009f5790bd21eeddae42639c42a82"
"1754","benign","reference_001754.png","4","Benign","3","6985","dec0310c89126c85ecc33baf9388ba81657673954c52c034f7af342fd653a07f"
"1755","benign","reference_001755.png","4","Benign","3","9030","2a85e38036a8150e6a98e23e619c0d55f1139fd949ce00c0283c9244d85fb819"
"1756","benign","reference_001756.png","4","Benign","1","7708","4a3c6121d10ec2978f1a884a0fc71b88c0e012576f53e549db2c7d2fb6d5c6f2"
"1757","benign","reference_001757.png","4","Benign","1","3618","079b1405a063d8d066c5c772d9ad725fe45973a07df5ec560149a731ab365e3f"
"1758","benign","reference_001758.png","4","Benign","1","3919","5d4be42adc39ad09b8979720c05aaadbb27313afb322e5fa8292d191cbfe4ac0"
"1759","benign","reference_001759.png","4","Benign","1","6749","0440d02d53dde169fb1590fef6e03170f5157c00327671860c82a26f749db41d"
"1760","benign","reference_001760.png","4","Benign","3","9261","12a6521bc98a0fd38267c4d9334d23381cb8f7a5bd9b6c9a6275d8fdb78b177b"
"1761","benign","reference_001761.png","4","Benign","1","5720","420400f681d32d6ad691c775df5006d38aa3cbc1e70576db6614c427b4ccd563"
"1762","benign","reference_001762.png","4","Benign","8","10924","4e9d260278ebc7f60ccea959f933287809cf9afd1cbb0ca1679fe9e984ebb917"
"1763","benign","reference_001763.png","4","Benign","3","7663","a8bc20b49c294d4a319f20e83ddeab7494aaf8d8f43c6f067942bea5b3fa38d1"
"1764","benign","reference_001764.png","4","Benign","1","3633","4980fe955f96f49d25e16888521f75cd12ea458504c9ed0ccfcf5548510fbb3d"
"1765","benign","reference_001765.png","4","Benign","3","7144","7fd1b8c1bbf89e801af9215061c182cba03b9bf0e2a9596d91490c3b24bbac25"
"1766","benign","reference_001766.png","4","Benign","1","7342","24717ba084b8d8d66013cfe59652d7c4c1306345915b435d88c715c8a59b4118"
"1767","benign","reference_001767.png","4","Benign","1","4838","881ddd516c08440021b953dc49c96bbe9279270b75acb7f793364b6b16b6bfe8"
"1768","benign","reference_001768.png","4","Benign","8","6732","24bcaa97988f7335581cfbc57a54e8186d1a352db4fc826a89e2c254ae3f86bf"
"1769","benign","reference_001769.png","4","Benign","1","3929","3df16657693f793c9a4a522b52f20273d089919acbb2224bde15e70e61beb85c"
"1770","benign","reference_001770.png","4","Benign","1","6862","cfc41bdcf6186f49bec95341513f2e2d2364eb52922b8b97053abe4437faaaad"
"1771","benign","reference_001771.png","4","Benign","1","8417","e15cf9e971406fcf24ed7076b2868d788995c9add25d1a81782faaccb9fd9b65"
"1772","benign","reference_001772.png","4","Benign","1","6758","50bac36858d325f51cbc2bde71b72e59728f0598f36cdb3350522a31c48ba0fb"
"1773","benign","reference_001773.png","4","Benign","8","7847","df765f96ddc207dfb83308db39f22e37372e905d63c6a838897781b8921f660d"
"1774","benign","reference_001774.png","4","Benign","3","7124","6347fdaea72b174e154eeb11f4fa6fb2898af51af0f84c1699bf1e28111ee746"
"1775","benign","reference_001775.png","4","Benign","3","9975","2ffbf10c571977a63cab3c85578785cd4bf2c0677094592bcf55fbeeb7ba9225"
"1776","benign","reference_001776.png","4","Benign","3","3927","0fceb9b804253ac8b571e6989a52acfc0da9cd73a879e78fa665c5cc8a23f850"
"1777","benign","reference_001777.png","4","Benign","1","3919","971e8785139741c798cfd00f0bf1c6fdd815f676d6b6f01c3ea3949faacb0d50"
"1778","benign","reference_001778.png","4","Benign","3","5948","e1c7063f5e86c07cc8c93c2cc39ac26ff54c22224eb9aed6556e4482256442ee"
"1779","benign","reference_001779.png","4","Benign","3","4078","90ec4bbecf88534eafbc76bb0918c73e182fc8a96affe8a9771fdff58e299da6"
"1780","benign","reference_001780.png","4","Benign","1","3698","7b2136db7fb63d1d1354d864292f1dbaa66b39d147a77fb33ae718f55c72fdf4"
"1781","benign","reference_001781.png","4","Benign","1","5753","0890e0ad9de04885deec28a5aebe2e48d5673fed908ec86d79d62de67277a267"
"1782","benign","reference_001782.png","4","Benign","3","3663","0c9cddeb853508b93db70ab24dcc301d2acca2a108ac50ac59fd9b0386430591"
"1783","benign","reference_001783.png","4","Benign","3","8634","ca30030db2fe5337f290fff71ec8b6779883e8bef32f50abb9839e7931855118"
"1784","benign","reference_001784.png","4","Benign","3","6667","0a40910be9b8aa9f08290f3ec138c3d6f183fad11a6c050724f1b75dfbd2dce6"
"1785","benign","reference_001785.png","4","Benign","3","7009","89c6d6c722f5d572c56e1365cc354ed0fc6bb617c746be47ffe3c75f227aeea8"
"1786","benign","reference_001786.png","4","Benign","3","5931","d6800d8bdfe71749cb5409045d1420344f0921c200d89609169fd313170fa899"
"1787","benign","reference_001787.png","4","Benign","3","9412","320b466407ccd268dea3a202b979011fe0a84d3635087a7eaf4f8ca5c79bf5ba"
"1788","benign","reference_001788.png","4","Benign","3","6050","b260566224e6d1df77707526133513588bc3af1199c17d567d286278a3bc80b0"
"1789","benign","reference_001789.png","4","Benign","1","8871","8e8c9114a0c96be1ae6ea3eb6b7e2ed03cbe528e0b51ecf0040222c7d66db32b"
"1790","benign","reference_001790.png","4","Benign","3","6936","d8ed8fb0179293c091932f49235a9276ed94892c945b72f0fec6176fdb253f73"
"1791","benign","reference_001791.png","4","Benign","3","7814","8353faa7c71561c6c9c0b09efffca3655c995f0f8fd876316c2c8f4e7798bfd0"
"1792","benign","reference_001792.png","4","Benign","1","4791","46179d37cfea6a83fbd95d538d41f865097f76f4936361f627f52a33d98e1d93"
"1793","benign","reference_001793.png","4","Benign","1","4193","8353d6031891194fa20bbd06e3258ce8834351a4d0ab3eb3f7bd94cd4934d842"
"1794","benign","reference_001794.png","4","Benign","1","6693","9623989c43a30e43226c8869a1710c6397b5c8ec39a2a309c00cb659c861b74a"
"1795","benign","reference_001795.png","4","Benign","3","6706","421d28cf680288c09e384dbaaf934c6de2f252ab085dfc508688766eb95f2cb4"
"1796","benign","reference_001796.png","4","Benign","3","8470","a638df9a4df158a666cb2654fc49d17fa515a7068656e1843c315478013a8301"
"1797","benign","reference_001797.png","4","Benign","5","4207","4d4620d26f14be2e75b43aeafd7dcd20786404689f3d0246d9181145ae61b7a7"
"1798","benign","reference_001798.png","4","Benign","1","3624","5b687893d86b3ea2f46eda6a8857090bb2b0a833a26a4ae09213368bf5859d20"
"1799","benign","reference_001799.png","4","Benign","3","6036","6a3da98190356ae31ee1f43f678be69b22877d92fdb5a5628f8254b8be894878"
"1800","benign","reference_001800.png","4","Benign","1","4212","f2edecc7af168b89b75a7376699e8ee975a5aaade4347a81c2bc2a32e2a8b6f6"
"1801","benign","reference_001801.png","4","Benign","1","4839","d99c6e00922563c1d7751be134562c7a9f5ae918f9cda94bd992307e93f94b1a"
"1802","benign","reference_001802.png","4","Benign","1","6702","33b07985455ddcea092276820daaf831b26fa0ebf5579d8e58b7c8e948177b00"
"1803","benign","reference_001803.png","4","Benign","1","6056","b6bdd068156bd5b2ad11b6769ff2f9d21e141b3d68c1b8dabbc3606f08f8969f"
"1804","benign","reference_001804.png","4","Benign","8","8626","b6773e2e61a5d01cb01c7df9710b4baec587ade4946d68076803bb200cbb0ea4"
"1805","benign","reference_001805.png","4","Benign","3","5937","c7689ae5c82352e56544cfc5a732d3476d8fd6aef0cbb1d721a3665e59d55b62"
"1806","benign","reference_001806.png","4","Benign","1","4812","e6b3a1703952fa4f3389c1ddb5b6041b6c039479c066739aa7297d0f08be9c18"
"1807","benign","reference_001807.png","4","Benign","3","7057","31c0271c1d1575a402efdcf69e6c688ec8f0775e25fcf986820cad836787c89c"
"1808","benign","reference_001808.png","4","Benign","1","5733","5bfae2b45ff8d6f733f68cbdd675ea29a95ee2974cfa2304104b277705643082"
"1809","benign","reference_001809.png","4","Benign","1","7398","3f4f5be90a37be59a1a45a78238605f69c304f032d09d4761c4b2f0be7e80fdc"
"1810","benign","reference_001810.png","4","Benign","1","3906","6a96f117a7e7221c6d977ca06be01edb4c2dd49b4103eab36905a680dac67da2"
"1811","benign","reference_001811.png","4","Benign","8","9463","5907525ff85265534d8e5bb446b364d686216d293270ca943971b09686cd8497"
"1812","benign","reference_001812.png","4","Benign","1","4080","cea8251dc6350f430293a2a0970412bdc0e7cec14346614536fd8581e2fbcb0a"
"1813","benign","reference_001813.png","4","Benign","1","6013","d2b3ee990a4181b0cd221699df8e865e17c952034347d0a9b58fe143a42e4f1c"
"1814","benign","reference_001814.png","4","Benign","3","8930","bb71df5c3b93521caf9493a7d3d65265c8c33ad044bc1cd01fb3619f3a1e324c"
"1815","benign","reference_001815.png","4","Benign","3","10557","d6ee619d35a468435a0559e18f217bb33d2ce0080d3b366b2dfe8cf457ba45c0"
"1816","benign","reference_001816.png","4","Benign","1","4196","319e3dfe337f84bb70a714a577544699487fc37da4b6800ea44782d224d67364"
"1817","benign","reference_001817.png","4","Benign","1","6826","bb7cc1eb1438167c47ef3370d3684db9ad3b98113b54a544d5cdbb5a457e7f86"
"1818","benign","reference_001818.png","4","Benign","1","6015","74a6fb22a151798e7257f4fafe709672ebaa8095804cfcc1235654c6276c565f"
"1819","benign","reference_001819.png","4","Benign","1","11675","16908725067e55b4ab8f7c3900bad65e65c7e8c3e975b8d7bafcc0bbdf31ef7f"
"1820","benign","reference_001820.png","4","Benign","1","7244","d1d3e6d42e51d5af39c8d70e044fcfaa067d1142de493f176f6dc5d7019488eb"
"1821","benign","reference_001821.png","4","Benign","1","6763","1e95c38d2e05f44d6d1c2c1f71429baa7190bda9ac3b922ad85f6b6169ef4aef"
"1822","benign","reference_001822.png","4","Benign","3","7809","5a830c6259e10bab189c4935822dd4ef1be2ea63dcf0313aaa2a3287efaf472b"
"1823","benign","reference_001823.png","4","Benign","3","11636","648f420e06e3ed3d03916acdc1bd69489230dbec3cd7b288f1ad2f562a0d9c28"
"1824","benign","reference_001824.png","4","Benign","3","6950","9bd008adfc1ba68b15f77fcb3386b59a67f6cc599d1a4ccfaf45619606fbe784"
"1825","benign","reference_001825.png","4","Benign","1","6797","04ec60484be2a1ace4f3792afa876f7b6b416b1671489403b677c5003718cc94"
"1826","benign","reference_001826.png","4","Benign","3","9193","a4ecd90c1626a30fc16401e3c21eee0992bf033f9a525f05867189dd6591c986"
"1827","benign","reference_001827.png","4","Benign","3","11139","9820f5491c0497025dfa0e96b959451194eabbf1632db5ef63e622240f9ace14"
"1828","benign","reference_001828.png","4","Benign","3","14719","dea1bb4177af81cb22d4087e11ad3c7d412019ce20025150074aaa24f416c974"
"1829","benign","reference_001829.png","4","Benign","3","8798","9585daa636dd2ccef3df84ff0964bedd4bab552b43077823784981395baed660"
"1830","benign","reference_001830.png","4","Benign","1","9775","c2d157887cb756739f24deed7c93f42b9edb3533978cb70fdef52eeab6e02fdd"
"1831","benign","reference_001831.png","4","Benign","3","9591","d4e023167500aa60da8a6c6273be454ffd62cf9845daa81af778b4024b45dcf5"
"1832","benign","reference_001832.png","4","Benign","3","6910","0301e063d5d4752c137d8f44e182702fba24b3d4cf749867bf04a0b0c0927232"
"1833","benign","reference_001833.png","4","Benign","1","9514","05810e69aa8ede3d55d8424783d74ea77ae43ec124068e6591c77d091b6de03d"
"1834","benign","reference_001834.png","4","Benign","3","7941","6163d426c1369c7efcea803c3a47d510c0ff54221b89cace93d7499f80c548b6"
"1835","benign","reference_001835.png","4","Benign","1","9765","771561fc759aa30b09dd2ff66186fd8360247888f2a7659218728047b3816a7d"
"1836","benign","reference_001836.png","4","Benign","1","4056","7221cf130c6afc753def1d6d865e67caa9f1c08889e9a1b59a3bb427f1a9695c"
"1837","benign","reference_001837.png","4","Benign","1","3918","4f77c53c69fca80787885ceea8e61313612ba03ed64aea8054e9e58faa05b3cb"
"1838","benign","reference_001838.png","4","Benign","3","6721","54d0b49b927ce76bfd6c79c98d2b6be6944c1d29a718d1f30c156d55372473f3"
"1839","benign","reference_001839.png","4","Benign","1","7266","7e30af0d77ea76fa345325fada3db18a9c8c85cd679d36e52b8a5a352daf4555"
"1840","benign","reference_001840.png","4","Benign","1","4024","c5599d5b0874a48b82f052246bb43db70fe0da1aadac1b7a178332b433765133"
"1841","benign","reference_001841.png","4","Benign","1","4109","e2a0f51850edd6e4670d8b13c7e61b087a20345d02bc26e7724fb1b7e06a778a"
"1842","benign","reference_001842.png","4","Benign","3","9573","737c9f756857391341570aed08a9d370d5cca350e930acb631a14a1e4aad7121"
"1843","benign","reference_001843.png","4","Benign","3","8436","1bd12e7f035f14defce8a090f6e01abf3ebeeaff34cf3b26a197665d3b73a7e7"
"1844","benign","reference_001844.png","4","Benign","3","9140","ad4b6bc758d3611aae53a940cf106f701a44bcbd60cab9170fafcba63c342646"
"1845","benign","reference_001845.png","4","Benign","1","6776","84d576edd8e9c32d6b1128403aaed7a3fd0c9502ac63c2ee480b82dabe6e2a77"
"1846","benign","reference_001846.png","4","Benign","1","4782","962f5dcea54aa71906d9215f0763ec0798d97b7a33decc1e17aa4d1fdd54afd9"
"1847","benign","reference_001847.png","4","Benign","1","7861","1aca24225d9a684ebece0a6665e51b38e5eb3887b7d51e8c0de7433e1b9c8b38"
"1848","benign","reference_001848.png","4","Benign","1","6957","734385a07f2dda43c98f736786c28e09e6dcfab9797b7889ac81eb099af64895"
"1849","benign","reference_001849.png","4","Benign","3","9311","61a3ab8dfdb6a759608fd7d838ddb1bd88e6507c8a9ef09d4dbb8b522199e588"
"1850","benign","reference_001850.png","4","Benign","3","11517","8d90c823ba0431c65b5dc01bfda92f45927c2f72431bf3acaa10213c625bc511"
"1851","benign","reference_001851.png","4","Benign","3","7281","9c584cea5ca1d13f24a93a59ccaa23f5dbe9da0792ede4facf80bd5ecef6d931"
"1852","benign","reference_001852.png","4","Benign","3","7054","5a8ead110e8a7eda095e29c2e637454bb5fcee5ed4f6a685cc823c8fca6f3584"
"1853","benign","reference_001853.png","4","Benign","1","6810","b935cce3ba98ca61afce808e8adebfd555d45f7ad7f58882b1f2a76f09095ffa"
"1854","benign","reference_001854.png","4","Benign","3","6791","1d2303c0d0a60a4df5b7f78f80e87144b67c05f2fa16ef3e665be12f5dcbc5d6"
"1855","benign","reference_001855.png","4","Benign","1","7591","5e914bf0845a7289925b6dbee9fa3e3b810e521467509d8380566ed7b4c684c4"
"1856","benign","reference_001856.png","4","Benign","1","7333","3aff2db3e594ec0f17a19dd0b4fb0f0055b222b31aa89706f2b20a40928928fe"
"1857","benign","reference_001857.png","4","Benign","1","4219","dd54594237dec8ba9eceed4f50f77449edaa70a67c9c749c2e148bfd940b9b8d"
"1858","benign","reference_001858.png","4","Benign","1","6807","43ac1f528773ef19a5326f0607f71db41cf7ba253415f15f63140f148c62e828"
"1859","benign","reference_001859.png","4","Benign","3","8355","32eb5a32f6771c08dc4264d1d0a6c505d1821865a05644d95dea6b4a7ae2dae9"
"1860","benign","reference_001860.png","4","Benign","3","10494","372609880714885ac04a87e38229a7a7a9ae970ec794a299a9a1e1d5c9fce61d"
"1861","benign","reference_001861.png","4","Benign","1","4201","59929b0c4c585806f8def54647632e165e8f2e8245ab16708f4744a935af228c"
"1862","benign","reference_001862.png","4","Benign","1","8762","8524cf452181254c3d3c3dbad476f982d3e819f92a4d85a21c7cea557edf951a"
"1863","benign","reference_001863.png","4","Benign","1","3669","4f1f0c617cfd6f80b30e5b292b5b7b450432aeafcaa86a81040e12edf77cad1b"
"1864","benign","reference_001864.png","4","Benign","3","8775","f6b1d90992ffc089f1c2d3d6003554d5d79ea9e9d11c4196db7d44f56186e768"
"1865","benign","reference_001865.png","4","Benign","1","8465","518fbfbb332cd9ad536261ad17d9dd26ca82df59485309576d0c9373cfad1370"
"1866","benign","reference_001866.png","4","Benign","1","6606","45c82c953a5ce45a435b4d7515bae0e518ab1a1b99920c34891fc5afe2d39347"
"1867","benign","reference_001867.png","4","Benign","3","9664","f36d9d2ef9393bbb77cb603107dbb032b2924eff51192c4d95963b97af49ecad"
"1868","benign","reference_001868.png","4","Benign","3","10659","8cbcc748cc9db1db9528d38f839a22666a92c4d6c0dec79cf154f261ebc129a5"
"1869","benign","reference_001869.png","4","Benign","3","13975","168a7dca8b88dca59cd5877d92ffc630669ea6ef89531d6fbd0e6dec03d47fba"
"1870","benign","reference_001870.png","4","Benign","1","3701","f706e361b0e1c41339fd293e34bddd1a6095e0c53c59fc06faf45ac9b9dbf2e4"
"1871","benign","reference_001871.png","4","Benign","3","6673","e5762dfa4c783685e1eb681cab0d0a2703bcdc539a49dbdef34abb4620b86ce7"
"1872","benign","reference_001872.png","4","Benign","1","5736","353bbd0d579959df69a2c1dceec1b8ec65ec2aa88df5b6f3f0c5e07afaf92acd"
"1873","benign","reference_001873.png","4","Benign","3","8401","64822f3d3a6546ff82f9a8457645dac7121bcf7d8f10dfa5db3efcd560c7211a"
"1874","benign","reference_001874.png","4","Benign","3","5709","d29cfc03b0ff4322d021e10d9972310bbdc8438bfeeb9d8265cf0c274188a9a9"
"1875","benign","reference_001875.png","4","Benign","3","9414","2c585ab53b42a6dcb0632514b4961f9e1adbc91e604733c504521f9a192c28c5"
"1876","benign","reference_001876.png","4","Benign","1","7410","24865389865d405943a3b7a08583e0fe272102241867ec03fdbee53df05d6364"
"1877","benign","reference_001877.png","4","Benign","1","7442","d645b49c5f30575a0f3c2f35a6f628757393d791da672ce0c43733bff5a9d6e4"
"1878","benign","reference_001878.png","4","Benign","1","4829","18cc7ea2c4a5dbed7d02061e8d12c773ec71feb02dc84ddfcbf9c7dff396876a"
"1879","benign","reference_001879.png","4","Benign","3","9789","1a26e3bc021f510915b1b5a3fc1e026755ca87b536da65f38d4244a5c0266ac6"
"1880","benign","reference_001880.png","4","Benign","3","9788","614caa1ffbfc359c7fd9ac24116aaa9eb2494d752e100a36d5d3c61a256e8ec6"
"1881","benign","reference_001881.png","4","Benign","1","7876","8da0078c92666d2394fb0bd74588a81ede5b8044e378fb989866b708c7b4f628"
"1882","benign","reference_001882.png","4","Benign","3","8670","dc9dedaaf04fa5b23e8946cc794b4ab37061d3076224108db238a4b3b8c272c5"
"1883","benign","reference_001883.png","4","Benign","1","11221","2628b51addb0e0e72b06b185b06c2dfb73947c4c885bcda25e186f8539ee27c9"
"1884","benign","reference_001884.png","4","Benign","1","6995","08c173e24aa5ac77d6af11417cf097ff8e7761c9399e85c2216e6adb34da3f2a"
"1885","benign","reference_001885.png","4","Benign","3","6961","a7a0b3f9be4241586a7dac0f4dd00d100b83cd751f983a2cafbd8d9538421390"
"1886","benign","reference_001886.png","4","Benign","1","7228","a17ab2db83e75025dd6dd8eb5ab54d08ba7d0e23da61b3b392fc847bb51930e3"
"1887","benign","reference_001887.png","4","Benign","3","9302","ab4d7973e973f0fb18fce8a023bd7ca852015aa24114c475a94a1f1468585729"
"1888","benign","reference_001888.png","4","Benign","1","3628","0c5358a487dcc84de17ad7ea24a5b014e70af1e5fa4511f1e75f1b6fa9c5573c"
"1889","benign","reference_001889.png","4","Benign","3","9544","f11409d0194934ffbb55522583eb1981b28ff611ca38fb46f7942792809381ec"
"1890","benign","reference_001890.png","4","Benign","3","6783","5bb339e6b0dd9f2c1b8f1b8e738e9757d7959d81f1d7de232c07709558589729"
"1891","benign","reference_001891.png","4","Benign","3","10498","7bce6e6d48e95d7d2e3582babb0a2d8e1358bf1f33c8c8f3aa901a6c7be7b041"
"1892","benign","reference_001892.png","4","Benign","3","7738","552640e4cce60da98cf876ad16c3632341bb48d4c20306c82b2ba3e3f8342f76"
"1893","benign","reference_001893.png","4","Benign","3","7719","8d5423a2c7baa4de088377140ccc124e391ab3db8d9e74c19bd6666ed2ddf928"
"1894","benign","reference_001894.png","4","Benign","3","9924","dbef080abf2a3ef531570814c1f87d2cbcf49cf59d6d5e8b104e17448db6a48c"
"1895","benign","reference_001895.png","4","Benign","3","7796","c578eb191844b038b21379ebce02b59bb274a025227b530e6783717c41655c63"
"1896","benign","reference_001896.png","4","Benign","3","8991","d998c60e42a61f6e94eaa0f438acb2d92e242b06360683cabac73b734361b540"
"1897","benign","reference_001897.png","4","Benign","3","9654","38b02ddb28486385cc4f7d184355a44f788f550ad1627b8ace82281b38dd30ac"
"1898","benign","reference_001898.png","4","Benign","3","6702","d213c168d37486dac5bf6737b1eda7e503998cf6fff6911b3ffa5d0df2568a56"
"1899","benign","reference_001899.png","4","Benign","3","6907","68180ad8adeb4dd6b69c7245ae0a30b90d65ec9d8de3f6e2f4037c4aac82475d"
"1900","benign","reference_001900.png","4","Benign","3","9220","73c081508df19347e232feb86e04948285c05fb6686cf39c6cecf7cf4730779d"
"1901","benign","reference_001901.png","4","Benign","1","6828","2c36bc77ea3353c44fc35bf3980432b41f27c333df1d64e8fc0bc864b83d157c"
"1902","benign","reference_001902.png","4","Benign","1","9026","19120adb98c63d3d98912bebf89d1bcf4c4f62cbacbecedf55a0e8e52d133158"
"1903","benign","reference_001903.png","4","Benign","1","6787","f48f04f20e53255644fc2b4a172c9ff39dc172028a187e7b5a3d69023af3f5f6"
"1904","benign","reference_001904.png","4","Benign","1","10821","1b2754c7709128fe3fb5ed4beb1b6a5328ad238fe8d669bc47d20481e5714663"
"1905","benign","reference_001905.png","4","Benign","3","7103","e4c1757f306a116b252353b776e0c11860e226ffc8a8a8d1fae16bd0fd0a995f"
"1906","benign","reference_001906.png","4","Benign","3","10456","e58d4fe79c76ce4d260f084c97d1bc6f924f3d83ebdb476bb0a1f5654795c160"
"1907","benign","reference_001907.png","4","Benign","1","7251","4555a1ceb0b64bbe5b9173f9abd46159224d674bdceba9f980e1b0f193932c43"
"1908","benign","reference_001908.png","4","Benign","3","8732","a66e3591e5f747dbe9fece61549804d3c38fbd5d92d3adbf3e6d5b70d6bed5af"
"1909","benign","reference_001909.png","4","Benign","3","9616","88334742a57745ae4a15ffbb09e2362799a3ba99ce7d89618031836e75f1e1ce"
"1910","benign","reference_001910.png","4","Benign","3","7811","ad2f1ee90d9c063f47fe6b4c5574654936b16033aab7061b9f6f3a96ebfda9ea"
"1911","benign","reference_001911.png","4","Benign","3","6627","2abf7fce631c1f7a20975842c7c6273d8dd89730b8773b7d335d326102259ba3"
"1912","benign","reference_001912.png","4","Benign","3","21226","2b6116729002beb1e1fae6e6adbe1fa305f1a9349a922b8b5de56c27d487df9b"
"1913","benign","reference_001913.png","4","Benign","3","9781","8662ae3875d4c6cf1de24628d35459204b21d0fe9a57ba4dab4110e43797d71d"
"1914","benign","reference_001914.png","4","Benign","1","7134","b21fd7b3aedf5064a9321d8416e9db8d269534f235a2604013936d49e4288861"
"1915","benign","reference_001915.png","4","Benign","1","10211","db390087306f890e3681dec127c19cef5c387ff6ba06564bb980cdc3a22db479"
"1916","benign","reference_001916.png","4","Benign","1","7940","4e751aa9e96b3167108fde9f4546ea217ee3647e9420966f130f0ad51e9cb31b"
"1917","benign","reference_001917.png","4","Benign","1","6783","396e1f4dd34190851400c057c17e2970ffebe94469d774b5b96cc4f16a6059b1"
"1918","benign","reference_001918.png","4","Benign","3","9229","c6b884ebfa32592ba0d377dd0a5381f11e6bd2ecec7942b46917adf70e316e12"
"1919","benign","reference_001919.png","4","Benign","1","6816","44865e9a440b2812cb4feeb3a783a4529f653876aaa3a773fc86485dce6fe892"
"1920","benign","reference_001920.png","4","Benign","3","11203","8f65a2d13d2d6a5dfa45a8b89ecac5095ff2152cb414c5cf8f18d2525ae9b363"
"1921","benign","reference_001921.png","4","Benign","1","9517","0f4c6c624fcdc2321e77d855e14281c9b91ab455d3ab36122579a67981d627df"
"1922","benign","reference_001922.png","4","Benign","1","5939","f7796fc031b75d52cf02d12b3054bde407498e77a3b6c040474b28a5d6d931e5"
"1923","benign","reference_001923.png","4","Benign","1","6607","f0f4d4ba989f3afe521326ebc3bc3b188e08be1a28415560762d801ad484b967"
"1924","benign","reference_001924.png","4","Benign","1","7835","0b8ea3e810ddff0cd0b140344d4d89a1681ba14f4e17001b7b3fa0db6d07aec3"
"1925","benign","reference_001925.png","4","Benign","1","4830","f1bb683cc4f1213c5a2190e1ec62118ab4c3e9995626d870b9e31b3e49ea43b2"
"1926","benign","reference_001926.png","4","Benign","1","6791","2a48c6653e024b0bed34e3bbe8dfbdef9dc930c209a55cbbda5c790fcd19eb88"
"1927","benign","reference_001927.png","4","Benign","3","8713","02394fbb9d8a410e896f55759d283ded773722229ca61fb7a8985203839cdca4"
"1928","benign","reference_001928.png","4","Benign","1","6684","6eff5b69809f749ef7c730a151e1618f0d433789f73110a7dd1687614c0811ab"
"1929","benign","reference_001929.png","4","Benign","1","7035","7ff231fc34da66563f6cb46dbb0f9b0b0efa943d683dab022c3df1948aa8fb25"
"1930","benign","reference_001930.png","4","Benign","3","8637","349cd883908a118a70ca7823eb22a6c48da64d46c3eb912bf97826a8c0a12873"
"1931","benign","reference_001931.png","4","Benign","3","27201","ac9d9bbdd9bcce805fcf8966716e573a80137053ed6acd8f3b486f79af86f9e1"
"1932","benign","reference_001932.png","4","Benign","3","8546","4d2f939cf2e2c1039ee5c288e0acb73d45ad7d80e7e788d03f7fd8e2d753aaf7"
"1933","benign","reference_001933.png","4","Benign","1","7180","d38326a3b5503e70e4835c5ebf77c786d05df3eaa90caa27b89c7300b3ef1231"
"1934","benign","reference_001934.png","4","Benign","3","7923","d7e56575a0622be8ee4383f2eaaa6c1ed3e86eae930f6b0cda254ec834b46c1d"
"1935","benign","reference_001935.png","4","Benign","1","8952","def39f6418881c7b80e2c7b0691e50e2985ea2ec9f3f09e4ba182a99c678a097"
"1936","benign","reference_001936.png","4","Benign","1","7636","75183e3cff49d6f0a394b2b8a24cc03ce27f7c4d033a8566e2d920bb899fcee5"
"1937","benign","reference_001937.png","4","Benign","1","6864","4c9326bd5e73ef1bf950e5854e403302797a9528b1b6dce0d57ac6d5e5d17a4e"
"1938","benign","reference_001938.png","4","Benign","3","7122","9bda8686367bb504f0f05a355eb95997c4cd43c9c6e83d0fcd9303afd8c8a149"
"1939","benign","reference_001939.png","4","Benign","1","7167","60e961fccae9c2b8d1adc7badec78cc95b638e38409ce520e6f3be0528f7c602"
"1940","benign","reference_001940.png","4","Benign","3","6952","bf513fbc93acafd838c264bc6af06903cc473284dacdf333527797e25d369a4a"
"1941","benign","reference_001941.png","4","Benign","1","7041","b68ad9de6b9c790c1acb1f06f31a203ce8a6e090f46c6f596725182dc9345ba7"
"1942","benign","reference_001942.png","4","Benign","3","3633","d908b4caa5c307a606c4536568d31e6553b859a490fed05b0740a0189e65b8cb"
"1943","benign","reference_001943.png","4","Benign","1","9699","5df55af582cb6e3e3b1e7da596719c7ee5d64d8e4a4e3b1d8e88e204002e94fc"
"1944","benign","reference_001944.png","4","Benign","3","8751","77909c81332d3a9ece44dc0dfd3d646652024360d96c35704ee396ff3613fc6d"
"1945","benign","reference_001945.png","4","Benign","3","9882","f8b65b01ff92ae6a118eff5373ae6b4014c5bfeb7ac5ea79bf15bb53c93480a8"
"1946","benign","reference_001946.png","4","Benign","1","7061","ba66b6084462b3c4813882f42aa99b2cbca4abe42065ad3800d66f3f69a5d82f"
"1947","benign","reference_001947.png","4","Benign","1","6048","1e43ffff88b635f98ce1a0b154f87692a1040720946b9b5e100e5a07ebd01947"
"1948","benign","reference_001948.png","4","Benign","1","4078","3c60b21953fd53c24306c3f7db59b6e302c049be64ee5d3c4c8f13a1ff8c6cb4"
"1949","benign","reference_001949.png","4","Benign","1","5032","24c02daf2b6e9336d18bc09663316f31cf2827217234b2e5ceed3a2088c38ac5"
"1950","benign","reference_001950.png","4","Benign","1","4156","9c643e7f3d02fd9f93eff84a01aac389427d8a8d6dc0db526032efc5b1557042"
"1951","benign","reference_001951.png","4","Benign","3","6776","9af416ed0373c5de18992620630f36a0d52b685231816344f6a77e2180751934"
"1952","benign","reference_001952.png","4","Benign","1","4678","5c80b5a7daca4d06b069901e18c5344f16a900e891c104d2006d5795c8225871"
"1953","benign","reference_001953.png","4","Benign","1","4671","2ca7499fc573a716c50232a67b2d2cdc17d44782f808a77eaea5206822ceea11"
"1954","benign","reference_001954.png","4","Benign","1","9985","cb65641588aebe5f9aad441e9a401f5958d7276553883e931667e12a48b722f2"
"1955","benign","reference_001955.png","4","Benign","3","4615","e62e4d06a87097428e77390e8ae7be405bbe4dce30c57d04e2ed84c8f9769d89"
"1956","benign","reference_001956.png","4","Benign","3","8726","d363ac048fa927d5c7bad38666f333184cd21798f461a5dadfb5cce60fe534d5"
"1957","benign","reference_001957.png","4","Benign","1","4488","f2a7742716e0ae488b015cd7830a1dce18f34a5abdd483473f10cc9e7ac97d71"
"1958","benign","reference_001958.png","4","Benign","1","4200","485896f50bd1062356aabf38954f294e0cf7c0c570cda52415c79f6ee037198b"
"1959","benign","reference_001959.png","4","Benign","1","3858","bbc361affe264047e27452e2a9ab0fa7c3f8077b46956bcc2761201197585579"
"1960","benign","reference_001960.png","4","Benign","1","4967","0259d678ac2b8e9666c4ffd8af380865e8626f5c31c938b2243a64a9c58cd1a3"
"1961","benign","reference_001961.png","4","Benign","1","5910","65652b57c0202c06357f1cda78665722151a9bad931a5e76503b1f8e8bc82eaf"
"1962","benign","reference_001962.png","4","Benign","1","3948","26f4d8273ad8d7b9f51363908b10e4433c39db9a8565a89387039ee622cd3b0e"
"1963","benign","reference_001963.png","4","Benign","3","7377","f24a3373a2e9c7465428e29a1a443f062632f337eb96ceb19a2b4574168795e8"
"1964","benign","reference_001964.png","4","Benign","3","5749","0e91e07f5bb3986f8b004fdeb689c687eacd0ce6f80d755f493b6d2bf470de50"
"1965","benign","reference_001965.png","4","Benign","1","4541","8212539dbae1d77a3c25f9d40d8bf02ba3ce5edbcf7c8b9ffffa21edff4979a5"
"1966","benign","reference_001966.png","4","Benign","1","4522","f555c3d760c798cec7829b0c54388d7a85ad174fd82f3d1d2e4c512ec40cf8e3"
"1967","benign","reference_001967.png","4","Benign","1","7570","cf419d759300debe4214b379c790d3d0e463a004e4f36199905efb1583ab6e87"
"1968","benign","reference_001968.png","4","Benign","1","4043","7675d3cb82ebcca16c03b68bf3793fc9ad5775fb822e14f9aca4174ad4a9b7f2"
"1969","benign","reference_001969.png","4","Benign","1","4052","f0d76905e718866c4161edc5f60c8558cdb13cd9d39eb7e04a3acbf9d6c4bab1"
"1970","benign","reference_001970.png","4","Benign","1","4151","5d345fe42656b59c87acc38f1264bd8f945c1b6b39d1f819866338579245b76a"
"1971","benign","reference_001971.png","4","Benign","1","3725","7eec5239c055f3ea74947b935b5c5db743eb1d0c5ef193b230094e0101748f55"
"1972","benign","reference_001972.png","4","Benign","3","5655","af3b0d543252e9e7157f27741e7263fed1feb969951aae2d3a5ffa063ef96c48"
"1973","benign","reference_001973.png","4","Benign","3","5920","f979ad02fab592c465c79ed437862deb1e48aab590b5263baf1ea2f7207d82bb"
"1974","benign","reference_001974.png","4","Benign","1","4379","ea5c142fded4436b37ee0162a3ab37759a7288025fe3403d20a11e977c870540"
"1975","benign","reference_001975.png","4","Benign","3","13317","3f89bc4e5e26567a4c549d7662a6e65df4ead86ad6bad0f40a10997da51fce93"
"1976","benign","reference_001976.png","4","Benign","1","3630","05b1f96dd0ca97293960a79065f98154a15fcbe2d95445dfd9869ceadeb9222f"
"1977","benign","reference_001977.png","4","Benign","4","8908","29458a9d2a0eaba7aa54009b97d01ff00e1000fa03744044ac1f637c2a97f202"
"1978","benign","reference_001978.png","4","Benign","6","17071","4cb96e972f798ff6031deaca5f887b1acc162e276b35f8aa2203216a7d6371ee"
"1979","benign","reference_001979.png","4","Benign","6","8438","5a48bbf45e819bb89bca330e8b9e433f37efa80492d537d1fca6ca6360e1972d"
"1980","benign","reference_001980.png","4","Benign","6","8438","623b0e0df0debe9ffd5eb8b8e013d64bdec48ea98afc1b186c4ee5982ac1a9a2"
"1981","benign","reference_001981.png","4","Benign","6","23330","564bedde6220306a83955d144cefb17fc62ee0baca9188473397e4e0fb997343"
"1982","benign","reference_001982.png","4","Benign","6","17075","482dd8ab295d1bf7b8ce221e771cd48df89b0fbd03db91e8dc2c8d7a86e6a200"
"1983","benign","reference_001983.png","4","Benign","6","8907","cde79a973f6f4459e4b05ef4103c063e654615f12fa746918d5150cd2fc71a69"
"1984","benign","reference_001984.png","4","Benign","6","22351","21d97836ce5046534850eb26654e4d5db6284e0371b674195e977ab5ef838453"
"1985","benign","reference_001985.png","4","Benign","6","23592","930df45f0a8f821e53970f773edf3606512b01723bff8dfe83f8e44c4d7355cd"
"1986","benign","reference_001986.png","4","Benign","4","7483","cfdcd9d60b811825e63f88809ec02318fce9f4da859cf8c43e707b7c03b99554"
"1987","benign","reference_001987.png","4","Benign","6","25536","16d727e593b76cf1612510727c8d0d972595edfb9916f6a61d1e293af0faead4"
"1988","benign","reference_001988.png","4","Benign","6","24731","3af3769186863b7a27a8946e2a214dbd2436b4dda5de26ebc53ea81ebd3a2108"
"1989","benign","reference_001989.png","4","Benign","6","17075","45b8c5c22f09f506c7487c6a7e81be80b8d9747c6cf34026637cf53f7c7bf68f"
"1990","benign","reference_001990.png","4","Benign","6","22388","8994934358981894c2a49bd5b70d76ff54dcb34baba3469ce1731008f51c3290"
"1991","benign","reference_001991.png","4","Benign","6","24121","91615c7aa67822a2e5a6e0a649f85e388ae15b334176b5d28169f43b3f5411f1"
"1992","benign","reference_001992.png","4","Benign","4","7482","2824bedfcd5e403c11889352729b96423f93f08239a7d288af112b6cf5242241"
"1993","benign","reference_001993.png","4","Benign","6","17071","a18d70f01cf729a0e6bf761e4c4d8a99be507217bd963ce037788b08c20af892"
"1994","benign","reference_001994.png","4","Benign","6","17071","40ac5400ec9743c20f7040774b6a09cb9a6e1d15233fe70ff77d20696f53eae8"
"1995","benign","reference_001995.png","4","Benign","6","17090","9c60bf130f45d8d7136bf7626a7ebaba127dfe108af52fbb678726cb3792ed5d"
"1996","benign","reference_001996.png","4","Benign","4","8902","0af070f1fbb4fc19c9872e16bc79d1321cdafa863032b5fc5ab31a1ff35265b6"
"1997","benign","reference_001997.png","4","Benign","6","22417","fc9a902458f2d13107df5ff0254e1f606baf76874f76eae171a69d3744f11bc7"
"1998","benign","reference_001998.png","4","Benign","6","8907","a7b9323cbe4387f85dba0778e5624823c1e45a30c188bc5ebe02a5cc1d82b715"
"1999","benign","reference_001999.png","4","Benign","4","7482","a27d56282b1e3e99f1f7df3e945538d9b755000f6847128bbaa098eb7c961137"
"2000","benign","reference_002000.png","4","Benign","6","23967","2ef79de36c96ee2adce1fedc105c4e8060a0537c8386ce658522933c45630910"
"2001","benign","reference_002001.png","4","Benign","6","22173","f3ad59bdbd36926e3bf98c83ef269a646e4a64a45e95969b8341671feb33eb6d"
"2002","benign","reference_002002.png","4","Benign","4","8439","cc3a1f2c22c5e8e01befbd640d0800b0bb6a9f2d5228777e507b963f64ce8114"
"2003","benign","reference_002003.png","4","Benign","6","7482","0f1a00c28f92810b17328c0781d660def9491b11449a95921b8f37d597a5ae76"
"2004","benign","reference_002004.png","4","Benign","4","8438","590dc7e70a5c2c04402414e18f5c5745729f8966d8900d09c8524af95363f760"
"2005","benign","reference_002005.png","4","Benign","6","32115","df2f508875b40492534c16a217c276d2782e51c60a6dbccc7a24e43ddddc443e"
"2006","benign","reference_002006.png","4","Benign","6","8908","9cb558927a91744798d502d66c967ea7c9da5aa6e21abbf8cc59f9a8f6ea7034"
"2007","benign","reference_002007.png","4","Benign","6","17076","81e1ba64a010aa32527b22026101e5f54f786500208d2fd0be0dbd1bcca6343f"
"2008","benign","reference_002008.png","4","Benign","6","17072","4bb954ca0e8a66350f8064fefed150ababb87f1ad00109571a5039d060a50029"
"2009","benign","reference_002009.png","4","Benign","6","27009","12d0fdaf9aa166380403ab24280f038b5ae613153939dc08da50e240bf4ec5a8"
"2010","benign","reference_002010.png","4","Benign","6","8439","c2aa341fa8b9407dfeed82075287d76b48fb266b6fce0324aa982993f0b110b8"
"2011","benign","reference_002011.png","4","Benign","4","7483","f0edc4daf0d2af33a31a86753a430c8b9a7112678ee6bcb870ae25a2d842b5ae"
"2012","benign","reference_002012.png","4","Benign","6","8908","de10e45559880507367b6d5af69a1b7bec4429391246a28eab01c471305b417a"
"2013","benign","reference_002013.png","4","Benign","6","8438","3771032e5a8b227808b3a1a1c1ba9f0b8a1c6f9131910c56a13688e14ae35f7a"
"2014","benign","reference_002014.png","4","Benign","6","24118","52cc5b0667dd265468d99f6f01214cf6022bf8a1c99168f45e0b9f900058a6d9"
"2015","benign","reference_002015.png","4","Benign","6","17092","9935c548889410f0921161ba5fa893659289f9fd88f9d5c8933a6257c64d347b"
"2016","benign","reference_002016.png","4","Benign","6","24165","d61a9e6c1972606ea8c322e84d67081fa7075edf8c4c9b8c0aa486c0e5acb3ec"
"2017","benign","reference_002017.png","4","Benign","6","8438","dfc652c94777558b4afb0702010a6a04ddb740635ad89d7c398d1191ff075372"
"2018","benign","reference_002018.png","4","Benign","6","27035","bad1f7aa3e8ed327d94e6d653d1f5858928a169fa731c8e1d0025646fe3a02a9"
"2019","benign","reference_002019.png","4","Benign","6","22384","be17f5250bead539441fa5705d454d1e3731bd673370b2d187792fac8960e127"
"2020","benign","reference_002020.png","4","Benign","4","8439","1bb9923cf948de2f0068b132e7ae595ede02d01601e21712de76136dd109c3bd"
"2021","benign","reference_002021.png","4","Benign","6","17092","b1b1ec7539c5c6282d019ef755150bc6dabb2b3ab6cef0e4e5a74eb5ffe94f3a"
"2022","benign","reference_002022.png","4","Benign","6","8908","316eaba899146cfc3fdd57ec16eab820b265a9beaec8ddbbcfee0fe123b1986d"
"2023","benign","reference_002023.png","4","Benign","6","23237","a3b73c182fe2a3afbdcdf42feadbf7883c9cf1b643e3236a33b10c065c338f43"
"2024","benign","reference_002024.png","4","Benign","6","23984","523ace6c8e7f1569a04c97441968a44dec8ec1ba1f2752d249e0db7ac41b5e7a"
"2025","benign","reference_002025.png","4","Benign","6","24610","b4ff192da6e9566c8ada866b7e6daec2ed98fdaa471898d9e0ae95c3554457f0"
"2026","benign","reference_002026.png","4","Benign","4","7483","df5b41479107f570b90ff96d3990fe2f78505d683b3716c1926edc4f529f8a97"
"2027","benign","reference_002027.png","4","Benign","6","8438","83ace56e2d4e012661846bea44dd17127b147e018992be46ea081f3addb95f27"
"2028","benign","reference_002028.png","4","Benign","6","17072","cf74da23cbc50a5559bf386a4801cee35090600eff2c3a296de91444e59730e9"
"2029","benign","reference_002029.png","4","Benign","6","8908","8d05f65453717cbbf77b7087083b92d4a7cd51fa0b0a071cf82c8d5d9a3be805"
"2030","benign","reference_002030.png","4","Benign","6","7482","f4c85860015eb1ec5e4e1f94511d30927b98919704096d12e2ee5c6781677bf4"
"2031","benign","reference_002031.png","4","Benign","6","7483","b801465b291467c5c23db926c606fcd04f6e027b015f9dcfe4753dd70eaa9d63"
"2032","benign","reference_002032.png","4","Benign","6","8438","6ac7303edc53292268fce770a4296e4f36aa09c76c70f314f50ed6bf64eb9af9"
"2033","benign","reference_002033.png","4","Benign","6","8903","d4d0f640ed50576c35a141c747bf6a738a85607dd746d5ad8cf4d11c22f33ed4"
"2034","benign","reference_002034.png","4","Benign","6","8902","f661ff775b114c732052cbb3f41a34b474b91415cff838a414f50ee6287fa541"
"2035","benign","reference_002035.png","4","Benign","6","17064","6ee0a962c15dee1c5e2d8a35a244fd55c41dd9196f2675abcc2173db1d6b8a0d"
"2036","benign","reference_002036.png","4","Benign","6","26960","6945d89c5c3b4eec4ff3f7078e39e119568530063a142612f3f721ae4e72c993"
"2037","benign","reference_002037.png","4","Benign","6","24671","bf9969ac0804dfe05ca3fb6f81a33318c18156562000abe4adb4d3a0170b5e96"
"2038","benign","reference_002038.png","4","Benign","6","8903","16d4d033e1d191811d08ed162fef9e43c9ae8a83809f65bc4f8e2f1f7ac00aa0"
"2039","benign","reference_002039.png","4","Benign","6","17075","98d992a75c0186391176d470e3f4eccb7d8e27a6b585aae5afeba0fbf5488e18"
"2040","benign","reference_002040.png","4","Benign","6","17066","060b811f50aae6b18fe761d6a4190639e0d430ca68748c17015ae73d0604f13b"
"2041","benign","reference_002041.png","4","Benign","4","7483","ad5ac5acdb0ad2ebbbbfe91dbc8af0dd5117756c07e2c709dee4a14aca51f15d"
"2042","benign","reference_002042.png","4","Benign","6","17074","cf6b9bab70be93b594fbab77adb8587c50985abcdee4c7f36dbb4eae73df2c58"
"2043","benign","reference_002043.png","4","Benign","6","8909","0d27c6d48db39d8a0f27c0c3c2042887025211831c1540a754fdf97eefb95e50"
"2044","benign","reference_002044.png","4","Benign","6","22414","7ac663686a32af4360a71c6c9f776e01fa8d5fd0473b324e463556c3d9d9aef6"
"2045","benign","reference_002045.png","4","Benign","6","8902","4e07ce07f3f134443018941e93c7e2ba8d315c7dbd426c2015dbaafab1e5b7a2"
"2046","benign","reference_002046.png","4","Benign","6","8439","ce40f1e01865996c9f3183f39cc19160117e8f32cebb4737e18798f84d5dec9f"
"2047","benign","reference_002047.png","4","Benign","6","8908","15dd69cb8457457cdd129cae4f81fffcdfaf212a35a85b01d8d308f74bfcb5c4"
"2048","benign","reference_002048.png","4","Benign","6","8438","6f6eb8d6dbe9ad2f45fae1fe829b25e2c848bb5b8486e0d147b4f5d519298909"
"2049","benign","reference_002049.png","4","Benign","6","8903","3b166a223aec2dfd769f3922b87e76990db63f36629ada45fa3b5d827ca2dbe9"
"2050","benign","reference_002050.png","4","Benign","6","22226","9a51a5eee8ca930ae092471e6b4231f3e27ac5b6b48a6bdb6a57c5b5518be6e0"
"2051","benign","reference_002051.png","4","Benign","6","7482","9e9243187aba85c604dcabaf7715f0dcafd51e7995b09e35bc7b66720f5d1dc9"
"2052","benign","reference_002052.png","4","Benign","6","17081","2287ddbf1e87857bf02472ca68121f6af620703884a5f7d6ae9ffad77b4ca67f"
"2053","benign","reference_002053.png","4","Benign","6","8909","c9fab896bbad48f980ab4cdfc6f239cc68266f9c87dd3b88379de216885be429"
"2054","benign","reference_002054.png","4","Benign","6","8439","4d5cd05bca7c79fe7412de02e387389de1c7778cfc80e187f3581bb2eeb0d19f"
"2055","benign","reference_002055.png","4","Benign","6","8909","93d1ee2d12d0547628fdd44a77a8b6c9045594434913eeaf5f2e2b7546f2a7e0"
"2056","benign","reference_002056.png","4","Benign","6","32740","081a59b0b52344170f908b28fb228bcd3f99fa8994929c9871635c0f85e8fff5"
"2057","benign","reference_002057.png","4","Benign","6","23140","50592df094a87a79c4a168b951cbc20390476d6fda5cb93b3bac1efdbfae3f77"
"2058","benign","reference_002058.png","4","Benign","6","8439","2a7c4bc0b1073b347cd7a64584f659586979547f7ef9034f70e7e9623b930af7"
"2059","benign","reference_002059.png","4","Benign","6","8438","ff91c7b300b567f082754eb6de91bc347f64489d5ef6d37b8ab55fe39d52c907"
"2060","benign","reference_002060.png","4","Benign","6","17066","3b5c0446b543be5069afdcb1c920de5a238c86bce9233b28f13f4203b39b3dd1"
"2061","benign","reference_002061.png","4","Benign","6","8439","43e0b0f3346306f2010ccdade9fe5e033e933a5292af4508bed21a0980ccdece"
"2062","benign","reference_002062.png","4","Benign","4","8438","fdb60d943c370b5794b7bbe001ccc82cab6e8114a60ab2971d2028c503d6f2a1"
"2063","benign","reference_002063.png","4","Benign","6","22400","78c29b5a3dc53ed2468104b5e096c10a38f74ac2e4a597f7bb806f1e18f818de"
"2064","benign","reference_002064.png","4","Benign","6","7483","0375e3e6df864d75e8972dced39b3808a76d68582e871646694b27c7b099a360"
"2065","benign","reference_002065.png","4","Benign","6","8908","12e99517a28222339cd138faa42a1f962754c855a0b9b956d645f6ab5d2df861"
"2066","benign","reference_002066.png","4","Benign","4","8437","7039e5a9516dc1dbfcd3aba35312e03e426c6f71c0fac9a7a82f1f80025f0824"
"2067","benign","reference_002067.png","4","Benign","4","4444","6a63507c52c585b322e23ceec669be2ccb5f5ffd5e271f0bf2bf3c8e391530fb"
"2068","benign","reference_002068.png","4","Benign","4","4444","1dc3db7946dc238f6eff8ffce3d59eae7d3dd004a64d2d933956a807a5069619"
"2069","benign","reference_002069.png","4","Benign","4","4444","133c58381f0ff7a1c0aea0d919ba0e388773f92e5990c87530844a4ee255182f"
"2070","benign","reference_002070.png","4","Benign","4","4444","303c958df9baa136df5950ca1daa7165175237cfe91430d3a7ce8da582ac00eb"
"2071","benign","reference_002071.png","4","Benign","4","4445","410740ce633bafc5e8503d4641e3ea7cab23ce0d2e5955c51d7c3cd44ec4d9e2"
"2072","benign","reference_002072.png","4","Benign","4","4445","b83f687cd43649f97757ea56469644c601645c99f1f1fd938c363cdf94f369b2"
"2073","benign","reference_002073.png","4","Benign","4","3915","9ebe490128971757e56ddbcf343d2c19eced47f76fc814e96d2c1e09b6aad87e"
"2074","benign","reference_002074.png","4","Benign","4","3915","34631d282aa0ca423c3d68b5f077787ae6750bb53870fc5a38c73f5b3338f9da"
"2075","benign","reference_002075.png","4","Benign","4","3915","38930ac64a9d7c947a81caf23046ee39799d17d36bbea62bc80efedd3164f8fd"
"2076","benign","reference_002076.png","4","Benign","4","3915","d91b3a60f5765934c0af4be757a1fd8ddce658dfc55c061acbcc228a81651607"
"2077","benign","reference_002077.png","4","Benign","4","3915","4c1ea28688b2e2359812355e289f791a6408153e7d76b17a78771fe69285f7b2"
"2078","benign","reference_002078.png","4","Benign","4","3915","74ed48c8dd0aa1a7b1235083240bb3ffc6c49e5a47c3d749d00651bc7ca9ba1c"
"2079","benign","reference_002079.png","4","Benign","4","3915","76c588507443796515de624e1148f4e2ec117445c3c3c7d9b7f7439fc267c137"
"2080","benign","reference_002080.png","4","Benign","4","3883","cb03a246746c1ea8473805cc512b4f1af31731229403f28bf317df8236c098c8"
"2081","benign","reference_002081.png","4","Benign","4","3883","594e0c11c7d884ff67d78eb654d928701edb1222abc711b97a1b3f58609c2cbb"
"2082","benign","reference_002082.png","4","Benign","4","3883","c2993e7b2d493f52d4fa9817ad36c702449fde4e89a6200b17f386f4ade66223"
"2083","benign","reference_002083.png","4","Benign","4","3883","8cc65516af140e440cd1fa1acd2c9b739510740d73abdcca24e8db4afd604ed2"
"2084","benign","reference_002084.png","4","Benign","4","3884","a27caabbda0a14da59cd4d682350e19c0d1f4a1182a2492101f6de0c959daf27"
"2085","benign","reference_002085.png","4","Benign","4","3884","c99ae5a18134b7970ce81cbf3bfbd6b8ab80727d48600af3a8ed5fa656bc6023"
"2086","benign","reference_002086.png","4","Benign","6","10989","91a8c2b628e946bcf9818d858558c5c80062cb3dbb6f182f60fa7be3c5ab2a66"
"2087","benign","reference_002087.png","4","Benign","4","4106","8b79170aca2e1c93eb19604de80202abe6ab145384ca2d738d1df99a22d59b82"
"2088","benign","reference_002088.png","4","Benign","4","4106","54530ae0bfeb043cef081f8cef6dd1b932f9b559db8adb3c0e3bc0da01b3e1d0"
"2089","benign","reference_002089.png","4","Benign","4","4106","839e9dbbfe7cf08a31cd7f4ed04af8c5e7b695b763d5b97a1b8a5673477a4602"
"2090","benign","reference_002090.png","4","Benign","4","4106","f4f3c0ca21abe9d39c4c7a22d1756a73b09e272ee7d830e8de00751eee568903"
"2091","benign","reference_002091.png","4","Benign","4","4106","5495c737baa49460400de49cf2ea2acd27c96c07f19faa06694a0d932b7f2652"
"2092","benign","reference_002092.png","4","Benign","4","4106","61b7af2e0353b7154f225f952c58511e4d8c165389e119472ddf0cc2f440a34f"
"2093","benign","reference_002093.png","4","Benign","4","4106","c8bb9db8e90abdf06ec01d816c800c9d5683a8b7e288d8e9fe09b2774b62c832"
"2094","benign","reference_002094.png","4","Benign","4","4106","aa3bc12d7dcb323c9688ecc2c5ada90ed4c72888c0da184f3910c5cc726e38b2"
"2095","benign","reference_002095.png","4","Benign","4","4106","c076df3d9889f6f502b7396d8dc8ab514c500fdac1a796b926301ba54b030050"
"2096","benign","reference_002096.png","4","Benign","4","4106","46d0c589a78181eca00f6e5051584113356732765d56cd0130cf2bed962f8840"
"2097","benign","reference_002097.png","4","Benign","4","4106","0595b64833932b0e9d0a047254fa92be1f7d89eeb3cf9fbc4093ac031f05d0b2"
"2098","benign","reference_002098.png","4","Benign","4","4106","4d88a00281f57f9fa6cce7224995923e0c2a76030a2f9a355df4a51cfe5b0410"
"2099","benign","reference_002099.png","4","Benign","4","4106","09740bc5ba8e452a5efb10bfd08488b57dcdb59d280759418071f6e0c9c70d31"
"2100","benign","reference_002100.png","4","Benign","4","5918","d4adfafeec63955baa0386a9c1f9038eca0768ba50bf9ff8b7944532b95715c4"
"2101","benign","reference_002101.png","4","Benign","4","6008","3782cf77750782e79da187fbf5ad8c2460606a558932e2d277adc4a5a1c1141b"
"2102","benign","reference_002102.png","4","Benign","4","6011","ff87adf13a387d25953ecba81005e370d1494a90d4067afc159fbf26c57ba97a"
"2103","benign","reference_002103.png","4","Benign","4","6011","408e640f2f7640d8f7ea23170606eedc12565eae1a96aa8b6b0b04552f523bd1"
"2104","benign","reference_002104.png","4","Benign","4","5919","eaca389dfef4b8b1cd9448deb7386e5fd11f6a97d599b7211e1055aa418a7f84"
"2105","benign","reference_002105.png","4","Benign","4","6817","26f0cd514ace755485f6e1db785f76ecc7ca83eede7023e1afe7bd0bf68a7288"
"2106","benign","reference_002106.png","4","Benign","4","6006","df6436d25cc1724278005d423d2909d9c35a12df848b85758a202ce326e57c9e"
"2107","benign","reference_002107.png","4","Benign","4","6008","fad97ff1dd27fe535a5062d084b4a4d98c5263e0336d2ee7fdfaa616e612e23f"
"2108","benign","reference_002108.png","4","Benign","4","5917","17d7d1739b4b3d446951c4545dcede1662fde6264fe9ae852523877b2c48f8b5"
"2109","benign","reference_002109.png","4","Benign","4","5918","a3f91c971e1844157607f8f539d42d2ab345a894961d04384ee380f951dcd124"
"2110","benign","reference_002110.png","4","Benign","4","6006","bd6fca3b75ccbf384ca8e10aef69077f82f9724a38072756eccfd3c287250487"
"2111","benign","reference_002111.png","4","Benign","4","3869","edf27dcd994b22963f8ca59d352f925bc1afa30c924d68d47e573c0ffd0803da"
"2112","benign","reference_002112.png","4","Benign","4","3869","9d8a1db24a06ea72e6ba4b29bd35a5ee72b653f595467f0ae552776dad5e2a27"
"2113","benign","reference_002113.png","4","Benign","4","3869","3d086c5587d6e38a483c0590efe86f468d98282716a69065a6b9a8c6f7e0fd5c"
"2114","benign","reference_002114.png","4","Benign","4","3869","591e46238a0ff683475aca7e56e4b97deeb03576c9e81e71848047cac2a5ad0e"
"2115","benign","reference_002115.png","4","Benign","4","3869","02e26fc317732631db087b691ff0f91a3ba658500cfc2ae166cf7cc0786f8abb"
"2116","benign","reference_002116.png","4","Benign","4","3869","50cd3193c4ce9c1eccc82036a7bfd76e3ed5d289fda4b46ec46b710483471b1b"
"2117","benign","reference_002117.png","4","Benign","4","3869","7eeec8ffd6240767a76807212a1eb1987f58128b0a13c6f8b030269282f44d5a"
"2118","benign","reference_002118.png","4","Benign","4","3869","c9f747744f9fe3f88cb05520df92afa2659aa1a7dc78189744e5f3d9519fc5d1"
"2119","benign","reference_002119.png","4","Benign","4","3869","73b08a64edc2abef8cfeebfb208fddcbf6a4bde5dc4c35fde57b1f662925fc76"
"2120","benign","reference_002120.png","4","Benign","4","3869","740227c0ada3f9e7fe963f3f97f90bd894f8983758636baf88dcce31dd4a4ac9"
"2121","benign","reference_002121.png","4","Benign","4","3869","02afa6f813b9afcce6823f3695b35d6c609135acd1ebe029de6e106f3935706a"
"2122","benign","reference_002122.png","4","Benign","4","3869","cba5b6b980f149d8e957f3fb3f95c60f98c0bdf829d43d9b51bfe8aeb25c59dc"
"2123","benign","reference_002123.png","4","Benign","4","3869","48d4f1ce100289f9b8ff44382ca8b01e640ad300d4c4b6274939560ad72dd9be"
"2124","benign","reference_002124.png","4","Benign","4","3869","cfa3558ec21caf757a792e1774ce133af08a7c6165278374802e40c5d7c6a308"
"2125","benign","reference_002125.png","4","Benign","4","3869","cdd08b7c31115eb328d0f66aa136c91981caa9a979503032de849959f8b4b3fb"
"2126","benign","reference_002126.png","4","Benign","4","3869","f15609c471622a499879fbec8e6360ead9bf049bbf59337dd71579c8fb396aa1"
"2127","benign","reference_002127.png","4","Benign","4","3869","bc12ea171e5fa9a0301207933f0b4e512db08842c67133b1b737bfbd9910606f"
"2128","benign","reference_002128.png","4","Benign","4","3869","f8e753aeef41c6b8baca512d4d6c379876a68e9a5ffa238d858ea6baf15841e8"
"2129","benign","reference_002129.png","4","Benign","4","3869","9c12f65e4991884075f75d269ca84dacd756bc3ecb93f51d64eb2bafeb588b9b"
"2130","benign","reference_002130.png","4","Benign","4","3869","7ef58b994e1fc69ad10d6d8cb7294b12d076d5411d3c7a6d0bfb5eac09e08977"
"2131","benign","reference_002131.png","4","Benign","4","3869","00eaae192b4d990bf41cb2d944be3e28824d2450a367b221be04201ba7ea453c"
"2132","benign","reference_002132.png","4","Benign","4","3869","5b6f248b274ec1db8df2e92abd8087bdb2fb3e6517973c5d66e80a72a3749d94"
"2133","benign","reference_002133.png","4","Benign","4","5919","e558d65f75dbe953be388a5190dac303530699c72f4f7fd5c85cc18930c24c45"
"2134","benign","reference_002134.png","4","Benign","4","5918","00c7ff6cc382088d3e5e9a03139392c39b260f33ec8dcc0a0553e40c46cdce23"
"2135","benign","reference_002135.png","4","Benign","4","6010","1cc88cc4790e161e723ccb4e4ffb0f0de749ceb7c00748fe21b36328b335b077"
"2136","benign","reference_002136.png","4","Benign","4","5919","5b443a7c462e2a6c51e254dbb8328a08288027f2b3f35aa5dc464c3275f211f5"
"2137","benign","reference_002137.png","4","Benign","4","6008","56c90aad340ae7b14721bd15f1b9edbab318bf04aa878e7fcb1510df3667b815"
"2138","benign","reference_002138.png","4","Benign","4","6012","aa5ce79bbed52819ea4f18ecd5477b679d09218cb4a874a3b09808dd85e42b95"
"2139","benign","reference_002139.png","4","Benign","4","6011","87c5e026248ec6c7ae335927dd3eae05c46e45af9111be892ad577790c3da6cd"
"2140","benign","reference_002140.png","4","Benign","4","5918","152aa36ddf679b07d8556adb0691f6a25303ef6efef1fac907527fa326cfaca6"
"2141","benign","reference_002141.png","4","Benign","4","6007","af824e51e8b4484253bae34e171c78656065b2d858af5542f4dcf3953ff212a9"
"2142","benign","reference_002142.png","4","Benign","4","5918","e61bce2d10644cbf551614f4388dd94cbfeabf4fe6810fe991c1b1964d8fd32b"
"2143","benign","reference_002143.png","4","Benign","6","9747","177c0749ede309950ec09944ce448993a44af24b52274f8eb2c109546b470098"
"2144","benign","reference_002144.png","4","Benign","4","5794","03d9b7c91d8fd45547118fc12eb834a15de96b59caf3f5aa469369c882ba55e8"
"2145","benign","reference_002145.png","4","Benign","6","9408","f8002b3b9cf125f9d55d3e276e6d79b7f6805084893c563fe1bd45f07b8945b2"
"2146","benign","reference_002146.png","4","Benign","6","5797","a781637a1c5af47b68f907fc8f7f058799426109d8fdb5f96525ac341b801f1a"
"2147","benign","reference_002147.png","4","Benign","4","5796","673101992e7a419b4ac7ac376c55824c049950ec87002acc7d0405822a00f859"
"2148","benign","reference_002148.png","4","Benign","6","5781","9a87684d70215e8a9f76240f34492e27c9a9905c85b394cc87e553c7e05735cd"
"2149","benign","reference_002149.png","4","Benign","6","10306","0b420835798e6dae7b3c56c1150fdffa530fcc90afff21f1dfde95e81ea1c4ac"
"2150","benign","reference_002150.png","4","Benign","4","5794","ed294a54e9408948b4e6a5f6e73115bc74fd8ed473cc41277dc9dfa4d7414800"
"2151","benign","reference_002151.png","4","Benign","6","12206","f1de4ad73db013aaec7aac7756f2c84d1478fb96376e591e013fa2d1b553a46b"
"2152","benign","reference_002152.png","4","Benign","4","5779","7734c8c0e4e09649e4587ea49fa5b9ac6a180db47844c7e8f5f531f4dc4c3576"
"2153","benign","reference_002153.png","4","Benign","6","9727","06aab58bbe080e259436d9c8913087b8fcc95d69409a7340fad28069f72b85cd"
"2154","benign","reference_002154.png","4","Benign","6","9090","b7e753d8e61abf6c0cdbb7ee1f748458b015f476e1ff6cfecfbd4bec90bc58d5"
"2155","benign","reference_002155.png","4","Benign","6","9005","9ead2189d0ef66564430fe9ce7bc203c50eea7a912fbe1d36685b92a94bf0700"
"2156","benign","reference_002156.png","4","Benign","4","9167","92683ed7643f8bee204abef4d46787a1cd6255e9fa02d7044012d16cbf00baca"
"2157","benign","reference_002157.png","4","Benign","6","9258","52ca7347644d027edb0de07eceb5b9a7ef416d4147e993f606247f3d716eeac7"
"2158","benign","reference_002158.png","4","Benign","4","5797","3f6a9b7331381e43cab3501315623a768ce7d82f509e98cbaa7407b80d127860"
"2159","benign","reference_002159.png","4","Benign","6","10757","26df7b1aa746329f62ab9eb68869395115556c1697982b141bc96c0a9a2d1e7a"
"2160","benign","reference_002160.png","4","Benign","6","11115","0ef4ca954a2b9457134a36a7ea987afcaec3ead8d139a34f7686c8165df9bc83"
"2161","benign","reference_002161.png","4","Benign","4","5780","b08835cef4dcccfe1ed5fb6281f0e252de1cf740614ecfea4218d412a58ee476"
"2162","benign","reference_002162.png","4","Benign","6","5780","b31e4168a17e773aa3454baab7772bbe3ebc7085b9782857ee6bcde6b726e75b"
"2163","benign","reference_002163.png","4","Benign","4","9853","3989796a206c15f69c0d4de05a5594693c04831fa1365b35776b584ca431f32c"
"2164","benign","reference_002164.png","4","Benign","6","10309","b6e4320e8d1c98e6ebf66693c96702648f70250f0570bbc62df160aa3c07da95"
"2165","benign","reference_002165.png","4","Benign","4","8986","ebaaa4e1aa9ef68f4bb9d2466b40f803e979404db21a87bd570fdeeae374c6c4"
"2166","benign","reference_002166.png","4","Benign","6","9170","f5243a3718e5d9e63064cab99c5cf401f93cffc85836f1c2428ecc8000e73b76"
"2167","benign","reference_002167.png","4","Benign","6","11061","cfb7210f4b44f609b61b2d6a46d7e4e9ff3b4b2f3808c4f7f5c1c3055673a006"
"2168","benign","reference_002168.png","4","Benign","4","5780","321d741dd018fb3da1bbbdff2df63cdabdc734a737db5cc1293fb1d7ab0df415"
"2169","benign","reference_002169.png","4","Benign","6","10827","93cabfb0c5d2c3003fc5ff1c3e78f0eb515db3ab0fab7526b8f2264f6ff889c6"
"2170","benign","reference_002170.png","4","Benign","4","5797","d3a0a1c8e2bb32afb473daf81ecd3c6a7dc93983bd859fd338852ca467fa1d99"
"2171","benign","reference_002171.png","4","Benign","4","5780","1dabb07671c97679ed61519b876703783f41117af17e6dfda478464dd40bdb99"
"2172","benign","reference_002172.png","4","Benign","6","12924","47afad19d8e53ec0f8437a9797abf04f0d587998316184e10d9a2608514e6e0f"
"2173","benign","reference_002173.png","4","Benign","6","8974","9ca7aa4d36b0ce4725666764f76da1013d6887af2383bc5a4dde9046a40b8885"
"2174","benign","reference_002174.png","4","Benign","6","9463","f98c8740464a500edef36dd6eebc563aab97b79d5eb7b0c9c398f864c626ef1d"
"2175","benign","reference_002175.png","4","Benign","4","5797","3327534e08083f15f9bbfbc8e5871ae2c534f58558cee98e5012dda38ed982b4"
"2176","benign","reference_002176.png","4","Benign","6","5781","132635e8e248108780370cedb44a7be2211cbb9571933f0324a71bcdd89ff7b7"
"2177","benign","reference_002177.png","4","Benign","4","5794","fcc7582232561d24b64246c88a7cea5441b016a0e0b08b8091cfa3ab77e19d86"
"2178","benign","reference_002178.png","4","Benign","4","5781","3998d746c4bfa884b187d75443c9dc83341b5ae420c674ee31d96567ec76d4a3"
"2179","benign","reference_002179.png","4","Benign","6","9712","242daf0416b6d28060d2df65badcf895d976b09ad68a91f64a56e1a73445db49"
"2180","benign","reference_002180.png","4","Benign","6","9296","32e481c8f540b455fec42a1cbb6b6371d413bc3ded4f48583d6478c43e569330"
"2181","benign","reference_002181.png","4","Benign","6","9476","df9ef69534ec9b6f0b8bb2605cec52f2259ef38426a4e0a89751c64024e7e203"
"2182","benign","reference_002182.png","4","Benign","6","9093","feedefd4423d16b5edfcd5868265e47c8c42af64c1a66fdf59517831d9929b2e"
"2183","benign","reference_002183.png","4","Benign","6","13176","b4ec8d8318a4432614c97383d078b6d029213c1f2bd720d94f9446a2fb583446"
"2184","benign","reference_002184.png","4","Benign","4","5781","2ddbc26e05b84bc258cb25591f6b217a49d70539c21ccbdff1ce0c359555ddb4"
"2185","benign","reference_002185.png","4","Benign","6","5794","7c89dcb234bf7c2f4a48beb930137d9f5f3962b047c167fe11666a19eed235f4"
"2186","benign","reference_002186.png","4","Benign","4","5780","bffb78d8bd79dd6dde8db911916f85609f86ca1b7ebb1e2c310bc87b7e8887f8"
"2187","benign","reference_002187.png","4","Benign","6","11292","2e8cd22561396814e1af52b042828cc9f989bc1186486891a69262077ba614e9"
"2188","benign","reference_002188.png","4","Benign","6","10779","c3ca87dda3ff24bb1e0861163ce0776a3b148421f3722d80904e1dde0ca16dbc"
"2189","benign","reference_002189.png","4","Benign","4","5796","0ca2be27f694f220afcd09287abf48823c9a22779b1b7d1970694ba8b9684892"
"2190","benign","reference_002190.png","4","Benign","6","10872","bfd0538185def387dd7f239cdcbfb9595ac6bcc8d86e545bcfc66313fd758449"
"2191","benign","reference_002191.png","4","Benign","4","5781","e5ee86adecabbe31362c0a7ba61fe01d3db491aa2dd534cc9c84747ed605774d"
"2192","benign","reference_002192.png","4","Benign","6","11276","b0c030c1e915e796b1486303dcc21adee094e3a113b250cea2b6cacf888734be"
"2193","benign","reference_002193.png","4","Benign","6","10067","b2d92a6256f45ca3ad54601d31240a05929fe87eb9afc810b54ac480c9641cb3"
"2194","benign","reference_002194.png","4","Benign","1","9468","0db96ab20904ddb7766e2a09e5ac022ba2fd9806f4c2d8e91febe2cd3e22f213"
"2195","benign","reference_002195.png","4","Benign","6","9347","7f79507c51a226ff6c316899da6bcde4eb0bfea72ba1300e3866e3bd4e186ead"
"2196","benign","reference_002196.png","4","Benign","6","9220","2ea689ec32832411ff3bfd0db20bb6b4828db07fe8b3aa5c32247fd8f5403cfe"
"2197","benign","reference_002197.png","4","Benign","4","5781","5385202c418f016dc26e9c3385462d6eb49adef33354d4d642f57bb69acd2edf"
"2198","benign","reference_002198.png","4","Benign","4","9469","cee096ff82f986daba6dedc5662ee8546d94b31dfabb53798b701366a0a86e46"
"2199","benign","reference_002199.png","4","Benign","6","9301","c1e9851fb448e83e4db9bdbe6455e396fe4abceb950004fa9bacac8f250f242d"
"2200","benign","reference_002200.png","4","Benign","4","9075","ff1d0be31434b1e39330b298cbcdeafbb6546d04e2151dcd62b5a84ddfa75b51"
"2201","benign","reference_002201.png","4","Benign","1","10756","16723c282bf9b7a1e0428c527c0807d8a6e9fdc4ec5cde95a212cd43a1879286"
"2202","benign","reference_002202.png","4","Benign","6","10339","e3450029fa3be8f63d292ecd18f9baf9c582d77e4ff5004a6c9b0192636c6389"
"2203","benign","reference_002203.png","4","Benign","4","9204","6dcb276da2a65bb419bf630d6cfe93d3377e515311cef9ea49aa702e61f92221"
"2204","benign","reference_002204.png","4","Benign","6","9827","48caf7079e06f01cd78ce2730c3856b164e0f87acbf649cebfcf9689484b34de"
"2205","benign","reference_002205.png","4","Benign","6","5795","fe1ed867d9d62af477b2c447f0a5ed1a1b3e3a3a942ad60157c86c1ed34dacdb"
"2206","benign","reference_002206.png","4","Benign","6","9477","ae9dab303e869e0bef424d9f79d5580bb4bb92302463969964e5f453ac46341b"
"2207","benign","reference_002207.png","4","Benign","4","9377","7670634927202dac6f347acd1ea826362e57a82a414855efd926bf00ac1763b8"
"2208","benign","reference_002208.png","4","Benign","4","5797","93640e1f1c6c3a7e4b658a37c2d723beae6d9abfa22432b49fe97c72484d0738"
"2209","benign","reference_002209.png","4","Benign","4","8975","94c98640b7c3979ea70f5e4f8aac1509dd70648d497c8e3fd192aee37138f045"
"2210","benign","reference_002210.png","4","Benign","4","5795","5b5b1ec4571ef35a571403e3ae748a34825fcf3062a419b3d5a3b6b0ba6aee4c"
"2211","benign","reference_002211.png","4","Benign","4","5781","672955cf34038b0e8267f2dbbd3d3a8f7cf9c84344af3c1b917eb5605911d8fa"
"2212","benign","reference_002212.png","4","Benign","4","5797","d56867f7d3e61028dd6dae60dcc4389424b7dde1e479fd0e02df908619b84fb8"
"2213","benign","reference_002213.png","4","Benign","6","12268","3c09bc23ad743582c62b8272d6350332044844fec0238971c8a02f844c5ad270"
"2214","benign","reference_002214.png","4","Benign","4","5794","b9337446306457e139e23e0428f875c0f4c155ea7e6aae446e9ccf49fcda1ccd"
"2215","benign","reference_002215.png","4","Benign","6","10066","41971dd1ddba3952cc32227818fc07c458b794c8401b4ddabedc3bee8aa7e4d2"
"2216","benign","reference_002216.png","4","Benign","4","9338","3d360105508a1f6f48e1080c8d609779964d6a696be2f0e4ae474507465f78f9"
"2217","benign","reference_002217.png","4","Benign","4","5781","3e97e7406b3a9d359cea86569440a3f8c66a3188b6a1b4f6055ca5b00fbc794c"
"2218","benign","reference_002218.png","4","Benign","4","5780","98a18829aeb859d32f4215f363a2b779f4420d6ee00a537c9b8ccd6bea7a6362"
"2219","benign","reference_002219.png","4","Benign","4","5780","94c0db6034cf02c92712e926c0aba50686b3d9feb46906c4b4732db0a4492b18"
"2220","benign","reference_002220.png","4","Benign","4","5797","fb5e617f55af3fb38a90ca46a45b5c1f7ac4f94eac4a1d99249297d76401f702"
"2221","benign","reference_002221.png","4","Benign","6","9303","9a5c706696629a16d3dcd686fdc1efe2558abf7016d93319a478cfb0e5088d0d"
"2222","benign","reference_002222.png","4","Benign","6","10632","9f6a464c6c15f52ebe1718d8db37a0794e482a4b16f6963597b3b191109c3a1a"
"2223","benign","reference_002223.png","4","Benign","4","5797","62cc3ec8b19da46322268f7960762b3e1259d1d5516774684452b3e0e0163e74"
"2224","benign","reference_002224.png","4","Benign","6","9467","3d5f2d48b50c297f641497dce14463932c0a4d660e8e8afa82f6aa8ba562099b"
"2225","benign","reference_002225.png","4","Benign","6","9127","30411701aab1afc7b7745724b423e16381b9db7ae8aa55c4abf96f5f31c87a30"
"2226","benign","reference_002226.png","4","Benign","6","11331","69d82782b13eb15713d2b662fabee76f8e264dea7e2d4fa72adc6df52ab8c3a0"
"2227","benign","reference_002227.png","4","Benign","6","9430","4b08ed1be9301fa2bfa1ac3f1bff4e8be56fb8c91cb04419d8a501c6dd08f6c0"
"2228","benign","reference_002228.png","4","Benign","6","9050","37542d544966993969c4afc1bbfd1fc4d17d6bb36251d7ee5a868c0f97f8cc93"
"2229","benign","reference_002229.png","4","Benign","6","9735","3454075c2df11f49dba7fae87ef7f857967405fcdf658535b62e25333824b759"
"2230","benign","reference_002230.png","4","Benign","6","9478","3ff4b56c9a0ce64e4d52bd1029542aedff887527084e0e252d30858c0bce38d0"
"2231","benign","reference_002231.png","4","Benign","4","5780","b1ced6320583f4eb095068fbe633f0f7a1e5a8d7fc02da484e5dc1f28c044328"
"2232","benign","reference_002232.png","4","Benign","4","5797","39afbe31566fc43e65aeaea3f95d7e18358f9acb61dc8eb9e66f55a83c4965fd"
"2233","benign","reference_002233.png","4","Benign","4","5797","572c067aff24d35ad10b8e2647429f95d4ad9b78fa96a3f9dd989ded3bc08bd1"
"2234","benign","reference_002234.png","4","Benign","6","13225","30517314d65246cfb67a87269acfa09c3decfeec00444eea851964e3404884d4"
"2235","benign","reference_002235.png","4","Benign","6","11216","f9ad9f8a05cd630628bac81aabfe1a419eecc157cba10ab97ecb8fef10a918f5"
"2236","benign","reference_002236.png","4","Benign","6","12949","b195fe002a5cb0420edf0c2655216bf17d56fedb6456d9df494931d5a9bd46c4"
"2237","benign","reference_002237.png","4","Benign","6","5780","82c7bc8db95e58cec72258aad1fd6e700bd1185f06a47c85df588e6c24e2811d"
"2238","benign","reference_002238.png","4","Benign","4","5781","6b8dbba67b9d356fb41bcd178374359359b047845a0561c22bf5501d57acae32"
"2239","benign","reference_002239.png","4","Benign","6","9760","ae862a16d532c53a5ccee7d99577364acb41e57afe454461994521af5c5f0d71"
"2240","benign","reference_002240.png","4","Benign","6","9419","a48c56431c9814d5c4be495bd60dc7aa471958169ce451ef0e858c132c3a1b75"
"2241","benign","reference_002241.png","4","Benign","6","9828","d3f9ffc5c68e593c46865809f6d0daacd7122a5090357da094ba9dee36edcdfc"
"2242","benign","reference_002242.png","4","Benign","6","13042","afebf5ee7b769e78a1cdad8d1802548cae58b4d88ec645371bc7bd1b249296df"
"2243","benign","reference_002243.png","4","Benign","4","5781","224f4a02e82ae90b45ce82c67f21d2deb196bbaaff1a096e5219badc8d48defd"
"2244","benign","reference_002244.png","4","Benign","6","9042","69ef0e5e0e014a8a452ba9b20aac66d6370faab364249bc77fa4ecfe93eac83e"
"2245","benign","reference_002245.png","4","Benign","6","5781","19b0b1d7cb0e8cb663522471cd79b9122cb7011738e540aa83dd168bd3143880"
"2246","benign","reference_002246.png","4","Benign","6","9251","2525a9155b75947a6aa0c39b707049d6b7072a0ed4e6021f4e0935c54eb8a392"
"2247","benign","reference_002247.png","4","Benign","6","10072","51c35798bf5300091637e837401af38a7d86c86749edf9d06db99da27b621e48"
"2248","benign","reference_002248.png","4","Benign","6","9744","07fe866fd1e8c58f0fcc6a56948c565c0b4f701c57cc7aabb35b266ae51fc2d5"
"2249","benign","reference_002249.png","4","Benign","6","10758","9902b831351ff09995f85001ec7a86d5f3c3792b1285f94d83ccf734bf94e69e"
"2250","benign","reference_002250.png","4","Benign","6","5794","897f6b520ccbd4610bf1e563219d5a02cf4c2daf6f834da9b17dedbedb90de59"
"2251","benign","reference_002251.png","4","Benign","4","5780","67e8f7ccfbfc0b2160417535f37123646ce05163059cb44765795ab5ee3eedc8"
"2252","benign","reference_002252.png","4","Benign","6","9257","ce66b2851a3f6de3350cfdb88599c50d47540bb0eeb321cea1312891f0bae17e"
"2253","benign","reference_002253.png","4","Benign","6","8995","e66399602defe969dd8a02cfa1046b93d8aa472cee253112db43ce296c1010a1"
"2254","benign","reference_002254.png","4","Benign","6","9306","bd9fa5d6e7b0f5a9bacd415e9962a01b202c37b394305b0fa1502ca5a1e74c77"
"2255","benign","reference_002255.png","4","Benign","4","5794","06138ed274a4002f2fe99813b67f7972925c83f094c24f066574fb3a5867c869"
"2256","benign","reference_002256.png","4","Benign","6","10347","70e311cd90227e31d2f83b7ce7bdcf3b85a40f798b3a1942fa6233c4f0c72125"
"2257","benign","reference_002257.png","4","Benign","4","5798","210fd0d166cfc9d974aa0fdb4e34367d313a518bf8edcf17d435b99842467f24"
"2258","benign","reference_002258.png","4","Benign","6","10643","77d2d3f8c292674b599f3482ab651aea761c25a96a969a2daf9adb82096dcc07"
"2259","benign","reference_002259.png","4","Benign","6","9244","54eea3e4e4bc3038be902b2f8e576709940e7db27b7845e12b0f501da290d3ab"
"2260","benign","reference_002260.png","4","Benign","4","5797","c36740460484d8fd3eadc13fbf74c99fc6bc47c95c32e1d5b0148ff27dfa617d"
"2261","benign","reference_002261.png","4","Benign","4","5794","fed1d83d2bd6cbe6c9a9ba55374ab9e0d4c8102c315d26900df440bc2834586a"
"2262","benign","reference_002262.png","4","Benign","4","5779","68e1f03dfd740840737a0d4a5cc8484a81a4bfe64069837a76245f9e4c914185"
"2263","benign","reference_002263.png","4","Benign","1","9148","9de33f4bdf189bafcdf715e540cb4f4cde1b1958b7913ac77c3775fc06c0c59b"
"2264","benign","reference_002264.png","4","Benign","4","5797","884b86a4ccbcea3635523a8a3b89ede44396430705de749ecbf1b0b5f962234e"
"2265","benign","reference_002265.png","4","Benign","4","5795","86ddcd47cf9c2471361a64edbc24a006fecc6483a86df2fd8565ec9a60ad330a"
"2266","benign","reference_002266.png","4","Benign","6","12078","8ad26b2cb0034528a0dd3a2596866bb501262b409b9534cb29b7f1e1ab9c4672"
"2267","benign","reference_002267.png","4","Benign","4","5798","7f7765b94682cec430b94e2921f80c5e3b14ba2c1255434346992de06bd4c6a8"
"2268","benign","reference_002268.png","4","Benign","6","11025","4b40b2a9591994e5badcd987765eb543eea2866e4b410805263727d2b1eebc0f"
"2269","benign","reference_002269.png","4","Benign","6","9814","889a0a0b9b09201c08422c0b11e8db265fa183a8fa4d1dde608906c791aa3cd9"
"2270","benign","reference_002270.png","4","Benign","6","13192","734d4c0ef2a79cf9bb57de743f69da67bb6562db777c35c7f53d600b1cf9205c"
"2271","benign","reference_002271.png","4","Benign","6","9198","4e1963816218ddbf68d0b49a61eba199ffee7bf6807782481f3d6a0f08a71ff3"
"2272","benign","reference_002272.png","4","Benign","6","9132","c9f71b56e1a471a13cfc2b0dc781e9378889c41b6394249e09fa0e1deb83b3ff"
"2273","benign","reference_002273.png","4","Benign","6","9799","0681281ac0fcb77b9247dba327bc0c9602430dfbed4193d641913a8ef49bad74"
"2274","benign","reference_002274.png","4","Benign","6","16959","77e0f8bce0e5845c1a7ba06bb9385fcfe5833068dd633823911a04e58094dd46"
"2275","benign","reference_002275.png","4","Benign","6","9199","62c663dff0dc9540d166bf82285140841f1d29189908e95073cb6f4b77786355"
"2276","benign","reference_002276.png","4","Benign","6","11229","efbb777fe128f254dc9ce5556f0f31e434fd85af855c93d2926be665be1d4565"
"2277","benign","reference_002277.png","4","Benign","4","5780","789a1275b6073076ba38a6d1611f4a3c7b4e2718b18319f749eecef1496c3e4f"
"2278","benign","reference_002278.png","4","Benign","4","5798","a619a270c453d63a8bac7af4a6569f14f60ec3a9a456d9f8edeb80db3925a645"
"2279","benign","reference_002279.png","4","Benign","4","5795","920e64d0ecfdf70bf9ff6191c9e9d96d7acd8303ff2712945afd7e04f2d0a818"
"2280","benign","reference_002280.png","4","Benign","6","12511","df6f6fe65856139a443337f6d6f53d9aa1f9b23102c744c8fcb7302807e507d8"
"2281","benign","reference_002281.png","4","Benign","4","5795","9e7fabe095111bdebeb1c8b8bfc4323c258723da220bd522dffaa81dda123d58"
"2282","benign","reference_002282.png","4","Benign","6","9466","5a3826e002987ea3efdfcdee5a3ba663e88e4b7669e2eefddad08f8cdf7af120"
"2283","benign","reference_002283.png","4","Benign","4","5795","4a74c328d81a457aa33087bfab331429ebc73f4b602bd8638bacb78fc081fa5d"
"2284","benign","reference_002284.png","4","Benign","6","5795","45c0f0f640139b0c11bb882e1f5981465af0f9b08d0f48f740cfeb7a8962ee99"
"2285","benign","reference_002285.png","4","Benign","4","9218","94a6291a5a7816fdff7f5c1764ad753709535bcf952caaf95d5ca1c7b5414d34"
"2286","benign","reference_002286.png","4","Benign","6","16745","4a296f721375b36fe109a97e17a659c3613db6dcf29bfbf2e5a189362e14492d"
"2287","benign","reference_002287.png","4","Benign","6","9378","e896665dec558fdd3f478ea879b7a1de95f952c40117a6f3ff91939fa8d1bb2d"
"2288","benign","reference_002288.png","4","Benign","6","10608","c9ac02affd48d3c012b25be5d1c9d69c0ba2acc69e55ee319822b52f9c7d350a"
"2289","benign","reference_002289.png","4","Benign","4","5794","25fa1ac4fe7883717d4d53a299997dfc523289509d00bd78bf51c9b9613238e1"
"2290","benign","reference_002290.png","4","Benign","4","5794","5e5f798d1281265e6c78779e0419995ef249dbaaa3e03f73b3259be72224eda2"
"2291","benign","reference_002291.png","4","Benign","4","5780","7268ce27e5c4aba97455e618c56baaf5d460be7f2f105d96f74c44e374f6bb58"
"2292","benign","reference_002292.png","4","Benign","6","9766","005e1c2f09f4db4c97f19e646d7eb065b11946d3646b3582dbde8dba9d1af47b"
"2293","benign","reference_002293.png","4","Benign","6","9761","2d2c3979fadff38126d56f3085c6a9467fa93bca13e76ce84ee51596aaad8ae9"
"2294","benign","reference_002294.png","4","Benign","6","10887","6f83a1dc0f4a81b426acaf6f259fc3fe6c478448692678c017bf144d421698fe"
"2295","benign","reference_002295.png","4","Benign","4","5779","b6a29db550c340707069e1e4005cfcbc418d2e4242efef8fc3f8bffada7efa60"
"2296","benign","reference_002296.png","4","Benign","6","9463","ed90263d320ac84796518d56eb0c1a8df6f0c305506dfe485e97f9a05be94c9e"
"2297","benign","reference_002297.png","4","Benign","6","5797","9e40eee005649ce7c082727328d4ffdf5077f57d1e93772d6a2de0f307c65490"
"2298","benign","reference_002298.png","4","Benign","6","9758","7d756c50274797bd86a486a7f08a0e35b291d2e90e9047b6eb8f332891b8d806"
"2299","benign","reference_002299.png","4","Benign","6","10863","9bc9c4690119bcc2b99f570c3b79704669351fa0230405c35b757a9100f43853"
"2300","benign","reference_002300.png","4","Benign","6","5795","22093ad6f3afd7d65110bd6f540c7234b8b6a88d3bb64b78209438d95e248ea7"
"2301","benign","reference_002301.png","4","Benign","6","9761","9eec6ddbc3cb5b4a529ff0729d3cae4924bbaf62d39637f70a88dd99a51e690c"
"2302","benign","reference_002302.png","4","Benign","6","5780","c77619e2169c060a46dee45493b1f11479e58c8c77c0fa27ae96efd592d0efe4"
"2303","benign","reference_002303.png","4","Benign","6","11017","eb907ea05d3d4d06337b7168fbec2be082ff0d8e03eb6b34ad1a3980444903cf"
"2304","benign","reference_002304.png","4","Benign","4","5797","d3f1bd261f6df7ba124e68efbdfa98f97f0fda414b6e8cc37e3f82b68aab25b1"
"2305","benign","reference_002305.png","4","Benign","4","5794","678e9686c4341247dbc015986d5d5d26993f9791410b0d38c1aac7e8f3b8ded7"
"2306","benign","reference_002306.png","4","Benign","6","9152","560224ca2d386fb355da81000f7014c750dad83ad72d62df6ebaf16b95d7213a"
"2307","benign","reference_002307.png","4","Benign","4","5796","0e93caae747bc08ee1d845d7da853d7d70e9a326fca3c5bc52029a8583629303"
"2308","benign","reference_002308.png","4","Benign","6","10752","c6d041467e1b29d7193ce490eacf1acc94d5e41761e6a6ba8ff54b28a3b89537"
"2309","benign","reference_002309.png","4","Benign","6","15330","55bd80e5ef3fcc6f793515b4d7fb72b674258d5998d2adbb2270d7e1ac745600"
"2310","benign","reference_002310.png","4","Benign","6","10565","503a7beb7c980d2c44ee317f9c3b12f03683aa9fa0d34781d12ce53fd6080738"
"2311","benign","reference_002311.png","4","Benign","4","5796","54fa376d96b30fdd37459240237ff707b5bb98664da8e539433df2165757c644"
"2312","benign","reference_002312.png","4","Benign","4","6145","59c4b585c1ebd881702a81b9819952bfecdf7e742d3a702a380cb5dff88b82ef"
"2313","benign","reference_002313.png","4","Benign","4","4798","b4daf62a099b938cc4dcb8585c11cc05c6b10773b20b11df2597b6bdb588acc5"
"2314","benign","reference_002314.png","4","Benign","4","5606","829b07822b75bb8c2f0d4a943ff7c1e22c5b4df5298df91e33aa8f50b33bc95a"
"2315","benign","reference_002315.png","4","Benign","4","5342","78eff9f44f02e3389fb78b227c07e17c36df8b52396f2d24702874fb52e13274"
"2316","benign","reference_002316.png","4","Benign","4","4603","75783ddda7aa151670663fc3861b366442ecfe0fa79342e472f5d9ebe69dcebe"
"2317","benign","reference_002317.png","4","Benign","4","5666","1b3c8770fb1d4bbbe24a828e57826c4bf743341b34b8a65fd2c2e3382190640e"
"2318","benign","reference_002318.png","4","Benign","4","4376","7a27c9febe79695d4fb652bfe3e128941f596a5090469fd1dfa4d8a44eebd970"
"2319","benign","reference_002319.png","4","Benign","4","3396","3c1c74c75cf8563335e0fe11b6646be626891353ebc576def147101f5adf06bb"
"2320","benign","reference_002320.png","4","Benign","4","6376","6c82ee8492d8d91642cd4c6bddb649f102f883577ce6524debb4f72ed00163c7"
"2321","benign","reference_002321.png","4","Benign","4","3718","9d508bec6c61a15472328ea68634b943119bab5144bb9e5a9ac579b066bb1549"
"2322","benign","reference_002322.png","4","Benign","4","5589","fa0424a7e6f498cb9863234a08ba3899ce0cc8f4405e4fee5053fe7a3dee7cec"
"2323","benign","reference_002323.png","4","Benign","4","5541","5cf2e3976f22f6fecf03cbbdafe356cc3577895e321e440f715dd8d35dedf6c4"
"2324","benign","reference_002324.png","4","Benign","4","7907","e03852dcfcfbfbc832a1dd327c13e7edca51ff992a375a4019740f954286ac11"
"2325","benign","reference_002325.png","4","Benign","6","9212","4d326f706ba535a85811c5b45f089e56cf23058053885bb06d826fd5a473c25c"
"2326","benign","reference_002326.png","4","Benign","4","6586","fee83f83b0f33bebd69b1925b491dad5c8cafabe5b3b838e1b47d13b500e8340"
"2327","benign","reference_002327.png","4","Benign","4","5103","4dae0766fec3eb44862b99363917b4c68656ff155d90d351a374ad9481aeee16"
"2328","benign","reference_002328.png","4","Benign","4","7277","f2f7c41ea4ff139834b85024f6d3e8d3447a08e6b011ddce0fe35a11c10a36b4"
"2329","benign","reference_002329.png","4","Benign","4","6602","2332b0a83cc1a657b53eed5b1769483503f81fc811b26c6ea0de64fc5982c57a"
"2330","benign","reference_002330.png","4","Benign","4","5461","29e9cf8854020accdfb2dd385824bbf83b0d7f130a4d3222881d7bd6288177c9"
"2331","benign","reference_002331.png","4","Benign","4","4043","9ccf568fde231a35d79dcb4c82656e285264a53b5fbe0ef4ec0b91b1923e1b76"
"2332","benign","reference_002332.png","4","Benign","4","3844","03dd07ead0e4c4f82a45f4f2aaa0e71efd960b73b95a22e1007d98707dda72c1"
"2333","benign","reference_002333.png","4","Benign","4","5737","78fe6b11d02cd838eb8db7a3fc4abee986ac0de64abc98fddfcc62f90a65ebaa"
"2334","benign","reference_002334.png","4","Benign","4","5796","6b785e1a79e09d66a9cbf32d8e9cdd7a497d60f79f7504309339f02e531d35a9"
"2335","benign","reference_002335.png","4","Benign","4","8670","26e9f1e5f37a0fcea8835d8b56a3850de09c13ae3c278b6c6ba532e5ef86a63d"
"2336","benign","reference_002336.png","4","Benign","4","3603","51876c234e0dff24f544d3abb3bbf5b0c44c96469b314aae5e4621ff71991ff0"
"2337","benign","reference_002337.png","4","Benign","4","5223","ff76e3e4bcef93988ff2ca9d35115b5b7e7dd3be6cfd1a9c244266c9bff062fa"
"2338","benign","reference_002338.png","4","Benign","4","6122","0a945a7d48a616790a9aae181790ef446b3066a385553a19f77037effd848843"
"2339","benign","reference_002339.png","4","Benign","4","5367","b96cb29f1e16b8efce42cb4efa30fd97e766652adcd5262edcbbadafbc8497a8"
"2340","benign","reference_002340.png","4","Benign","6","8034","c65fe7693b50d50d5791c1c5c25b892602f743fea4a06c4f010a569c9b792b01"
"2341","benign","reference_002341.png","4","Benign","4","5905","a6ea0cb0a368db794ac300cca9d24ae02f69b05e129b7d4bcec0eadb35ce2200"
"2342","benign","reference_002342.png","4","Benign","6","8242","a705eba2d83338d0295cfcb26dfb5cdd741dbbf582b3c046474bace2807d0a5f"
"2343","benign","reference_002343.png","4","Benign","4","5080","bd7b2db595b15be6942620dfd2521a556078ae6cfd21cc030a7f74054eae16d7"
"2344","benign","reference_002344.png","4","Benign","4","4901","c2f47da3ccdc8dc6ae64c723d37d7bce19254e7ab65e6e424117faa7b7829425"
"2345","benign","reference_002345.png","4","Benign","6","8098","70d41c63a1437c38f7d5f06890f509c5bcb129b14fcde770c0a551ab5f5d911d"
"2346","benign","reference_002346.png","4","Benign","4","6159","cdfc18f7cab949650831fecf4c3735652f90f697213946883713f96a6e70593d"
"2347","benign","reference_002347.png","4","Benign","4","8598","68fa9d3c8e5a1b6e8ba3ab8c3df9366ed86519be3831340df486fcbc4631cab3"
"2348","benign","reference_002348.png","4","Benign","4","4973","c7672029e589a600df494635ae8e3864144fb3ab7384b153a77a268710cf2e14"
"2349","benign","reference_002349.png","4","Benign","4","5979","9ce967d985d036d3ca271d23c2094fbf275bda0760124c31e7665fccc1693e6e"
"2350","benign","reference_002350.png","4","Benign","4","3685","d69a16afce3dab3af80408146e512f40feadaeb34b8ba46256c5a40eb268ad6f"
"2351","benign","reference_002351.png","4","Benign","4","4610","ad5199687266ca332ad51f692295cbc94a4a002d4fdc35b8f708293208e149db"
"2352","benign","reference_002352.png","4","Benign","6","6132","a081290f14b9b37e006565852959913bb327ee6abb203d8f6e2970c3d37cc614"
"2353","benign","reference_002353.png","4","Benign","4","8049","c0cae8c8f704db84726164191e1ea0285f50addb38be971b3e92138cefe594fd"
"2354","benign","reference_002354.png","4","Benign","4","4860","444fffde9d713f5c83268848c46250d1264ca9817042d64e159913e99a17940b"
"2355","benign","reference_002355.png","4","Benign","4","5462","c0684ffcb2c50da06d87a099836af382ea7794e464fa5bccb6d8403fbdeb1ee2"
"2356","benign","reference_002356.png","4","Benign","4","5656","77eb687de27934d93a0b67c98172b763bc325b611fe39c81200f087d16c1ffc7"
"2357","benign","reference_002357.png","4","Benign","4","5851","587c86894724cb501e7976e13238c29cf32b9f892ab3f29ad504bb5748210851"
"2358","benign","reference_002358.png","4","Benign","4","5454","8db5d76b1102f0a78c079c722b1a65b3fdaf412466731c0971c7c004d4c966e0"
"2359","benign","reference_002359.png","4","Benign","4","3386","6a9707b8e01cf79d1f0a1b615cec392751d563a8932d12b4c3bcae5473a9b3ef"
"2360","benign","reference_002360.png","4","Benign","4","6447","18c96e35e0b26f1c9cae9b99c1054809a63b645a0b45ca218fb1062251a8e992"
"2361","benign","reference_002361.png","4","Benign","6","7247","8dd0c718e5870404fca6eff11c6e90f99c7e633cfeae75e9f4703f38c6cdbf12"
"2362","benign","reference_002362.png","4","Benign","6","7959","1773c685babc170f02395d737ad146e2b34c6c59bb07add34f5c120a06b7ab7f"
"2363","benign","reference_002363.png","4","Benign","6","11828","b84b5ea28acc6b6d8b851e1b5cbefa5220c1cdf1ada01fd7f1de62afa12fe1ca"
"2364","benign","reference_002364.png","4","Benign","4","6212","9cc847d36cf5617e5c750c306826c49d507e582c739b933c830342d718b538bd"
"2365","benign","reference_002365.png","4","Benign","4","4915","b1e6938fc67c00ce0b34260dbe36be0165c94ebf0e2eafb16c1fc7a198681b12"
"2366","benign","reference_002366.png","4","Benign","4","6159","949688f455e6d620b93dc823f37af3eb1e36a8f607db22ad6546b568194676c0"
"2367","benign","reference_002367.png","4","Benign","4","4353","5156227d4c719d84b2f15c284ab8a47fc21623beda45f8d9e1233948e57497cc"
"2368","benign","reference_002368.png","4","Benign","4","4797","4c7271b0713775d8ad294520b0c3c7eb3101e8f14ae551b5bc068eeb66f31d7b"
"2369","benign","reference_002369.png","4","Benign","4","5147","08dda43868247edad9f953bd1d80a609b1a98e0537c1ff3e1084a0caa5e92c5a"
"2370","benign","reference_002370.png","4","Benign","4","3867","2694f6bd82f02d89ee444ba138bd80279b98b910cea1d9d416e5c206a843987c"
"2371","benign","reference_002371.png","4","Benign","4","4979","84689138c1f6be57cd8a2f31d39354599520fad3bbab87d9320582ef929dc1ee"
"2372","benign","reference_002372.png","4","Benign","4","8173","388935f2898b3df651e24e4eec679f76e8a10be72d81004da84e1468415a8e97"
"2373","benign","reference_002373.png","4","Benign","4","7602","bf5423d921b8bf240202f20a6bdc6aaaae71ec47b85f1e350fc79f89d388b0d6"
"2374","benign","reference_002374.png","4","Benign","4","4338","a994a26a24a58f179a9a0cbc0bc5e6f5feba6bdfa23fe272cde79d54dc8649b1"
"2375","benign","reference_002375.png","4","Benign","4","3097","b5bd4ab01c4e38180321a2be56672b5cf5b7cf3e70bf4c2ed62e2d6cea365f2c"
"2376","benign","reference_002376.png","4","Benign","4","3788","16a5155158383cc0588c659aba74e9443098a01e4fbff9a3f2dbe2c7983da8e2"
"2377","benign","reference_002377.png","4","Benign","4","4988","751f060949845ed8f2f34019e4f30e801a03b6d58b3c4d7993caae28ff5942fc"
"2378","benign","reference_002378.png","4","Benign","4","4762","23bf6865a27aaa33b0504aa2f3a981f00434802ab649b21dceb76dd6cc86ad62"
"2379","benign","reference_002379.png","4","Benign","4","4680","8bc1f0a8e5f96068bce7201f9cd51c7ca18c671495d63d9bbe6a5268ba923c1f"
"2380","benign","reference_002380.png","4","Benign","4","6365","eafd67ae935a3545ab8a2b726f2b4012efccef4b67dcd4ac64aae89dad3ea47a"
"2381","benign","reference_002381.png","4","Benign","4","5638","5cbdcb6cd9ca2f7abcf85c2e543b54a474b25020cf917aa7e6793b8090519941"
"2382","benign","reference_002382.png","4","Benign","4","3897","ed14e386d65f95778a8b07102252b2beb4a997c9ed7937c6be91a5173dd47e9c"
"2383","benign","reference_002383.png","4","Benign","4","4534","844fb462db7da2374279cefe8da2cd48da2b9f4218f43d729ba8b23c7f90239b"
"2384","benign","reference_002384.png","4","Benign","4","6324","e048af32bdc95459a91bc826930e13ec841125f7a283077c08de8a623c87ce11"
"2385","benign","reference_002385.png","4","Benign","6","7544","fc1b7d21301ac1deed6f6c625c33f9463570bacad722e92eb070e33010bb787f"
"2386","benign","reference_002386.png","4","Benign","4","4889","4bb048959af5e50042eaef97fe900962f7dc9d3fd77f4b274f8292a8c5ffe1e4"
"2387","benign","reference_002387.png","4","Benign","6","7656","39628571395bb2d839e86f4e5c7cbdc6416ddffe95a9132d75300e6b69f02017"
"2388","benign","reference_002388.png","4","Benign","4","6080","dd6fd9f33e3fa2381668c9285f8af2c465d3bcf8f465837652d365a6295a7ba2"
"2389","benign","reference_002389.png","4","Benign","4","5075","7c30c85bc222ced87d77702a35fd78af2d69b1f09bcc91ba4278ebb7000c25d5"
"2390","benign","reference_002390.png","4","Benign","4","4585","10754b33f7982a3cacecdf0953fa2638301f420e0b46d86645af7386b254c940"
"2391","benign","reference_002391.png","4","Benign","4","3983","a53ec8699757fc57946361a6ec6107365eeee371f9940c75dddc5aaca6369b3c"
"2392","benign","reference_002392.png","4","Benign","4","5637","68641e1857f8c62c06ed07f36a3204c486a457aefc8938a2bc4e33dde16cf998"
"2393","benign","reference_002393.png","4","Benign","4","6490","680ce7548fd4da1934e8952f38f759c4e96636ef7dd0fa631f0e4e13aefd8d07"
"2394","benign","reference_002394.png","4","Benign","4","5009","1d1123f172e7823ebe36bd7908d9a9ad88f382c83c74d93ec7c92f4f43f6ffda"
"2395","benign","reference_002395.png","4","Benign","6","8971","7e2a6c7b798a30fa8cc4a6a3cd3c3183c272ce6cf48d20b1c49641ef32fa4b88"
"2396","benign","reference_002396.png","4","Benign","4","4379","7cc30ad8a01f8aa5c96dff8c9851a1861079546943ef024ab66dc907e07e9859"
"2397","benign","reference_002397.png","4","Benign","4","3248","5f4714cc6bcd372042692fbd4acd13c512a8caba26c63d1b2ae49df0aaa176cb"
"2398","benign","reference_002398.png","4","Benign","4","4890","7fd2fa3e53e3bc8d99c8dad08efbfb98c103a4f7eea22e344e6b3d4d8ad8e610"
"2399","benign","reference_002399.png","4","Benign","4","3549","a49c4814c22cb08f66d80552ba02e6158ea7e8893596be5356aa65083f463530"
"2400","benign","reference_002400.png","4","Benign","4","4592","2f35e551a49848c27068d7b911833cc00eac59a8691dd533eee58783c41dd628"
"2401","benign","reference_002401.png","4","Benign","4","6156","a988b31f023efa0c0837f93fcad45aa9ed1f16a1f12fac6018f3471666c9ae45"
"2402","benign","reference_002402.png","4","Benign","4","6280","a810f997317e040bfe6ae40507201d7be27d00fd9c2d4344ab3c09549eebc8ca"
"2403","benign","reference_002403.png","4","Benign","4","5278","c9e7b7ca398f67f4fad93b6af0125d0c2b58e363e2fc3630667e76d6bd4d93b3"
"2404","benign","reference_002404.png","4","Benign","4","3757","dc7abac99b44da362e06727eeef7952621104a68734d32e51b4abd1923410508"
"2405","benign","reference_002405.png","4","Benign","4","5848","abb49f9d9e32976cbc347d2d21ebc5b30d7c715e37ea40e7eb83d09dc6e178b2"
"2406","benign","reference_002406.png","4","Benign","4","5154","43cd6b214c8755f709711b8a27f609419115ee99f04bc19c86798d652ae0f902"
"2407","benign","reference_002407.png","4","Benign","4","3473","02ba90ac6dc614c33b82e3cc6483aabad4209a809bbc791d4487680490c0bc0c"
"2408","benign","reference_002408.png","4","Benign","4","4429","7f36d7acde4fe0cd13fbd431265871a33ef1066ed3e7cf02d96b109000596a3d"
"2409","benign","reference_002409.png","4","Benign","4","4910","1a4fc75c26c6ecdade246b9dfe7b79e10c91fd959c4ead69b7955671ae8a8890"
"2410","benign","reference_002410.png","4","Benign","4","3614","4e10c9b13326b09eca502d5038228a1b453e1c90a5b841b5f131b319ef77d6c0"
"2411","benign","reference_002411.png","4","Benign","4","5321","e3f83531c6373ee2f1b336c3be4dfa6a25b270210e89ef5e530a5731a0020f1f"
"2412","benign","reference_002412.png","4","Benign","6","8023","de9c8140065668fa0435de4ddeaf7e51cb019adee404f3a3ce8c4951f024a475"
"2413","benign","reference_002413.png","4","Benign","4","6454","578197210f3a81795157656a83f35ab936af2af0fd77fbaf8bd489edbc5657a8"
"2414","benign","reference_002414.png","4","Benign","4","4946","5be672d2e3054dce5b6a049ce2f05f2fdf35eed46a7a2a5aff0b29b183e580ef"
"2415","benign","reference_002415.png","4","Benign","4","4531","2fa8e5c5d135010bc2023f17642b9c213449c97f608cdcdd08108cbf240843d9"
"2416","benign","reference_002416.png","4","Benign","4","4805","bd8e4cb6c90a5ea5722cefd24dd445c19ca0f090875232c9b05d05835536955e"
"2417","benign","reference_002417.png","4","Benign","4","4065","054f3578c67572a13bc98e096961f58a19e1cbd37d2465d9100a52e7d5556fdf"
"2418","benign","reference_002418.png","4","Benign","4","3819","e68c82ac517a1e774eeff6945cbd68b7784e6b9f74e59c724e6209304bd483a7"
"2419","benign","reference_002419.png","4","Benign","4","4988","bd219799e27655a5ecd093bc8ccb9d1d9899b9637db2ceeb905b0a7155bbf906"
"2420","benign","reference_002420.png","4","Benign","4","4328","79447e3b16960ddf8cae08194a49b1970de8a5e5f666151901b7422fd0990104"
"2421","benign","reference_002421.png","4","Benign","4","3852","96092ce20d73fd85ec513e29ba33ca73a72e35f9d8e98da9fe2bc6d9286a5a39"
"2422","benign","reference_002422.png","4","Benign","4","3848","ace176cf5d4979d88efdd224f04155f82677c7e12740b52928d9d53c5484c240"
"2423","benign","reference_002423.png","4","Benign","6","6887","0bf7763b06b6f7551cb7ab7a9539dacb1fc121791675f86cf5a10824793af92a"
"2424","benign","reference_002424.png","4","Benign","4","3657","6fbdc3c5af860a610616c5143356dd9c3d5ea77e4322e74ee377b75e57b9146a"
"2425","benign","reference_002425.png","4","Benign","4","4475","c25eed493733c04b8777bbaed6a6fb5d2cf1ebeb1cb01a864c053018f913f60c"
"2426","benign","reference_002426.png","4","Benign","4","5126","6e73db40da7a9c83e00d59aedbe69fbffd863e52968d26a3392ab7435a8e20e4"
"2427","benign","reference_002427.png","4","Benign","6","7616","cbc13c731669fd4516179f25cc450484f79f3df7e04c268b2edb7d33043ad3e8"
"2428","benign","reference_002428.png","4","Benign","4","3748","e581fea4ec37032c9d3cc1f899afbd725ca5eb748b69d0be433e15dc7223881c"
"2429","benign","reference_002429.png","4","Benign","4","3768","122e46b491f85368715809de1faa9b8c301a68a5b253b46e2e5b2a5988546d2d"
"2430","benign","reference_002430.png","4","Benign","4","4386","69cc9cb4d2231ca2db4a3c0bd7b4c4465b26cd2e77cdfeba98deed0802c870c8"
"2431","benign","reference_002431.png","4","Benign","4","3403","f0c6c8c4c7d077c56b8c5be4fdb914240bff231b37b2883041d3c5a60e05a37e"
"2432","benign","reference_002432.png","4","Benign","4","5345","c9a7ed634ecc0afecd0d607fa6adafc895bcee937a83e402641f426dc6754dba"
"2433","benign","reference_002433.png","4","Benign","6","7924","1fa96cca1e55fbaec606fa98a6bd47288b4ab63c9ef7fbd424f414938bd52541"
"2434","benign","reference_002434.png","4","Benign","4","5744","e97c6566a64f97408ebc3cd8292650018df56117b0ec6d0200936d3af61918af"
"2435","benign","reference_002435.png","4","Benign","6","6549","d31fae1e5d5ec3eed0c3207300aa895b278b75384e5e1ced9b1964e85c0c8e67"
"2436","benign","reference_002436.png","4","Benign","6","7216","c58598374a0978b44f8f7cf41959cf1dd609f59f86949932dffce257cd6f81a9"
"2437","benign","reference_002437.png","4","Benign","4","8504","db060bb11a8023284dd0b14e9cc6c5504ca1f251f6daf180a4e75efa46045fb1"
"2438","benign","reference_002438.png","4","Benign","4","7019","2458ee26a17a14319d1f55b8354a09d2ea2bedde88a0cec349ae64673ce51a03"
"2439","benign","reference_002439.png","4","Benign","6","10726","ed14a0835483c0ad1f4e4467f9e1c7dcee120a80022d02bf80d6593c7d77069d"
"2440","benign","reference_002440.png","4","Benign","6","9950","88f9393a4b67c4d947a1f5f82b1e9094c216237c9302ce65ddba8123f1cd43a1"
"2441","benign","reference_002441.png","4","Benign","8","6287","fb13c264fe1d30acb08d7ed0e33d0da0b4e3c73930c66971ea25edd2ecd54147"
"2442","benign","reference_002442.png","4","Benign","4","7122","6c81f077ad1952e3d37498031182ba37a2dc11518ed609143baa2445501f27ba"
"2443","benign","reference_002443.png","4","Benign","6","8706","b3a9f2162004501e3540443c9e942d7ec46929c8c06e840206a3a8ced61e1333"
"2444","benign","reference_002444.png","4","Benign","4","5381","8c66188d0a435d1321ef7174e0508e2078c0f3bfd5ab4198acecc484617f1bc2"
"2445","benign","reference_002445.png","4","Benign","4","6193","fb5925b5148d9eed98eaaa2169d8d7185f62acb777709d544b6f6c64acf1d90a"
"2446","benign","reference_002446.png","4","Benign","6","9761","98de22869960825936d5ace613cc6af22278a0dd132060c72ce2b503ea6605b0"
"2447","benign","reference_002447.png","4","Benign","6","9854","670526adabb29cc109727e2127da09ffc0f5925d63759c0a0751d6a8adba0577"
"2448","benign","reference_002448.png","4","Benign","6","12257","def8e36aa6346be7c4a380bf08ed4cb6271609bb45995e374c7facd13975e076"
"2449","benign","reference_002449.png","4","Benign","4","4066","44be0b4e2212ee3486e5d62bd93cd0dd52ff6a7d394de462b08ccbb7d1a25777"
"2450","benign","reference_002450.png","4","Benign","4","3677","e02a6ba89483b423df752cdceb8a62d3159a51ce9b4f7926e20deacb3de21521"
"2451","benign","reference_002451.png","4","Benign","4","5138","396288f00d98b3e8019e1e40367a7871684ef98213abaac6430dfc57a3a8a4bf"
"2452","benign","reference_002452.png","4","Benign","4","3504","29428f8ebf36316e037505196facff20b43c0e72aaa9b7a14b1dd49ff635a5c9"
"2453","benign","reference_002453.png","4","Benign","6","9262","7feba1fb623c6490f2aaaf1b69b22c3a43f609dc8217b7dd7b3632b978301eea"
"2454","benign","reference_002454.png","4","Benign","4","4573","cc591214e8d675db635c3a12848af0103119a686850166f2e2bb957e4afc1481"
"2455","benign","reference_002455.png","4","Benign","4","6707","89c74e36e5fd5ba8ceb1bb2af7785f560c9703bb28558e4606c4a900d7cc7131"
"2456","benign","reference_002456.png","4","Benign","4","5032","86c9b31e4ee42cad4dd2d8c8e2d6c5d0fd75761ccd1ec84b9e994475c4e30e88"
"2457","benign","reference_002457.png","4","Benign","4","5857","426bd13da782b7c3ce9721bc78a3af266872ac67844738f93d71bdbfeb2ebf1e"
"2458","benign","reference_002458.png","4","Benign","4","6195","c938d39051c2682f1c0e358d9212cd9ae560800d502816cbe61c2495d9b81587"
"2459","benign","reference_002459.png","4","Benign","4","3452","3fedfa54403d7ff869a2aca2b846f8c4156417fcfb4f7b759a9012d51da73400"
"2460","benign","reference_002460.png","4","Benign","4","3385","0a05588790b7155e614d68138ef32f049ec5a355b7838f5ae06700692672a04e"
"2461","benign","reference_002461.png","4","Benign","4","3571","0acab160cbe2a9b860841333c1ffafeb621cf4559e6b5fbdc9c109ec041c845b"
"2462","benign","reference_002462.png","4","Benign","4","6987","56231cf524c4833917eb9d701535d63291e9e877ba4e8982f81d8d8bc99f8d76"
"2463","benign","reference_002463.png","4","Benign","4","3414","f1a65e00e10c1220600a9c94bd87cd72b0f2348514747719c391942f9532591b"
"2464","benign","reference_002464.png","4","Benign","4","5083","a6bd49a4bf2395e99fad16e5ea0197203e47a0633ddff8e875c46ba48bd70fba"
"2465","benign","reference_002465.png","4","Benign","4","5603","79f3b5efadd022e854923ace849d624e660088215240cb639178bcd796e0ee0f"
"2466","benign","reference_002466.png","4","Benign","4","6168","d410be9ddb1f704638b5ffde5268f76553e5204ba28b2e3b59bb1b1dad776614"
"2467","benign","reference_002467.png","4","Benign","4","3426","70cc27149e6a6a2c54b5e22864edc784b72a7f22608523224ef8567849e3b984"
"2468","benign","reference_002468.png","4","Benign","6","6742","f2744d0a5f864fca80814b816a40e90d7d6a7cd60bc299fa12a51a5987db4263"
"2469","benign","reference_002469.png","4","Benign","2","20749","01c44bf07c0ee7a26fb666b258c0220da37604905cbbae4f1983ec32b21f7317"
"2470","benign","reference_002470.png","4","Benign","2","14624","8d44676242c1b6a97e24735df690bea06a79ee0f722f2ac8b726a12e3e2d788a"
"2471","benign","reference_002471.png","4","Benign","2","9065","9e67f2b82bf6c71a44959a8b0268fc471e62da4d6286db1245f7a70133aa037b"
"2472","benign","reference_002472.png","4","Benign","2","15685","2ebbda79d5fe758d8f6adf840f9d8f9054c85232f8fa634d09524490dbe6fb87"
"2473","benign","reference_002473.png","4","Benign","2","7318","7bd5851c1f76e1803d71642e99859fc3016319038de7be30dc538a2d7fb7db98"
"2474","benign","reference_002474.png","4","Benign","2","12845","6cb3a2e99ce8be4a0a2d8b0fa6015127ab0b94771c2adab0d2df68c6c5dfa61d"
"2475","benign","reference_002475.png","4","Benign","2","13150","3dab4d576eb9fb82d4304044896944376d226e02fde9c4f0e89edc80d830875e"
"2476","benign","reference_002476.png","4","Benign","2","15334","336ae1ef4da1f70e784ce3b8bc5bf7e5e8ae5e02aa5cf649903ce956f1e17df7"
"2477","benign","reference_002477.png","4","Benign","2","9456","fb0788771c3f92406703197c3d1380f8a2961cd55d6a48d49efebd6fd85542b8"
"2478","benign","reference_002478.png","4","Benign","2","19597","c6ea50f03e6f9509b858f7613bbc036bc5d92fbedb18202b871a6780c068d6ad"
"2479","benign","reference_002479.png","4","Benign","2","14737","aeccf029385f9766efaf4e9a48583576c219cbd31e15d7ded8f9b7094013c9f8"
"2480","benign","reference_002480.png","4","Benign","2","8055","93caedcbfd56b2744b80ba636afdcb66884019f0449b1356114423456e0c5ec1"
"2481","benign","reference_002481.png","4","Benign","2","9848","fed580090f0e85b16444008e2e7e73972833c6cea8b6bb1c438f41040960f036"
"2482","benign","reference_002482.png","4","Benign","9","17439","20ac4d2fa6742c61ee1a84d5a92b0b6c5d8d3eb719a7ce7850e3b2f599c53028"
"2483","benign","reference_002483.png","4","Benign","2","12056","bc6ddf3f65ae360fa257e5bd9f210ccee0aaf1ecdaa68c7cd852fb167688b19d"
"2484","benign","reference_002484.png","4","Benign","2","13059","df6bffeef19582cdf74370fc64170e3f00a6860ae88c649383121eb7d601af87"
"2485","benign","reference_002485.png","4","Benign","2","7976","7dd983422e8b7e0d167ccb3aba936c71d3254ec7bf03de7a0b5fb5aefa6c0dfe"
"2486","benign","reference_002486.png","4","Benign","2","8334","5aa80b5d1395896291756c54f6bbc17a24082f349d035a2e5b46151be426c919"
"2487","benign","reference_002487.png","4","Benign","2","9038","a1752c7e39950d84f00d8552dd97251dc146364a44de2356f89f33435668bb7a"
"2488","benign","reference_002488.png","4","Benign","2","8616","a75a8d45098869d91912a645ce67337b313d5c361f6bf7aa5853a3346591d454"
"2489","benign","reference_002489.png","4","Benign","2","12137","c6f1c1e6957bed6cdeb52aae098d8fad402d688ffc6c6097f4422f0bfd1c5ce1"
"2490","benign","reference_002490.png","4","Benign","2","9895","fd4efc3e00a8aef1190990c901e4576223df30abb3cfad09597ac5b5b9ccde55"
"2491","benign","reference_002491.png","4","Benign","2","10060","c2b005b1c89a268e54840a4b1e682f47e2bd5b9527b6e08936e402d832352b08"
"2492","benign","reference_002492.png","4","Benign","2","11054","5e227259863d9cf7360c57f1e82eaad3118cbd6a8927dcba84496271fa7f389d"
"2493","benign","reference_002493.png","4","Benign","2","11803","cc7866bdc1bf835e08da3fcb950c226503a9bdc7a2eccd20ee7ad2898d257809"
"2494","benign","reference_002494.png","4","Benign","2","10331","3437c126c91a9a432aa11e581d35e0059859115c3c45172068d62b779d471c16"
"2495","benign","reference_002495.png","4","Benign","2","10345","a60b918a3bc941a32d0ec387f499103be4d80215877e6691f3769454fed480eb"
"2496","benign","reference_002496.png","4","Benign","2","12630","ca05b0c940d765f5293e000cbc0a545e2b867c278690de17b354d76e2946fdf2"
"2497","benign","reference_002497.png","4","Benign","2","14044","fbb9c5038b50d22e2932997be40e6ecab482f14bb085784b7d44ea444601be14"
"2498","benign","reference_002498.png","4","Benign","9","7435","b8cd9370056b3c2a60efd1cf5dea4e2d880c016f4033b22f06e949106e6e3ae5"
"2499","benign","reference_002499.png","4","Benign","2","5876","4d2a811f42cb11f46b3ff36b3ca6cd3d92681519eab53aa93f67ff19decbb1f2"
"2500","benign","reference_002500.png","4","Benign","2","15159","d07ca4476685da2d82fbb9e8d879928db47953327f61203de2ff0c6fc3dfa4ea"
"2501","benign","reference_002501.png","4","Benign","2","9302","cff5b38079d6dc7b4a7b38eee86c26bd91d7a80cfef296632bc0ac2c297f203f"
"2502","benign","reference_002502.png","4","Benign","2","7822","e45a4cc9e659d94c6e41d3d82589e9bf721a9f955937a6b12bc7f97898cc9e7c"
"2503","benign","reference_002503.png","4","Benign","2","10261","5a7bb79b7238d179c22fe819a8f11209e91ec62092c617299ebe12902ce2f7a8"
"2504","benign","reference_002504.png","4","Benign","2","7127","fb6bf3b1cc2fe32fad265ea1ddff9b10aa15ba6a21a39108bd77e22c7541e321"
"2505","benign","reference_002505.png","4","Benign","2","6706","b3d77eaa69de28b8905ad0e5b1d99f868f6d3a496b2380ea3387185d016ba218"
"2506","benign","reference_002506.png","4","Benign","2","7210","ad55a0b3564e00d3aba08909e7c806e94b468b8a2333a9e333fe0191553bc391"
"2507","benign","reference_002507.png","4","Benign","2","9514","198a3c4b2b35585e86ef907facb19acc06f03ae436e58bd964c59121ab27ea3e"
"2508","benign","reference_002508.png","4","Benign","2","9646","fa3ac4cd6ff487a4153100e3c5074e7ed51bbd7b5ea68bcf5cae2b3d09a5dc70"
"2509","benign","reference_002509.png","4","Benign","2","10559","c3ae40e98c341a00b9cf802ea5ba43c335802dee86eebf53f960dea57dd3b22c"
"2510","benign","reference_002510.png","4","Benign","2","9057","69e0334c3ca120b531f5cc3072f1d697902b3ff66bae21621498ec5dbf668671"
"2511","benign","reference_002511.png","4","Benign","2","19421","9cb3e148cf93de3314761110e489c9ae9d247ff3cf57a2e1b5b45a8311d57465"
"2512","benign","reference_002512.png","4","Benign","2","8347","c4479b7b7f1585a8fd16f683c2d17212e4c4dfb63540c33611d072aa40d0abc9"
"2513","benign","reference_002513.png","4","Benign","2","13005","3493c30625d00ab217fcd1687aeca5c7c12c9ed0db1ffae6ecdc81aeef694420"
"2514","benign","reference_002514.png","4","Benign","5","4795","d811a5163e9b6eb4b4b0bc3e308653667954f7e38b374c99334054cd79ec6f96"
"2515","benign","reference_002515.png","4","Benign","5","4702","1c70ba8ef037a8328a6152d336ab6f914020ce03b6d2e2eb038498abd8b2c481"
"2516","benign","reference_002516.png","4","Benign","5","4701","507bd28a816ca40aae0aa8291065320f00049826f69b0caf2259ce452a35276c"
"2517","benign","reference_002517.png","4","Benign","1","4154","826afdc891524d30bb440f76d9cea3d94ab1ebb14801ea0fa241cba3f3655ec9"
"2518","benign","reference_002518.png","4","Benign","4","3226","35ab264b04546d17157f4d9daabd046531dbaa30af74e8ad8ff9a1216a0fda16"
"2519","benign","reference_002519.png","4","Benign","7","6307","d95c7616dd18f91dd57906ed01ca2ec7ab1a43ff8039dbf14622f24ce33c676f"
"2520","benign","reference_002520.png","4","Benign","5","3255","4d1f926785736fafa506d6b805791fc9240371b8244699a93676c34827b2e098"
"2521","benign","reference_002521.png","4","Benign","4","6014","4dce09d51b3667302cc0dcb17327d1ba5c88fe3c62d4270f3ff16ba3e118025b"
"2522","benign","reference_002522.png","4","Benign","4","3743","3908b246f9012669635cbf21496dcd2e9500abab7563f91ad40f6ebf29c40220"
"2523","benign","reference_002523.png","4","Benign","5","5162","7a2ea0a2fbce1a4a48ff0b0adec528c17cfc5b0d7c9b44fc08b150e793938dd7"
"2524","benign","reference_002524.png","4","Benign","1","5717","4408f12eecedc70bc4510474aad336146dbb3761536c3e2fe365d6d6e4dff978"
"2525","benign","reference_002525.png","4","Benign","5","3468","3f5bff1591d224289a282df631cebdadf29049ff13e5f4707b207949dfb371bb"
"2526","benign","reference_002526.png","4","Benign","5","3574","a940c6b28f7e614edfd94f6b0d0e2a76b1766273ed1d94c98f34015493d3208b"
"2527","benign","reference_002527.png","4","Benign","1","3975","76baa41a8225acb7be339219e28f3b72f983d478351f9ec0109abbc310bcc2d0"
"2528","benign","reference_002528.png","4","Benign","5","3313","d558fe9eda91ec48d99eb65ff090790fb7d2e06efc57510b1016cfacec1b5b84"
"2529","benign","reference_002529.png","4","Benign","1","3562","11c20dbfc14c08b109771843308ab39e4bc278b3509d7b0d0a43504b103bb6c8"
"2530","benign","reference_002530.png","4","Benign","5","4094","c2c1d9d94d436622e5794f190cf8bcfa998926ec6cc693a2596750ec750b02d1"
"2531","benign","reference_002531.png","4","Benign","8","6549","06b9a0e45934a19e5ffa8e0a163a81b40f79c8bedb36e1a4ec0d616075002067"
"2532","benign","reference_002532.png","4","Benign","4","4960","36b90a74b0486e9f114e170eb46cc5e76bb353bb2bfc4a8e390968d06424fb82"
"2533","benign","reference_002533.png","4","Benign","4","5193","158e5cd5f91aff59790ea52525e90a10fe5065d5a119c400c456e73d19959096"
"2534","benign","reference_002534.png","4","Benign","1","3755","c8a28cd3199e39c7dfa5fb455dfa1c38cd2296140d1b169ff8eb2b6af758f206"
"2535","benign","reference_002535.png","4","Benign","5","4171","5768f7b10ea161845077721f52bf3932222f25fa7affb593d0e19d389d51eb87"
"2536","benign","reference_002536.png","4","Benign","8","33294","bf932bf923209b42c3b7c92ad5ea4457a0e1770252b0c7ebdf8e4ea38b05bd22"
"2537","benign","reference_002537.png","4","Benign","7","8968","3e358c531e1af46a06c34de39f29e33a1aa331fa9c56bbaba1fb78a8c5a478ff"
"2538","benign","reference_002538.png","4","Benign","5","5331","5b032c22a4ff6a71614f936c6ac080c36105fd5fe1b13af80689d6e43f985161"
"2539","benign","reference_002539.png","4","Benign","1","3766","8587a961525bec6e550838efd3fd82f41222887ae048c34af93a097400ebec9b"
"2540","benign","reference_002540.png","4","Benign","1","6640","c4a2232f696211d413e80b4c298161755a9a249643c72c073638195a77003f2c"
"2541","benign","reference_002541.png","4","Benign","5","4418","6b313a98821db9d026984ee271024aaa947ab7bc7f50ce91d41cd5494787ae2d"
"2542","benign","reference_002542.png","4","Benign","1","3649","179265baaee437b57268f3c9ea9396afa869b002af3e9b538d40e1b533761dfb"
"2543","benign","reference_002543.png","4","Benign","5","4499","fad397589480c55204a9d7e5fd0166fa50d9ab2cfede72961b974e9611b03866"
"2544","benign","reference_002544.png","4","Benign","5","5024","472604af909d9f149b7e609a53456bf4cce7ddf97ebbe0151abf81537d240b5f"
"2545","benign","reference_002545.png","4","Benign","5","4634","5b370d1f9d1e704d6b2a09da863b95d0c8e020601d1e32ec2216d3e52fe4fd5e"
"2546","benign","reference_002546.png","4","Benign","5","5440","b48d17a5a42ffe837e623401ab8ee4e48c789affd39550950f071932660a6503"
"2547","benign","reference_002547.png","4","Benign","5","5844","692f7efdd3be036fc702317cc5b14e6499bb16f797ddb116a96a96e28841d120"
"2548","benign","reference_002548.png","4","Benign","8","9410","1f315d2b90d9c7cf9faba41a2f1fd67af509f33842218b0eab766be653def4fd"
"2549","benign","reference_002549.png","4","Benign","8","6634","cee4fdbf8bc77b07941dda95c9889a367e494c5987c03b8ebb56e3db3276b8b5"
"2550","benign","reference_002550.png","4","Benign","8","13098","5bb73cfc00dd5fa3a0a42c451a086504ec4f715f8382d5216c8e55f3a669578f"
"2551","benign","reference_002551.png","4","Benign","5","6188","ee1b36efbf927e76d3fae356d2f0b41637d08afec34b54da63c97134f06f9c0d"
"2552","benign","reference_002552.png","4","Benign","5","12844","fd42c57d2de995212db619330043bc105195b51cf0f650230afcbd3076809e9f"
"2553","benign","reference_002553.png","4","Benign","8","10897","70aea9a6cdd5c4a6b073e133d63b293a3b1eac0aa55c1d27cff7743505ee291b"
"2554","benign","reference_002554.png","4","Benign","5","5378","c37c958861d1da97b520c8df84fd08fe680a874fcbcc4637d57a53dd48982a60"
"2555","benign","reference_002555.png","4","Benign","5","4291","87fc1ba8fd453286a556cda89e7c7706a2a4abfabed7878b93398c038c9f60f8"
"2556","benign","reference_002556.png","4","Benign","5","4211","97e267a2ad43b91b588bd263860da5284442130cb00874cbd3cfb26c89a36fb2"
"2557","benign","reference_002557.png","4","Benign","5","6755","3bf69ed7cfe4674d70ff101a35957ac4289f3e5d264284a73f0d5dd4537aa9c9"
"2558","benign","reference_002558.png","4","Benign","5","3644","3f92972d934949ea3b7bf1b9cddadfc57cec16de3c964cbe93862a0227d3012d"
"2559","benign","reference_002559.png","4","Benign","5","6060","7c53ca35b5d70c0d299d4b873bc291c88f27ec59b5f4eeaf0ef64f55e92dd1b9"
"2560","benign","reference_002560.png","4","Benign","5","5123","729fcd8f5e0dd340e58e38b94e8be868ce447c2e82412f33d9fc9d5c52d0d3b3"
"2561","benign","reference_002561.png","4","Benign","5","6562","dac89f748b3f8f553a2e496fd7b99588c34d4c5adee519998b199ae1bda5de58"
"2562","benign","reference_002562.png","4","Benign","8","9721","8c7be4d7f4cf7638227016e98d650ee2dbd4284bf7483126f48dbcb296b59d9e"
"2563","benign","reference_002563.png","4","Benign","5","5892","5a17101f4921fbe5af172239ecd6c8df7034903178ef9a970b8fd46cbbae1f6c"
"2564","benign","reference_002564.png","4","Benign","5","4329","10a8c00c5e0817207ebedc085df9e7cdd701bce536dfcdd2fe7cd72ba48e797f"
"2565","benign","reference_002565.png","4","Benign","5","4990","c4497573d88e510d6e8a469a8c93779bbcab14db5ac8065cb0877886e3926a99"
"2566","benign","reference_002566.png","4","Benign","5","5413","87eb155353167a3cd0589468a8c768641a365319dc9931342ba0b9138276dde5"
"2567","benign","reference_002567.png","4","Benign","5","6511","50d27310da6825ee6655e642d6f9056c36ed756fa63cb1fb837ce1e540a3ef3a"
"2568","benign","reference_002568.png","4","Benign","5","6175","fa05d43fa982b9099111a88a8b774f6416928acefd6d6a4dad86b27191f507a0"
"2569","benign","reference_002569.png","4","Benign","5","6654","a3848668cedb6a52d7aa0b7b8572bc0f09998125be63a184ccfb06a1bbc858f1"
"2570","benign","reference_002570.png","4","Benign","5","8400","4b18987508f8335996ed2f387ee8ae4160ccb6519eead70a36c752cbc8933a66"
"2571","benign","reference_002571.png","4","Benign","8","9908","11f0a20ad30dd095767a4b81281714a4de7df774d4b11c9ba1ddd289ccda4780"
"2572","benign","reference_002572.png","4","Benign","8","8511","c0069a001276d21fa316445a8ad705eeaa6f8da12e99a5723188d3cf505638e2"
"2573","benign","reference_002573.png","4","Benign","5","5275","25b5fede9bfdface231c10c4a708cf78f56dbfa327fa91e797655a1b1a7a3264"
"2574","benign","reference_002574.png","4","Benign","5","4798","074d8ff80ee0f98d769d77e8f5827eba28fd75e0e1abadf8886a15e1b9f9f53e"
"2575","benign","reference_002575.png","4","Benign","5","6543","317c2adb49997f4daea95381ecc2fd2153a5a102a5365271bf2618fd47938312"
"2576","benign","reference_002576.png","4","Benign","5","6741","67eaa9847bc149a290c509f0c5ef5238e3bf1179cefeab539ceeeea4e70b6135"
"2577","benign","reference_002577.png","4","Benign","5","7874","f6a09fcbed9c73c6a359d5035fd5ae6c542ea7a9bc0a02f47af6142bcc89ff5f"
"2578","benign","reference_002578.png","4","Benign","5","5307","c471f0c8eba4de0f9d29cfae3db776f54f5a7b2070674b2521f5133b728e13fc"
"2579","benign","reference_002579.png","4","Benign","5","5392","8d5faa64b5884e03fb5f209324ef4a5125ce3dd62996325c6b2e7a727ad72477"
"2580","benign","reference_002580.png","4","Benign","5","4376","5988cad8e0775ec602e3e64bf02078e7431bc9f5a64f6a6a4b7c750ba4ae819f"
"2581","benign","reference_002581.png","4","Benign","5","4066","8f9546ef04f5303a1d22451b4844d4fe7d60513376f9a2733a4efe759b115b8f"
"2582","benign","reference_002582.png","4","Benign","5","4407","898e0a2e9520131c443ddb0c96360b62e71a057931edc2c02f8632eb6474fcd7"
"2583","benign","reference_002583.png","4","Benign","5","5851","e76c475f9978d7f96835bf98b74b2db00fe279bc320de3a512584ddaf85e9f40"
"2584","benign","reference_002584.png","4","Benign","5","6128","6df08fb0ee9f2d9ce9f160d27c1ca521b9e6c4e23496a1b50f3c9d4373234045"
"2585","benign","reference_002585.png","4","Benign","5","6419","eba682f0eadb34a146f4fca5da4f8c7f38a0a71f5e314ac39f5f1a88169d0618"
"2586","benign","reference_002586.png","4","Benign","5","5125","707e95ac76dbc313cec58bb4f9ecfe4cf0cbc11c167f689c62df5a4473c7a1d9"
"2587","benign","reference_002587.png","4","Benign","5","9761","7ba8b149d65a4c33a88a1bfd738a64a7a223204e376c2664ee30ea82d93eb430"
"2588","benign","reference_002588.png","4","Benign","5","5288","2284dbd787ea8c96499ad53fc3c6df23e0ff3708014afabfc16b6182d4b6e5f2"
"2589","benign","reference_002589.png","4","Benign","5","7576","5c2919f594f04b533d4bf009262f89f3521301c8146f64bb9a33f36d6fa50103"
"2590","benign","reference_002590.png","4","Benign","5","4780","3c4e494a1235bd5a820dc6b56b3dc2adf6b26e8103d8c513023a4ab2504c0749"
"2591","benign","reference_002591.png","4","Benign","5","5629","0a01fe7b1eb5dd921706b04cb039fbe42b42962de152108b9bac86ee4cfb5344"
"2592","benign","reference_002592.png","4","Benign","5","4268","b879a88b9b9304ec61e2af88b80afd5954e24ecdd6beb344a05917941767671f"
"2593","benign","reference_002593.png","4","Benign","5","4368","d5b8e8d727dcecff6eaa03ee1387111ef3f7db93f62a54ec257ff459cad6a8d3"
"2594","benign","reference_002594.png","4","Benign","5","6374","1ec76c778a3c0c7de446302a536ad5c4e7b65a3e056cbc7407709362e3c01f34"
"2595","benign","reference_002595.png","4","Benign","5","5271","5e358b62ebab48e8f07a9e8df9fcf43730dde00c20747dc8f1f7f11230afc7a7"
"2596","benign","reference_002596.png","4","Benign","5","3657","d3a63fe53d7782ab34f227a2f865058d2d838127aacc37081f102c6776ac4dac"
"2597","benign","reference_002597.png","4","Benign","5","4781","2dae2d79b9e232af55d84e328559e8ef7c72a91d1f1e706fa790e31fbd349b3d"
"2598","benign","reference_002598.png","4","Benign","5","4924","6ee0ebd6e776f1515f4fd4ffc6b39bf45402c0ce9c26ea83ef2fb02e390a510e"
"2599","benign","reference_002599.png","4","Benign","5","5304","faf0fa4305580c16c69bb69504ecfb1057b7cb36190ac0c2df30128fc9345387"
"2600","benign","reference_002600.png","4","Benign","5","5842","acee177f232b77f5ab7970b6085b159aa933833b54e4e398a77bb8965c675661"
"2601","benign","reference_002601.png","4","Benign","5","6295","4842b8f6898b4c4680aaaf207b7c5fa2332a9a83e208d2a6aa4f5d4d07eaed0c"
"2602","benign","reference_002602.png","4","Benign","5","7006","3356bc5b922b11170195a47ac6e644e49e846b0ec9048864994729aff8e14c08"
"2603","benign","reference_002603.png","4","Benign","5","3696","3bb632102922da964fa94e1afbd3dc0eceef008d8f1a45d3de3b4e0772260447"
"2604","benign","reference_002604.png","4","Benign","5","6769","b8d6e7958b179ff3ece10ceba992258d09ad72f2195d43e7df760c96c044f325"
"2605","benign","reference_002605.png","4","Benign","5","4325","3b95363e000f427b71d1c135b34b582356e7e12b3d44d72e033e3ccc2d52687e"
"2606","benign","reference_002606.png","4","Benign","5","4007","b65e392889795d739c8dbe1c8fb7e12d9c967c39c3c0416c7c5b5f2145b863f1"
"2607","benign","reference_002607.png","4","Benign","5","6093","b1ce9efcc61f711c325bc8409a5e0469c503bd0cf42a38b88c2c06ad835a4afa"
"2608","benign","reference_002608.png","4","Benign","5","5414","b5540eebd161229d11f3affc5dd0f2565757c7d84012d57fdaa3ed433cf818b2"
"2609","benign","reference_002609.png","4","Benign","5","7113","73740fecb07cbc0ef81084441f402127455793aa96890d89a654c78a256583ba"
"2610","benign","reference_002610.png","4","Benign","5","5047","2430ba6d8f5b0f1ff76b74fdadf49b6baa07d17042da4db6f72f9eef178f085e"
"2611","benign","reference_002611.png","4","Benign","5","6375","d94b7fb5184d61574f454633a642a82e72c8a8ddefea17c4a16203bd4a96c233"
"2612","benign","reference_002612.png","4","Benign","5","5735","063b1b0122f85d716009ba4b92590a9d94cd6156341e168036be7b816e51cda2"
"2613","benign","reference_002613.png","4","Benign","5","4674","0569780de4370baed764e2365c4c8308ee21db7d7ba609ad93ad571b3ca22ead"
"2614","benign","reference_002614.png","4","Benign","5","6776","35d3675e619d4976319f1f58e13eecede4d90f38c2863e10d4659d7a43db1612"
"2615","benign","reference_002615.png","4","Benign","5","7846","30e201adb4ba3010b9ca00799be0324c4e97c16b46e6e103cf28200c729df208"
"2616","benign","reference_002616.png","4","Benign","9","5334","78bb9c3fb899fd111cf2183463aec2243b2fc5bf84f54e1642f14f0d17e85fd6"
"2617","benign","reference_002617.png","4","Benign","5","5103","154cf841208ce8b54429904923193e00a3d2111633956168eab34b879f8843a6"
"2618","benign","reference_002618.png","4","Benign","5","5158","9398d3ba9a7d197998add96887cbe999f67b5e037a7a87a694f60ebea3f91f92"
"2619","benign","reference_002619.png","4","Benign","5","4443","ef541e8a1f9c87779296b97e34eb1992a96376b0df7814cc2425731f0ee1be80"
"2620","benign","reference_002620.png","4","Benign","5","3653","e07d788ab3606b1960beea564b0fd44902d282f4ce02c11268461c09b5bca248"
"2621","benign","reference_002621.png","4","Benign","5","4802","eba633eac5c49f9cb2719cebc1d478a14614ce1928ffa8988b0e8faba2cec642"
"2622","benign","reference_002622.png","4","Benign","5","6011","587414c917f0ab61a63b0c39342817670cde9b71cd6a83e6fd15570f428244bb"
"2623","benign","reference_002623.png","4","Benign","5","6059","d7c1750fba4a362fb7030c24273adc9a7d15ab8f60dc4218fdc0db0c56c08dee"
"2624","benign","reference_002624.png","4","Benign","5","8281","9dff75d9f67a7e7767fdcdd22da684ccdfb5c5f4f0c5554673f8c0bc55e4b089"
"2625","benign","reference_002625.png","4","Benign","5","8913","3bf886a13dde0283b469796a05b428861182907c885e873fcf6a59a660f2e6fb"
"2626","benign","reference_002626.png","4","Benign","5","5585","a7b9845d85bc6b64630bb5b22e0b1ddc1905eb6929e1dbcbc343d4a302841acf"
"2627","benign","reference_002627.png","4","Benign","5","8384","d7ae5ee7db43a2fd4ce8962bd22418e949dbb289e56e3ec45c809c9cbe0bdf3e"
"2628","benign","reference_002628.png","4","Benign","5","6150","f070a4cae4920f8e412795e80a6249518c5475241883101536f247b431cc0e05"
"2629","benign","reference_002629.png","4","Benign","5","8279","05fde01e664c9ed77430aa8f1eef1479f5e8e7ee483e9c0504bb397fa0bef3a9"
"2630","benign","reference_002630.png","4","Benign","5","5568","71bee2c98e22d7e7981ff5557c123eac63d671ee3941fc5b6de38e0df95c75d0"
"2631","benign","reference_002631.png","4","Benign","5","5552","4c13f203231516c9ab866beca4f564a5030f73faf96a4cc46ab1744c602e3de4"
"2632","benign","reference_002632.png","4","Benign","5","9097","612d5136945d03f1b2316de9d238d5b49f9e169b6b8cc3c89c82f9561545a64e"
"2633","benign","reference_002633.png","4","Benign","5","8914","b1b61fd59dd8903f3a81358abba2dbfb0e96d17a69ea0ccc1ce940145d17e628"
"2634","benign","reference_002634.png","4","Benign","5","6150","e3172eaa5283211d09960ce92da00307ecce8004bcf65a86a9a9ea8620adeff9"
"2635","benign","reference_002635.png","4","Benign","5","5577","44de70760057520e8045b571aff98ca904346ac5c750f316a58415ab9001841b"
"2636","benign","reference_002636.png","4","Benign","5","5151","6ee72e646f58671ffa7c9a625c66859ac832628b59512af93f36e4c9d518ca35"
"2637","benign","reference_002637.png","4","Benign","5","8929","0a6215d7eb60d3732f5723a751248760aa2086c9e89283873423ac4c673d4f3b"
"2638","benign","reference_002638.png","4","Benign","5","6379","be5d95571a61de0d946487caa979b9881b7facf0496eceafcb96fcce81d83379"
"2639","benign","reference_002639.png","4","Benign","5","9046","cf9e594c6e93f336b8e61935c37a0a111e3e49f6e7610addcacd3d125086dc87"
"2640","benign","reference_002640.png","4","Benign","5","8379","5b62eee5391085811a30f22fbeee39f4f76c2a15c2bfc8ecb7e22132037115cb"
"2641","benign","reference_002641.png","4","Benign","5","9422","71a58510852cfdf4d624dbd5b369a04d83006f2c6c98faa5fcf79e0014b860e7"
"2642","benign","reference_002642.png","4","Benign","5","5427","13b8109977c7276a8c926ce7788769108a70b5e1f5e6a42be998b3fb072bea64"
"2643","benign","reference_002643.png","4","Benign","5","9049","b321a04cdc257960180482727c70e8c726d289764f1cf4e18e044a8f72c7dc7a"
"2644","benign","reference_002644.png","4","Benign","5","9065","93e6c3d4650a685dc82a626c438261f48947925ce261c658f69a3b570b73ac75"
"2645","benign","reference_002645.png","4","Benign","5","9063","b61d8bb8e6531a9f658815a3a7985e56682a15dbdab8a16f9c60f591c69e0059"
"2646","benign","reference_002646.png","4","Benign","5","9015","ca2ae3fee974be401a86aa0227afb6ade8e3a0da1c1312353ebd764ddddf607c"
"2647","benign","reference_002647.png","4","Benign","5","5424","bd4b8b21770dc2220aa617095ffc01deddb9e630126fdd0f62691538bf8252f6"
"2648","benign","reference_002648.png","4","Benign","5","8980","a68101feec08e1b43100d36c11c6ef65915a339393456423010edd98a2f932fd"
"2649","benign","reference_002649.png","4","Benign","5","7969","0305216aa2ac55f9f07b345d85e6531e4320314ca19ffff225bcbfa51f680ab3"
"2650","benign","reference_002650.png","4","Benign","5","8399","db36f0304fbb09ce16e94b507713235220d273e10d36d2c4f5b05fb60a556e5f"
"2651","benign","reference_002651.png","4","Benign","5","8474","6144c98b9af66661fbf7d34f4225d972ead37ae8a0c0337e368628ee79aab185"
"2652","benign","reference_002652.png","4","Benign","5","9115","a2a4a077c25e8d7fc975054140eeee56c121c59bd9663c6ee49fdfac1c9afe5d"
"2653","benign","reference_002653.png","4","Benign","5","9588","d0b4508e358340c7447140e68ed116ce0188d6fbdce64fb12bbc264beab9a0d4"
"2654","benign","reference_002654.png","4","Benign","5","7918","352ff6c9211fa4ca48a7fcdb4dd44916ec96b5e0e50483115b11fd6ef67608be"
"2655","benign","reference_002655.png","4","Benign","5","9396","2af4b4cf657e320fe8e0a8235b5a24ebc7a2820888c152b64bff7b4389d3f69c"
"2656","benign","reference_002656.png","4","Benign","5","8819","abc1a785832fabff812a0d88811bb5c7c95340880d7965e299bed144f99667cc"
"2657","benign","reference_002657.png","4","Benign","5","9485","542121334d411665acb7cd773924e84b48f5a429a219dc30d2f1c731c3703443"
"2658","benign","reference_002658.png","4","Benign","5","9421","ef194694191e2cfb684239d2cad9f4da38bcc2c2d4949c22fd9419cd51e8f4c6"
"2659","benign","reference_002659.png","4","Benign","5","6740","0b55f0b1a7357c580b5dad0b422fe3be89529175cecff3599aa73288f13881f0"
"2660","benign","reference_002660.png","4","Benign","2","9710","494b1e3ac057eb726896c49b49611ea7c26911c8318fee19378dcca46fb7d792"
"2661","benign","reference_002661.png","4","Benign","2","9411","a5b55f3d39e53e7c9718df11a497500e7db695b596d00a99b14666675fa2134c"
"2662","benign","reference_002662.png","4","Benign","2","13681","1d0f7a2b0106f9a9a6a54b98028318747b18fabe4bc53da1e6d963432e25ee10"
"2663","benign","reference_002663.png","4","Benign","2","16226","f8f844982c33bd7a7309ecbe0f9ba36af43eb5b3933ee4cf378fa1f899a62ba6"
"2664","benign","reference_002664.png","4","Benign","2","9375","68e37616aee1dee11be3145007a18c7adbb270be9531d0e190cd6979fd43bac7"
"2665","benign","reference_002665.png","4","Benign","2","12444","6a32e460838abe6d1d3cf5e077374fd2a0036475f906217e2eceffcb9ff3dd22"
"2666","benign","reference_002666.png","4","Benign","2","12742","aa0e8557de86086bc59f384d7b9861912e7cde4845aa6fc39ace5efc402c3c8b"
"2667","benign","reference_002667.png","4","Benign","2","8107","49bf4f4a0cf03c4393fa265bbec21ff54762d00c5a12b9b7e8502b471de2789b"
"2668","benign","reference_002668.png","4","Benign","2","9424","d8a3fe0219ea9fb47d7c810eeeaa5d4c12963852a12a4f1fc08e9ae49180a4ab"
"2669","benign","reference_002669.png","4","Benign","2","9737","b802fb188b1af92577a267a201709e9c97028c3b930792a1f5be4a3604c0b919"
"2670","benign","reference_002670.png","4","Benign","2","11304","0a5fd58e58d88bec5feee0f27beedb2a48f16a5895c165b94e10b82b58b95f28"
"2671","benign","reference_002671.png","4","Benign","2","9052","3c47bb1777a712555d910aeb3c2df484eb6de51970863d5c8f1e6304915b5c23"
"2672","benign","reference_002672.png","4","Benign","2","10575","e9e9759a3c47dc0216444d48139c11452c470a412e3d905796508e3cc176005b"
"2673","benign","reference_002673.png","4","Benign","2","17037","99709389797e42dbccadb6c4949a63d853c1a8a05b6f6b38d1aa75de59080e56"
"2674","benign","reference_002674.png","4","Benign","2","7000","8983809fc507b2f45dbe79b95fdd1e2c56f5138c62cb87c6cc09aa5dd3cfcfc0"
"2675","benign","reference_002675.png","4","Benign","2","10428","bd7fcdf85d16d8ab031ceb42a5b97862c790b64b83d68e321498d7ea247a6b32"
"2676","benign","reference_002676.png","4","Benign","2","8101","23c093a90d235b3c31f2a5a35a6e99f9bac1cfee19fdb3e21ea0fd1e6d706a57"
"2677","benign","reference_002677.png","4","Benign","2","7708","05a116128b9dbd7a314441a93fac5331cf6577026dd8af25e65a415fda27f0fd"
"2678","benign","reference_002678.png","4","Benign","2","12559","12f284d581caa8e5cb9803a4e8cbc67ee537e1d5df2b023fa412eb9cda0e0a2a"
"2679","benign","reference_002679.png","4","Benign","2","7704","2223cec87e06cfc62e0c51ff525d62aec9f40d76161a5452cae17b3373817f3d"
"2680","benign","reference_002680.png","4","Benign","2","10642","b9a8aab7b4d0949a082ee30f80130b75311dc1ae889f564b8364b603754d839b"
"2681","benign","reference_002681.png","4","Benign","2","9849","78c12383cab6afe3a33aebf56715290c370fb13455d72b2b4c5485062fe71e80"
"2682","benign","reference_002682.png","4","Benign","2","4943","d567d1f06073d804adc1492eb7f1c577a6269c25255705ed528fe809562f75df"
"2683","benign","reference_002683.png","4","Benign","2","8832","e8c5fcb9667f364f6f11c01ce6e19ade4d9e55bbd047f597ca0282051b8d4267"
"2684","benign","reference_002684.png","4","Benign","2","8663","90444d34bc3d1c922af84187395a1987d6262c1c7d3d8346b064997739dcaab3"
"2685","benign","reference_002685.png","4","Benign","2","6679","f2b9de9469c82fd6d29df587046d7d0b035e183ba855d3a9c1372be971342c10"
"2686","benign","reference_002686.png","4","Benign","2","6100","43d3f68471ecc14280d85fb0a449b7ce9cb3b5c71a749d83c11e1fef4c828d83"
"2687","benign","reference_002687.png","4","Benign","2","7352","6fe58db8ff9c523d755b1c55ac3474cb3c9292f7e78dab9ecf6780a49d97f5b4"
"2688","benign","reference_002688.png","4","Benign","2","4839","325dd0629f5d13865544f2923c58820bdcf845b1d155728f4138d12adf63d9be"
"2689","benign","reference_002689.png","4","Benign","2","6655","869db7032916a96283a57956fbf2a5eb14eedfed564f5a587daf132c46c63889"
"2690","benign","reference_002690.png","4","Benign","2","8197","bd6011cc9af6d97e4344f21a61d6e76aece417a2118f16891ff877b0ae695ebb"
"2691","benign","reference_002691.png","4","Benign","2","8780","80bf96b5689743f97d145d915978f713d95f50428d94eafdcfe0fd713ab26763"
"2692","benign","reference_002692.png","4","Benign","2","10669","b012a9167594f567d278325f14189c1fae80fec2af29e38eabd1977d02f5e449"
"2693","benign","reference_002693.png","4","Benign","2","6413","5001bfc95f623ef4b6bc9cf35408838c19be3ba1fb64f241c67ccd527484df18"
"2694","benign","reference_002694.png","4","Benign","2","7495","dc740c2034a2c75bb1d0ecf0939c8745effe0bf01303f84fa6df413cf05bf2c1"
"2695","benign","reference_002695.png","4","Benign","2","12893","3357ab887cdf13b043c0ade7b1e13d2d72cc47ba6a9ca3051b4952411ae07a53"
"2696","benign","reference_002696.png","4","Benign","2","11843","5b718c49fab0fda00e125b6640f93b73c205f13f6f89e07a7cbe5a65a4e8bccd"
"2697","benign","reference_002697.png","4","Benign","2","8279","4d3a230f382eb00356ea10e82904a3c797c3ba8e2c380670d35cc9452cb394e7"
"2698","benign","reference_002698.png","4","Benign","2","7782","02d2b3d6b52f7794d45425eefa6f2d803fb98c49d377efa229408527c21b18f6"
"2699","benign","reference_002699.png","4","Benign","2","8274","cf05d58b6c1096bd4f8510746098a3e228aa49c1ff515cf1a7f142fcac3a0968"
"2700","benign","reference_002700.png","4","Benign","2","15899","72754eaeab5f19e7e143a39ab5109144e75ff8d320c98dd533bba5506672f558"
"2701","benign","reference_002701.png","4","Benign","2","10315","0993bc8e9d994b58457e90b559e6bf4b6ab2ae56bf083d467b9120566e7dcb84"
"2702","benign","reference_002702.png","4","Benign","2","9035","96b51992397f5cc81467917df65f41a4436608c80e46de4dd778340edd8a42c7"
"2703","benign","reference_002703.png","4","Benign","2","8407","9c9c00c3eeb6d1aa4fdab8ec2d23854107e10b1770666424f36330a035762636"
"2704","benign","reference_002704.png","4","Benign","2","6471","4cdd8779ad5ecc26ec501969bb18657ff11712c9412e6dd0c66471b09397dc2c"
"2705","benign","reference_002705.png","4","Benign","2","14113","0ec500f0e0dda23024e0b9258bca6312266cde20cf35a7d9199e2ec6e157bb98"
"2706","benign","reference_002706.png","4","Benign","2","7275","ee6daf07e0bdd05cba1b194690c59b6f90da18cff3e97229a5e63cec08de99df"
"2707","benign","reference_002707.png","4","Benign","2","7806","c333ee886ebfeeb5f9fbbab4bd999ee3428b81f5a51905d14b3773a5dbd5abdd"
"2708","benign","reference_002708.png","4","Benign","2","6451","aa2cfad74c5c09de72fe32497879214fe229fd3a8e14f31c14751d684e5ef30a"
"2709","benign","reference_002709.png","4","Benign","2","7104","d497a3cebf7ec145d04cf0d96cfd358ee57f1e0f10a4f91b87134f7e568d93ae"
"2710","benign","reference_002710.png","4","Benign","2","7559","e8b4807898808c84788fdc19639df92be9893f95713a6fbce092809afd051a1f"
"2711","benign","reference_002711.png","4","Benign","2","8160","bf73fff12c1f1c98af42595634234d70f3bc3a74c1053d4e494fb955e2960532"
"2712","benign","reference_002712.png","4","Benign","2","8388","2b6b6995bad18737088abb15f72e0010e4125031692aaec3ceaa34a06986d65f"
"2713","benign","reference_002713.png","4","Benign","2","7680","1a187d47de854cdc21accda34bf99c16cae7d5e8d9d60fb2591c507a3c0a2083"
"2714","benign","reference_002714.png","4","Benign","2","11728","aaa09af8dc36cbf6d769abbedfdf6bff28beb248bf20bee4c08f642f57eb2150"
"2715","benign","reference_002715.png","4","Benign","2","9650","c60f3abd69a9db28b54d789d8786fff987fcafa771a061334f001861e257f3d3"
"2716","benign","reference_002716.png","4","Benign","2","8005","b273c7f54655bda80a54101031bdfca4aac4d82bfd4a79d3418772f1c8ec8c7b"
"2717","benign","reference_002717.png","4","Benign","2","14152","e5d1d77b5cab85ab3e827a728f59971b6927193c015ec7c0a2926e6e833cb0f6"
"2718","benign","reference_002718.png","4","Benign","2","5510","60a8bea97f33f9f2f35e3812849e560079bc5328c83c54de58382e2811c42851"
"2719","benign","reference_002719.png","4","Benign","2","10651","3c9d18bead7d6e164ef903730541c1024dae8f4106072a51620e31d722aa2c2b"
"2720","benign","reference_002720.png","4","Benign","2","10560","31067152034e854894209230bc311d122d5264071ff8487678eb49315696e928"
"2721","benign","reference_002721.png","4","Benign","8","15719","781adf808db8d747c31fe8d820b2b118952444a42f7777e3fd0e1485afc025a6"
"2722","benign","reference_002722.png","4","Benign","2","8331","b8c2721eea26f548a41f35333bbd855c3b0fd4f64edabc460670b5d623200e4f"
"2723","benign","reference_002723.png","4","Benign","2","11269","d73809fd9d7acb681ad63de2847489b59d3e6678c1290a45ec193155cac8581a"
"2724","benign","reference_002724.png","4","Benign","2","11590","37bc642883818a2dccdfdfe9ff8663401f94bb56fdc06ca331e994bf112555bb"
"2725","benign","reference_002725.png","4","Benign","2","13381","5038da7724f2964f885dba47601d64cdf0a90fcd19e01e3355a051d883f2ebc7"
"2726","benign","reference_002726.png","4","Benign","2","9816","f243d42c1b204348cebac8020badac656fdd0f6a2d47d3ef27df56c195ca84b0"
"2727","benign","reference_002727.png","4","Benign","2","8844","22f9f5a812650c62c86af730c5dd1464da18c31e8bdcc28be77539e67179db88"
"2728","benign","reference_002728.png","4","Benign","2","9387","26e6a5623b617169feaed809598bed0393697f82d21fb0095cfaa0a3dea9a13d"
"2729","benign","reference_002729.png","4","Benign","2","7974","febbc716def0736ab482454abd45c22ca743c937d4c1d42a3ec49e3e8f751cb7"
"2730","benign","reference_002730.png","4","Benign","2","8870","01b7cae83861262346461c9116a5d03506231407b85bda1c28c8964728eb271c"
"2731","benign","reference_002731.png","4","Benign","2","9491","eac282a812b374d310f522c2cd44b0efabf2578465a4ffd432355954d6a51974"
"2732","benign","reference_002732.png","4","Benign","2","7520","6bc8072a46c8789a47a629fbd4fe261034588b464d9a0a66da808b02fde180e3"
"2733","benign","reference_002733.png","4","Benign","2","9416","b1fb44194d1f789f44c33f1607a76356c3fe2e613184efd9882afb47c964d5f7"
"2734","benign","reference_002734.png","4","Benign","2","9510","a3858a679a3b02b594ebb383d478a7a111fdc477885f7f4b555fa47a074f77c2"
"2735","benign","reference_002735.png","4","Benign","2","11814","2f1afe43e372f94047bf5ddbe55f75f82e8f80e05f76e75e6e431a79aa842e8b"
"2736","benign","reference_002736.png","4","Benign","2","10519","27accff86d4e7f1f07e352b6e50432a96fce3f25557ddb388a15c2e9b937891c"
"2737","benign","reference_002737.png","4","Benign","2","6458","d6c376203359a4985a344bfe9f638b1a2ea1c8172112bd551a8faf0602ecedce"
"2738","benign","reference_002738.png","4","Benign","2","9547","01ba055a2503ca06ba6439c4f3a0d44935d23dcba2e60a7ce643ea42ecdc1b33"
"2739","benign","reference_002739.png","4","Benign","2","12878","c6a5d7166f84bd23d3480e7a1c2a5469fa506da0b3640300cc6918b4ad2ba1f3"
"2740","benign","reference_002740.png","4","Benign","2","8270","d8c22e35661fdc83e35c9224d5c1ea2c7bc2def37ddb852d8529403e155ba3c8"
"2741","benign","reference_002741.png","4","Benign","2","10980","6675d84056769cb9e41bd1178e32df6dc969105a0945fdaa22655c6f187f63f8"
"2742","benign","reference_002742.png","4","Benign","2","11605","aec15e51fd698588f1a4e2fc7bf3c2c68531f308865793dc859629ce65eb8a6d"
"2743","benign","reference_002743.png","4","Benign","2","6761","fc845da354df0c943c8104df3d4db709d62ba40c5a0757dbd29e36b6f9fc8e29"
"2744","benign","reference_002744.png","4","Benign","2","12639","1cb02c9424364f29b77e9ce25db4d12f6a8b45464659d1b21b437d5983d5f46e"
"2745","benign","reference_002745.png","4","Benign","2","12034","f2a3dc9ac2c36d29d0b091ae2ce8c06cb93bb066abfa3efa21ea47488bc6620f"
"2746","benign","reference_002746.png","4","Benign","2","10119","d14d48bdc5860b569ec9964fcfa24867853ee411b45e5bf93706225c8a1022cb"
"2747","benign","reference_002747.png","4","Benign","2","10862","0bdf8d2e4c0bf902821f58510164e7b7384f25fbac5391efe9dfb87d49a12fa9"
"2748","benign","reference_002748.png","4","Benign","2","9479","0517a770f73f33e2aa1fb108c43b453345b07dac7ceab8bc8b353e44efdd7ed2"
"2749","benign","reference_002749.png","4","Benign","2","20369","95860a8ce4953cf3163cad1dbf0af9bfefd5c37eb361fedd86a98ad3c33855c5"
"2750","benign","reference_002750.png","4","Benign","2","9413","396da0b02cb342106d6d50dc389b6923aa7fbaa0fbb9b1f91eb2774f2efbaaf3"
"2751","benign","reference_002751.png","4","Benign","2","10441","3b415092f4402129ca4df0d7e81632423ecc17c33244afd1b2ecac95dd2387b6"
"2752","benign","reference_002752.png","4","Benign","2","9007","98e7a3e4c6febe9ac4f39c87f81175751e7f71d8213e21c118f81df60072ccc2"
"2753","benign","reference_002753.png","4","Benign","2","5091","d991f95a43d1399ecab42767e295f88269163a83c4d2f920e3b5780c9537913b"
"2754","benign","reference_002754.png","4","Benign","2","7745","c48772def1a178a303bd7b3ff0baf4749904b21dee4c8a3658f1bf7d7182b373"
"2755","benign","reference_002755.png","4","Benign","2","5683","11c6e3bfbc8dfa988d3ea6434b6f4ec3b4b6568c807260309a7254614e45ba5f"
"2756","benign","reference_002756.png","4","Benign","2","5626","d84901eab3038d6ddb1ed49dbabee3d277a2c1d10b8f3067880d5d86c74af1c7"
"2757","benign","reference_002757.png","4","Benign","2","15950","4bdfb075d3a9fe2674d8b2612a47d5df04114cf34501d0981c302e13ebf9119a"
"2758","benign","reference_002758.png","4","Benign","2","13117","5fe2112c3233d9cdfeab8c34f471e156bd165d80ad1fd1e80a20f4b3401797cf"
"2759","benign","reference_002759.png","4","Benign","2","9716","dd61bc6c49cf5fb5dad4115f2969354ad27bd97c71271ac9fb269d5e5878cacc"
"2760","benign","reference_002760.png","4","Benign","2","12091","71f90c779853ed9dfec45e049da6cdb4665f5e21a261c45c9048a06aba2810a9"
"2761","benign","reference_002761.png","4","Benign","2","11469","22effe4f4d10fbc9257a513abf65a21022bd9a473810d44a7c903963c3f99f07"
"2762","benign","reference_002762.png","4","Benign","2","10635","2e87be9ec1189d57141ca2ee57138aaae7efd6678b7933a3754d108c189c7c06"
"2763","benign","reference_002763.png","4","Benign","2","12056","2e002c892f1d14843013b32ff55be7f0a90fcd929dbf0d3d8bcf26f44c00cb97"
"2764","benign","reference_002764.png","4","Benign","2","9261","0de9c47edf5e646364c09f9fa7ea92a3646130d1b0daba890a022bdbc432bbb8"
"2765","benign","reference_002765.png","4","Benign","2","14836","1eb928cc949d42c7af76f4a07b3019a09abf04655940470622f9a6f2c57fb4ba"
"2766","benign","reference_002766.png","4","Benign","2","9710","3bf35ccafbc8fe25920beead96376f059304443cc4ba097a5a6cdfc0fc754a98"
"2767","benign","reference_002767.png","4","Benign","2","14069","4813bf25e366bedd84a33aa5935ea7315d6760bdbc81a6b0dc5302ab222fd32a"
"2768","benign","reference_002768.png","4","Benign","2","6598","47f11aab3bdc9d5379769996be7e6b9f562a83d1fadbca04d342dcc7402eb71d"
"2769","benign","reference_002769.png","4","Benign","2","12493","0ebddf3d4cf6220c7f5622829313b90e0c4826cc20fca220cbda75c372aff8b8"
"2770","benign","reference_002770.png","4","Benign","2","8870","f49bf1b961e832183fea741e9023d21ef03c3a1d49b23813d321b9aca462da7d"
"2771","benign","reference_002771.png","4","Benign","2","12428","503fb477655c23ba1846bf76275117fa05125df9b24428f430d479d0e938062f"
"2772","benign","reference_002772.png","4","Benign","2","10727","6d005db054d48626c0103e2f0b944a7209fbb8ec2178e27a4803842ebdf4e7dd"
"2773","benign","reference_002773.png","4","Benign","2","10449","6e92b7eb3514613f0325e436dc767d7dbef0cf61660edfc89a45267f62a192a4"
"2774","benign","reference_002774.png","4","Benign","2","5282","b45b4ed57df5eaeae7d7114585b55f627562dd9e6de88860c3fd68451b6203f5"
"2775","benign","reference_002775.png","4","Benign","2","12241","c870c2378987123d63671410807bbddfa06201559c06a759e8d0c007095a94a8"
"2776","benign","reference_002776.png","4","Benign","2","10076","ab4e63385dbd1b13e1d66103e826994854e5c7cb6aa87cd864c266e712c4c11d"
"2777","benign","reference_002777.png","4","Benign","2","11591","09b7bb310c81b434541c4fc1d6e911aacaccfe9ea314ef0f0df223d60ea3adc6"
"2778","benign","reference_002778.png","4","Benign","2","9126","be1ecde4eaac9221210eaf9f7b8079ff1f809e23d6638e18d96f74dfff0e9d67"
"2779","benign","reference_002779.png","4","Benign","2","9549","f558eb3f3a97b7451a46eb54f98c901414929d43a2991c243f789b96f7a02a9a"
"2780","benign","reference_002780.png","4","Benign","2","8717","91f9548674efb8dbb61a684f74d8e3034ebb1e28032decb07d92d927db34bb8a"
"2781","benign","reference_002781.png","4","Benign","2","8928","07d31a21b9bbda3df6eb4652160191cdaa72d0a0c70a674dd107a22e8dfcf993"
"2782","benign","reference_002782.png","4","Benign","2","10160","d69602f5f81be584e59b0de9b2b595d4afe563a3fcbf4e480db29fe0d0276a8a"
"2783","benign","reference_002783.png","4","Benign","2","16598","715117363685d6db535fb1efa3a392f488fe1e8b641066af90fab9a955892d69"
"2784","benign","reference_002784.png","4","Benign","2","11880","37eb9538dd595913290e8cf90a37ce48f470393a232442d5ba8a5314e310c91c"
"2785","benign","reference_002785.png","4","Benign","2","10337","681436a7663036c471c06a4ede2a3ac72a1972d63c48ec1456e7b797a7d72ddd"
"2786","benign","reference_002786.png","4","Benign","2","10449","9c62d722b578a791a5b30e8a95ee60ac3ee3c232ecc61fe57c008c6f3ba20971"
"2787","benign","reference_002787.png","4","Benign","2","5282","c8276fb5fd2ecd3986b06fbf674b3bc288cbb211fb29dce0580a9e21e540e08e"
"2788","benign","reference_002788.png","4","Benign","2","9034","b67edd4ed73a469e16dcee98c1dfc7102c70f84ca488798c5d91b2088ce73f17"
"2789","benign","reference_002789.png","4","Benign","2","8958","b7d4b3f69be2bba622745ad8d1d33df3812d101096eeffbd1e7622f86719e3dd"
"2790","benign","reference_002790.png","4","Benign","2","6783","95be2b17b2ac2be8020fb5db8df4aa950c7c5815bc66ef1b6bda79602ec46637"
"2791","benign","reference_002791.png","4","Benign","2","7613","6dc483394fc444ad01d75c2cbb5a101af7f58f5dd3ece5da4d6769799550f2fe"
"2792","benign","reference_002792.png","4","Benign","2","7136","1850feb3956aa806cd91ed444d0052cc75de02169b41825392053c95c897797d"
"2793","benign","reference_002793.png","4","Benign","2","6526","50d0eef3ae1ed6d2c6ed2d7db82da3bfc063701715e0cb1749c5df8d22d9b019"
"2794","benign","reference_002794.png","4","Benign","2","7147","f5fb62644e72ddaeee72398727e81ffd8fffbd3ebad663dda9856f1f65408db9"
"2795","benign","reference_002795.png","4","Benign","2","4899","2d8ca0cc365b3a009b7070bf5b047f901c4014836138bbb7f6dff69cf5608695"
"2796","benign","reference_002796.png","4","Benign","2","8023","6e3852858375beda017e72d7a325a7ab519511d6039f7e5ace64eee07add7f38"
"2797","benign","reference_002797.png","4","Benign","2","5893","91e2a168c566b5009d3374c4899ff4cd6a91071372f8186a67d756a23ff0934b"
"2798","benign","reference_002798.png","4","Benign","2","4939","0ef032f818cbb12556f4c29d876f659fe2ceddb467646cab8ccf36ec4eca1e35"
"2799","benign","reference_002799.png","4","Benign","2","11158","7d86374fa0c87fdc54f64eadf28b8e58a55c7a1de5740800705aca46adc7746d"
"2800","benign","reference_002800.png","4","Benign","2","7674","417703ef78932979554eebe50ff1a0f186bbe7f012a7b88fa13d198bde97ee3a"
"2801","benign","reference_002801.png","4","Benign","2","6188","807770b7d0259874c564d5549186b3047dd74041811ed997a084813674e9ac71"
"2802","benign","reference_002802.png","4","Benign","2","7892","3d68fa6a4301abc7d46c7507ff2460e8f687c1f48d561c6b6f4226e2b54eb497"
"2803","benign","reference_002803.png","4","Benign","2","9012","b77d41b5050d1263bd19bf6b140de2d46a9ed4c6f540363388917b6ddc229236"
"2804","benign","reference_002804.png","4","Benign","2","8622","584628d337756a37dce957b1746eef1201901a7fe65728b5a5f532380f5571f5"
"2805","benign","reference_002805.png","4","Benign","2","6304","cfa3bf07feb8da2f9d8b3c787e24eee6fab2a1a3d3d2d34b9b89cbfe555969ca"
"2806","benign","reference_002806.png","4","Benign","2","10091","1d7628162dc23a077d2b0c39d6fe7a1979b10ace88dc28af86fc604075f8f8d6"
"2807","benign","reference_002807.png","4","Benign","2","6658","01ef0c9829aee42491a15114b58f61764da7ea200dd3d07f46ab7e87ebe0a5b9"
"2808","benign","reference_002808.png","4","Benign","2","6555","7682049d0a5ba3428162caee70e09309f8f7925146fdef5a009e3483ca1701c5"
"2809","benign","reference_002809.png","4","Benign","2","6695","502518b776e628504871a83dd30cd831ff1dbdd281719b6cd1bfbd061f76fc85"
"2810","benign","reference_002810.png","4","Benign","2","6986","acd1540178fd9768a210b3305a1d9ea221ba5a9490d4c7f5aa63ff0adce0e499"
"2811","benign","reference_002811.png","4","Benign","2","13516","7078ddffd9495a05368b6de0e157dd352144c19f5a45068043e9d1ebce6d53bf"
"2812","benign","reference_002812.png","4","Benign","2","11064","dd59610842d8449954eb12b7365081ca62a8d3b8251b433b0aeb5829c0c2b15a"
"2813","benign","reference_002813.png","4","Benign","2","14686","1bf2b6cbddfbce57d7af8268d1c19751eeb12c4b5427de51ec88492a37145655"
"2814","benign","reference_002814.png","4","Benign","2","5769","0130252c765dacd787f56c005f02848e06d73ae10548ac350d3ef62d91fafae0"
"2815","benign","reference_002815.png","4","Benign","2","16552","5e1219aa08e9641f6aea50291fe576afad6eaa4cd527ff86430c12c038f6d04d"
"2816","benign","reference_002816.png","4","Benign","2","10506","4978341a59ac38b0383e352727a46a599147af8b906c22b897b05b24fd96308a"
"2817","benign","reference_002817.png","4","Benign","2","9453","141313d1bbc77296786f16eb8a3d4dd3bf27d502fdd690c37c3ce010578d5788"
"2818","benign","reference_002818.png","4","Benign","2","11670","db19b0ec8a4f7648f495d812cf65a5adf91e68bfadee013d796ea0b00e5befc7"
"2819","benign","reference_002819.png","4","Benign","2","7609","b35226d0e1fbb3f400aa65e2243b03ef6af1a12c1ff64cace9fa7d46cbe362da"
"2820","benign","reference_002820.png","4","Benign","2","5491","43a3888cae39e07d589146870fab9213158649cdf0261d23e19c660e29013b58"
"2821","benign","reference_002821.png","4","Benign","2","5424","89ad48220883b23e8273a4ae38c0da1387d97c530455fd1fcfb5566255580c1a"
"2822","benign","reference_002822.png","4","Benign","2","7285","8c7afe11e8c2fce3d7b7c4d935cefb7434696f0e6b6d32c2a36fd7172ce4ee11"
"2823","benign","reference_002823.png","4","Benign","2","7190","cd08a8a6a5b7abaee3d1641980504a0eb5633de695746ad6e25ab1acea544762"
"2824","benign","reference_002824.png","4","Benign","2","10748","cf1223a67d211d0fa3241ad6940d78c1371eab3006896d9cea7e40c1da1e12ca"
"2825","benign","reference_002825.png","4","Benign","2","10941","e78e5530be6b210436fb160ebe93a8ce2da8d2007086903b57bce48347f61c0b"
"2826","benign","reference_002826.png","4","Benign","2","9478","8228436047f17a0332ad76a8f16b7eece306752181f7425e9a46fe0db4de0ee8"
"2827","benign","reference_002827.png","4","Benign","2","5433","ad0f86071e298be2d7b1a6b5aff9f5018dfd0786be1b68a246bdaa8309fda639"
"2828","benign","reference_002828.png","4","Benign","2","6763","4fac5df0bedcabceee4c52980e5300e30cd85400d3db1aab34e37cab9f1b5748"
"2829","benign","reference_002829.png","4","Benign","2","6057","3365f207ae5c9476aba47a4af14483d8f14dc0000a9f600d14ad2a0f011ec263"
"2830","benign","reference_002830.png","4","Benign","2","6007","fd3b58cdcd407caf20162dc25f5f2cf7aef158e590fa2c950b887c497e5fe0d0"
"2831","benign","reference_002831.png","4","Benign","2","7261","e6f7a7e6bc241a45f08f2a9e77f5b6d94d9149c27eefdb2dfdb7a93faaaac1e9"
"2832","benign","reference_002832.png","4","Benign","2","7311","83d450901c202c5a58897b1d541cdb5a6de4d193f7bd5714d342c82594108652"
"2833","benign","reference_002833.png","4","Benign","2","12407","80a3a0b13bc301afbd885665054859efa1ac1ed6f953cbb5cd2939dc7b43348a"
"2834","benign","reference_002834.png","4","Benign","2","12403","df625c0bc50413e69bbb6967514cb623faaf9c722be8c020a319bc181c8d8dff"
"2835","benign","reference_002835.png","4","Benign","2","6331","9dbbb45ded67f82e5d3b27cae987a555b26ab8798075aa8ca9cad51dd2f2b8ac"
"2836","benign","reference_002836.png","4","Benign","2","7123","b31c6b85e4d190e2d50d7b0c6b4c4cc783dbadf1ddad1fbf2ca05f5f26fb20f6"
"2837","benign","reference_002837.png","4","Benign","2","5692","5ca83a5df3ee8f446a9e84470f6d285a99ee4a37341d19839d347a5e2c13941b"
"2838","benign","reference_002838.png","4","Benign","2","11004","60938349e30fdf15a262200c6f7efa5b1cfa65fddb83978f5af20e4beae56ba1"
"2839","benign","reference_002839.png","4","Benign","2","8634","98279e5dddc1ed6cac99b2bbfb441e2e3d30f402c23a7490dc8fcf950d37b0c9"
"2840","benign","reference_002840.png","4","Benign","2","8623","7135ff0106fc36285fa9285d8cdd285907a0ca9de18e512ef6a2cf309db339ce"
"2841","benign","reference_002841.png","4","Benign","2","9925","2152087d82f351af49ead5aeafc4711b6df133454d32f6d0d5877245117c50c3"
"2842","benign","reference_002842.png","4","Benign","2","5662","839232f3efe99a89f4214814b6581b05b560e971792dcee33ea5f7bb616d5715"
"2843","benign","reference_002843.png","4","Benign","2","10742","db3d4748db302636a6785a8da5f0d7606ed9bc41e41d912e660f6b124c52cb27"
"2844","benign","reference_002844.png","4","Benign","2","10457","a1e29d82ef839891e150cc6dd67a15b94f1c033c875be0cc711d5cd377ccbce8"
"2845","benign","reference_002845.png","4","Benign","2","10497","831f73188cf400065fe4efd6b8d1e40b0973bc3962511628cf4c944c011556b8"
"2846","benign","reference_002846.png","4","Benign","2","7411","1592111fd665af993371b2fc1ab154b5b0ed8f9d8834db9ec0dc32fb0dc9055b"
"2847","benign","reference_002847.png","4","Benign","2","10670","1633f58501f266c2c1941ae96e7dcf2bbd69d36f4d4582e0986f87ca1c4a6e50"
"2848","benign","reference_002848.png","4","Benign","2","9007","09bf7ead6e41f4c49c6ba39c3ebf93607191914ccc51df6cb87ff27f95b08352"
"2849","benign","reference_002849.png","4","Benign","2","8528","cb5f126a0b29c413bf6f741b874c4c85700874657366358cdd028a2413bce46c"
"2850","benign","reference_002850.png","4","Benign","2","10071","409403a96b58cfbcc48ebe1205e5156ae106e47f10d3e9972bd29fa57c3b0bc8"
"2851","benign","reference_002851.png","4","Benign","2","9098","4617ab458c9f002617df2102328ef95aff8be4f67b7e80bd40ab3edd2e2482fb"
"2852","benign","reference_002852.png","4","Benign","2","10153","db1b0a31595c147ff18603222c030ea7f8f8abbd52fd1cc53639c184d45a4bc5"
"2853","benign","reference_002853.png","4","Benign","2","12329","2f85ab63b313fe871f0ca965256229a960ca50bb44f38092123eacd98c121f7a"
"2854","benign","reference_002854.png","4","Benign","2","13277","52a897eac1e146eaa062fd90eaa685ef4750996e1ae01e0e678e7f41c1aff622"
"2855","benign","reference_002855.png","4","Benign","2","8978","860edceb9340dd755acf652ad4f5805420b5822cf18cd2953bfe48b44592c3b1"
"2856","benign","reference_002856.png","4","Benign","2","14359","f9f56818490dd6c2bb3b8a74d2412cbce66fe07659ba2947ed3a2e4e4934c0a3"
"2857","benign","reference_002857.png","4","Benign","2","8344","398b846c927606d83e9ebe048c41df8b73752a3d7fc779943d30dd43ef444b2b"
"2858","benign","reference_002858.png","4","Benign","2","9280","1049319f0b3f08c19f723301f4aa564599a0accb8deda1c36d785d50bdceca6f"
"2859","benign","reference_002859.png","4","Benign","2","11917","ac30a6eb5d29077c342efe6dfd074584450ba06209f83a1f99789890f844c940"
"2860","benign","reference_002860.png","4","Benign","2","9885","5379dcdbc50e15e6d226136b75912ad72748bb74e0949f3e3863c38817132853"
"2861","benign","reference_002861.png","4","Benign","2","15992","29577f38e117eb90fab89dd69c303fe79f59b3be610cdc3caf7808791ddf8372"
"2862","benign","reference_002862.png","4","Benign","2","12367","aed96d84ea83a9cd6093e4fbdfb8d771d751f1d17d6d1d70114c4f5d8048b1e0"
"2863","benign","reference_002863.png","4","Benign","2","12494","75d7d4c9b87e1e81f655f536b56149dd92f6c914afc3c170dafb65da4e7ad835"
"2864","benign","reference_002864.png","4","Benign","2","12104","5903b1e3acb5195712be3800f76661ac07b28d98109c89b695b955078331e15a"
"2865","benign","reference_002865.png","4","Benign","2","13173","a72015034a46b0a88f54d7f3c82dcc81f5dea8394d42909ee36cb981b3c121a7"
"2866","benign","reference_002866.png","4","Benign","2","10163","78f8670160a2013ad9caf50dacff93c398e3eec7caf8385eb723a460386e14bd"
"2867","benign","reference_002867.png","4","Benign","2","10799","270bcb5bebcae014aff78b1291102433ac955c147a6951dccebbe898f19cfb17"
"2868","benign","reference_002868.png","4","Benign","2","10181","dbda3e5c6ffa7a51099ab26910586dcdbfbb60d52ef646d9732993b6f0024ff8"
"2869","benign","reference_002869.png","4","Benign","2","7311","d270d2e36751bebb3e2b5b5895232829f8d222431ccec425dd6de17d652b52bb"
"2870","benign","reference_002870.png","4","Benign","2","9184","a2d3f081410ec6dadbc3237756866628fbe1090da4485d05bfa6647acad4de3a"
"2871","benign","reference_002871.png","4","Benign","2","10047","2811d6b01a2102f141ce27069c9e258c32a7cb623eca5037e7029f69c771075e"
"2872","benign","reference_002872.png","4","Benign","2","11126","7e3f1d9c7d625502fbc8b10ea73e2ad6f30937c754aea37549350ecf41f2bf06"
"2873","benign","reference_002873.png","4","Benign","2","10727","f0b32e5943f49850a9d705eb8059f37190e7b48e42941b5ca0ab42a923118769"
"2874","benign","reference_002874.png","4","Benign","2","8443","a110b77452a68b33e9c6509f04ef7adb149480cc1763641ce4540e67aab3fbd6"
"2875","benign","reference_002875.png","4","Benign","2","13096","ae11947f427f3fe406212f7eed6da91410d70a5b9fb9257f8b4b68bbcf52c538"
"2876","benign","reference_002876.png","4","Benign","2","11950","25ff509c06edc2344d23f8ff448c4e833d2c4ca513e720a93ccc2f52e21c3cd7"
"2877","benign","reference_002877.png","4","Benign","2","13817","2ee60b55d884ba7a94627e3c4c27adf4ab585a1d1bc9c282866a13fb5eba4abe"
"2878","benign","reference_002878.png","4","Benign","2","11669","ad956c215b2894df40e1f6dcdb3e76bb38939d6fe4dc200e00184f5525f82f0c"
"2879","benign","reference_002879.png","4","Benign","2","14907","ce95b025a1e4a513e5352eea708036246fe517a902d6bf63c06b54a73a7945f1"
"2880","benign","reference_002880.png","4","Benign","2","9703","ad8c3c23899122e87a9a2d4dc1dc70046a0bb68bdc9844bb921f09bff17819e5"
"2881","benign","reference_002881.png","4","Benign","2","12853","6bc6f2c12f0d1ed0a82e5f6042406fc062e384caa18ff541c964920183059c47"
"2882","benign","reference_002882.png","4","Benign","2","9252","6723a8ea78f079d42b9fe7acfc7576de62428ae4c7ffd18e880f9ef0f1e012fd"
"2883","benign","reference_002883.png","4","Benign","2","18846","306c223b7bf5c8fc197d9b6af4364240bbcbc39e1bb738eaab2f0f38481563dd"
"2884","benign","reference_002884.png","4","Benign","2","11759","0b083554104167e4652fde95357b2c75c67ecf4aefa670a8317d5fbb541be166"
"2885","benign","reference_002885.png","4","Benign","2","10327","f6cedaba939690ed0e366862618a36c9e7cf8ca33a789bdcb80c20aea0cd187e"
"2886","benign","reference_002886.png","4","Benign","2","10705","ae5ca1ca47959d124ea9b9b0f4ebf512097a3e7e94e52828b1e5cc0c35bbb73b"
"2887","benign","reference_002887.png","4","Benign","8","18020","cb60a46fa37ae2b0efec811b5ec97e872b52f306124668da3866f8f4c455c6ef"
"2888","benign","reference_002888.png","4","Benign","2","12532","7b6a11b040d869e8b2554112d73fa85c9dd5b6b72ef93ecc1c347210a6bb40b6"
"2889","benign","reference_002889.png","4","Benign","2","5331","e54aa1148f896922751f7f45380826c6c56b8b16cf21f4f9c9a4ba7002a62681"
"2890","benign","reference_002890.png","4","Benign","2","11111","37e7b1cd571c76473bccc03cabb20c4d87794eb7523a14592cde3e07ccc86646"
"2891","benign","reference_002891.png","4","Benign","2","9131","fd42aa17706de3fba6c8b902a6a65b167b2cdb17b165358c2fc81403cea24ac4"
"2892","benign","reference_002892.png","4","Benign","2","13586","ded2dafa039edfbf1c8831a66c6f277165e35710f22ea83ae666f7de8774190c"
"2893","benign","reference_002893.png","4","Benign","2","14076","1450379a73cde4e527ab031e39e27b7b807697682d0e4d2de85416c1b6d18c04"
"2894","benign","reference_002894.png","4","Benign","2","9114","e4c59ce6a3d3378c0e220174f491753d66b03c9483ebe25b73c8e86807355f7f"
"2895","benign","reference_002895.png","4","Benign","2","11737","b64861dd0d33ccf2a435d9940f698df9f24fe41366fdea5d38d6ad7c4d771ecc"
"2896","benign","reference_002896.png","4","Benign","2","11567","8ae3bd14a00c2b82b3e6127a98107c81daf50d9a89b7aa188438b1ea9af6b2cc"
"2897","benign","reference_002897.png","4","Benign","2","15173","56d0df902dfff0fef6a5056bae0946fcd08f1e1b925e23b0d4f048a1e00682ca"
"2898","benign","reference_002898.png","4","Benign","2","8067","2a42f2d0e3ee834db2b41d44c7ccc70fb4ea919b1bc8af323064ef1a2151d759"
"2899","benign","reference_002899.png","4","Benign","2","9679","d28030f50b5a99c0d92d5e4b3ce52e8e3d6f874d361b19df1a449b2bc4fba096"
"2900","benign","reference_002900.png","4","Benign","2","14460","e09a4558deff8d25c8ee6d39cee43ad759df98e23e39586b73eaf6d942ce2c22"
"2901","benign","reference_002901.png","4","Benign","2","10407","74260e835f2c49e97485029ddaa5f627166a4f3ae5397750c1dee3f10f747ee5"
"2902","benign","reference_002902.png","4","Benign","2","17986","3f43e06721ebb9e4b1eee1b1377fe857a72706e9cc5a8fe7565cbca9b31428e6"
"2903","benign","reference_002903.png","4","Benign","2","12787","7be50e84ed78c9b4388473f8aa919e781742a809a4fa5137ff3a6a5214c91e4d"
"2904","benign","reference_002904.png","4","Benign","2","13321","5ec04480c1927996e2566b3116f4473cafc55345224486633368717cf2701ff0"
"2905","benign","reference_002905.png","4","Benign","2","10097","949501a1f4d8102988e38dea389f8163aba904be1e24e8b0feb6487f5acfb08a"
"2906","benign","reference_002906.png","4","Benign","2","11210","07ec4b6687855f7b033fe623af8e32786052fd06211a19d9400bfebc765610b6"
"2907","benign","reference_002907.png","4","Benign","2","6071","d3a68032f03ee7fcdcd498727f4f48b5112ac4b745c6387a191477153428dc6f"
"2908","benign","reference_002908.png","4","Benign","2","11125","8080139c180f05dc680c4b147b0b50f2e57bb031522a352dee05182f9915e161"
"2909","benign","reference_002909.png","4","Benign","2","10651","5de604336c6fe684d191be1d59a2866cb5285d5c5c464af337f5cd9e967e607e"
"2910","benign","reference_002910.png","4","Benign","2","12480","b490c14943b7fe67806997ec72b12f297df25191709fdb4fec7edcc1fcaad393"
"2911","benign","reference_002911.png","4","Benign","2","12998","40bc60d659a37669dc331321d40a445c1d4e6d129f77f916006f71794d434e4a"
"2912","benign","reference_002912.png","4","Benign","2","10006","2807edfb15cc318f3c58bb0b3c53ebb5f9009005f5b56146533b0284c44f5f91"
"2913","benign","reference_002913.png","4","Benign","2","13088","aad4158c38c7d609403eb642b5fbdd726ec2687ce9e251799a2049f80c81bc11"
"2914","benign","reference_002914.png","4","Benign","2","17508","e22f526094738ba5e390f7b9189902f3dab0de0647dc4d6b1227606271305820"
"2915","benign","reference_002915.png","4","Benign","2","16894","b44ce3e9a84eab63dd0d86ca257561b7e78d536cd64ac08e32a330b02b1e4119"
"2916","benign","reference_002916.png","4","Benign","2","19635","03dbf9fe924220755b56f599559618dea6293d56d86445d3532ab87a12019aa9"
"2917","benign","reference_002917.png","4","Benign","2","20126","20abb34588ee67ab5922c68e7fdf37a6f5aa94745eb501d041ed8751cba45a61"
"2918","benign","reference_002918.png","4","Benign","2","16414","1ad3cba089a355ead917e09622c0f5059a62175993f091cd246fcbb46cb26995"
"2919","benign","reference_002919.png","4","Benign","2","19388","59dc0da1f3c5bfd74521c5af3278ad748e5c2936c89372d0d8834e7642b92ff4"
"2920","benign","reference_002920.png","4","Benign","2","9585","bd8715cbd348bf286cc013b352bd67b5262bb4936d42b928104c08f5bd7ef393"
"2921","benign","reference_002921.png","4","Benign","2","12978","cd90b728616cfe3f00e7cec489f4d579a6bf94016566bbfab6e886b8e00478cc"
"2922","benign","reference_002922.png","4","Benign","2","7854","a61af3d438c443a7c7779ef62fb144a78649fc52f6cbfbaddc6089a77acddc08"
"2923","benign","reference_002923.png","4","Benign","2","10138","ca498a4c8d8bc7941331b86b3b5b35a4b652b1161013360396d0db190775a962"
"2924","benign","reference_002924.png","4","Benign","2","9499","3b9857ce70efea6307d9a06b67b83d2ab12e67f4ee42eff925181907975b0eba"
"2925","benign","reference_002925.png","4","Benign","2","14647","d67c685163d40857d8c449270f536b0dc5f85af2420f26536de59d179e731b1c"
"2926","benign","reference_002926.png","4","Benign","2","13629","2b3a88a3cffededc25983acd6f1f09e06f6d04bccd6506121bf07e6c6ca0acb0"
"2927","benign","reference_002927.png","4","Benign","2","12696","8f5242c4868356217039b2ba461f3b7d911177a1f53409cb84cf904738fb0128"
"2928","benign","reference_002928.png","4","Benign","2","14845","0a4a01b7fa242c842366572ce24b7d9aee48458c1bc2dc7af6e5cfe9527dcee6"
"2929","benign","reference_002929.png","4","Benign","2","10927","d79536868b3787b357641dfb217bae2a437083640ee4d826cbaca7042dd96b22"
"2930","benign","reference_002930.png","4","Benign","2","17206","1b0d640f7477ba555514018d328a950fb0d7bb4f199efd0829589f4b7e21bd32"
"2931","benign","reference_002931.png","4","Benign","2","12238","1e760bcf94fc7585b4c04044ddfc093e4b88064d6d207043c798cc406af4363e"
"2932","benign","reference_002932.png","4","Benign","2","8837","240be9cde6a846db649e41ce76bfd2cecadba9fb0a44f684c367728da7787c6b"
"2933","benign","reference_002933.png","4","Benign","2","13174","c6b75e594df892aaf0019a4b2aef90459384d4798b72e511ebeea9218516ba9d"
"2934","benign","reference_002934.png","4","Benign","2","12445","8248abb0a548b4097029834c15b548745b49d3eee1c480d179a38cd6964fecae"
"2935","benign","reference_002935.png","4","Benign","2","15588","13fd886fd6b344bb91f7a1a0109f1a15b8ad7cb7421c7fa5aa16ee9ac8a5f7fe"
"2936","benign","reference_002936.png","4","Benign","2","11467","dd82a6027a61e2edb69063de8181bcb28ee64482d2859a4e5d8ab2bb67a529ab"
"2937","benign","reference_002937.png","4","Benign","2","11936","8e506eda8b5f29c27638242f2dbdf2a9c6ac5476721b172d5599e882a36279b2"
"2938","benign","reference_002938.png","4","Benign","2","11178","aaf3b8c6a6f09a942cca0f411eea7a3e6fb88b16379aea5024263e53b12955b6"
"2939","benign","reference_002939.png","4","Benign","2","17397","927450df3d8fb3d0aee660e28b55741b162d40a3da59f40943d6468c7ddc33c1"
"2940","benign","reference_002940.png","4","Benign","2","9579","60e41a826eaa4ae1c60890fc7dc7819f80c3e4f1b1d2feb6a6a1140bd7238428"
"2941","benign","reference_002941.png","4","Benign","2","16547","c08af1cd78856c96781153efbc7bf4bd604abe3e00aceeffe600815566610b18"
"2942","benign","reference_002942.png","4","Benign","2","10584","5762be745a7eb37a07a2fc8336b16c72c047207a29b8754998361cfb394bdd7f"
"2943","benign","reference_002943.png","4","Benign","2","12419","cc0b85d7cc1e5d1dd3701b0ff78fb095666183d55736d2ea9e4ebcf77b7c1b62"
"2944","benign","reference_002944.png","4","Benign","2","9935","81cc2ecb2579529b7893141b92b932ae6185ae49c83832ea494962c9d02180bf"
"2945","benign","reference_002945.png","4","Benign","2","10313","b8da2f8dcc4f9884309ecec08ca48256c1d37be80636d33dec1148b613ba4f8f"
"2946","benign","reference_002946.png","4","Benign","2","13923","80af7b2d52249ddffd9b48f7f4016d2b002ce87cf93c517b33bdeb00eb8dde04"
"2947","benign","reference_002947.png","4","Benign","2","16318","424f3f95251685d9dbe20955e9d64095522a08083fe43fb7ea0692177ee242c9"
"2948","benign","reference_002948.png","4","Benign","2","11376","07f63dbb9a7600239e52ef2efa8649db5a2169741527100a412538ed025112f2"
"2949","benign","reference_002949.png","4","Benign","2","8585","6cb8f76eeee7f4526350ce3293a6fd835f83222bf2012d8394af19dfc578b2fa"
"2950","benign","reference_002950.png","4","Benign","2","12208","5a6e6da749dbcdf8a4a763d7ee0ddec9847a3192c492950382e1786259570aee"
"2951","benign","reference_002951.png","4","Benign","2","18135","a5b872b0f3fd7960bae6a14f94bfd0f8b4803407acddd5a330b3400ab13612fa"
"2952","benign","reference_002952.png","4","Benign","2","10011","5c033edd3be7276aaae0f6f5e8cdbeb1bb3d57886f08f199fc951b7c994caf18"
"2953","benign","reference_002953.png","4","Benign","2","12630","8b6b378a3f4dccbe53024ef06d4425b606a80e9e703130c1c4ab133acb9d10b4"
"2954","benign","reference_002954.png","4","Benign","2","12296","9790b1ea2da4291caaa5a52cf05262f5132d1a111697b9dfba9d1636e3b3cd97"
"2955","benign","reference_002955.png","4","Benign","2","11000","7c9c63d501bded92620a7d1ae8fc4004cd2a08cbf9724e19d1a90eca978cacec"
"2956","benign","reference_002956.png","4","Benign","2","11004","c427d90ec820e04ef205dce97b0c17c3026fbbecabef549c8b0d12dcbfc2100d"
"2957","benign","reference_002957.png","4","Benign","2","10879","4df80e9e50fb3cedc64188ebe040918c668787f07e1e483e162258ee77c7eb4f"
"2958","benign","reference_002958.png","4","Benign","2","15716","18fe1ec2e358349d9266e264e1d065b1dd8d0452b3dd826c147b1ddc1cd79166"
"2959","benign","reference_002959.png","4","Benign","2","14964","d4c6e051996dcc4ea78cfe58b54cb94b0ebfda5007970091ede91ae6c6d92bdc"
"2960","benign","reference_002960.png","4","Benign","2","12814","5dd156501f843d524b0b1e46b60794ec86268914fb58b5c9a97041fa3dcfbf91"
"2961","benign","reference_002961.png","4","Benign","2","11922","e8c63d1aaab2e49a8eb07958b83527f3688dd0624a81314630645165f902b71e"
"2962","benign","reference_002962.png","4","Benign","2","11015","88db390458fde5d9d991f63079bc9fc82d68c6fa82a8ebd1b0f1630bb5dd9fe8"
"2963","benign","reference_002963.png","4","Benign","2","10435","91a8c4f1ad906dfc2953bbc13eb9dde456d6d9ace5cd524c60b9a21ce505f8c3"
"2964","benign","reference_002964.png","4","Benign","2","10202","8587c11b5471bb9ffaebf2155e1f821d232b0b663ceb7da856c93ccf811b31a2"
"2965","benign","reference_002965.png","4","Benign","2","9641","58734204ee5c214836bc6741f316a91c743de02ec4a76dedfdba7c6284eaadf2"
"2966","benign","reference_002966.png","4","Benign","2","13016","cd43aeeda12fd95dade1b20d27a219fa147d82252ff593b6e69b778d582f8bff"
"2967","benign","reference_002967.png","4","Benign","2","13129","c191c080853a4734b31b421486af7ce30e3906347e956ad6b5d0be4ae3f49116"
"2968","benign","reference_002968.png","4","Benign","2","10523","a5bcb84f86dac3e083fc9b77bcf8d3bbc683757ca0d14c0c2e91aa4361ac2bed"
"2969","benign","reference_002969.png","4","Benign","2","10922","5621248bbd3a68640b289a9850a13234f89a14aa4e1e3749b27e026a851b01f0"
"2970","benign","reference_002970.png","4","Benign","2","10271","f7bb60b8895df875462cdd561889ad93b8f6089772b50d336e1c27495da0841b"
"2971","benign","reference_002971.png","4","Benign","2","13028","76a0364bc35beb287143d7845ff783b837d9ac9a65d1e82581632accd28c8e0b"
"2972","benign","reference_002972.png","4","Benign","2","9096","3f399583ba8d5ae067502f754fca9ec87875f6c7ac184f7551338016e36aff0f"
"2973","benign","reference_002973.png","4","Benign","2","12708","12f80a326678354028cc3d68d0c56ea7af7ffd523f54baadbe480d5faf013d2f"
"2974","benign","reference_002974.png","4","Benign","2","11776","81cc56f7006ad561bfc283e46abb238c4b9bc259ceeee70f63da351189f37267"
"2975","benign","reference_002975.png","4","Benign","2","11206","98192446d50cede273d6e70d845ce149c5073d6be50cbd52551a50f8ee6ed692"
"2976","benign","reference_002976.png","4","Benign","2","6374","0fe8536725134806021dcda46c583afd48e667a7339eac66286260f11eac8c87"
"2977","benign","reference_002977.png","4","Benign","2","9890","c52799b574674dd36ad0c5bdf4894c6fa9519fbb83ecb814fffce5da00c99d64"
"2978","benign","reference_002978.png","4","Benign","2","10907","72a6b62f0bc3c4e5032681a06feadc1d6cb24039cfc94225d7cd98b666136f7b"
"2979","benign","reference_002979.png","4","Benign","2","10708","b9ee215f71306745e48523d40c15eab08bc5bda696ead5a896b4a5838a6e0abd"
"2980","benign","reference_002980.png","4","Benign","2","14689","e163592ea75766f3589cd46d4dbc8bdda7b7afd2e2bd00e6fc202af6e6a24aff"
"2981","benign","reference_002981.png","4","Benign","2","12936","00ce9c6326c57351a3f83ad4e8da3ecb6c60456663c686f30be463cdc7758e9e"
"2982","benign","reference_002982.png","4","Benign","2","9940","758e573eb52d64615a14b36088c9c4bafe7a9458901935cae31466dc826c34af"
"2983","benign","reference_002983.png","4","Benign","2","11640","ef52b4a8a7f397432a680aa09919b73ef648124b150da114b987f3304e462105"
"2984","benign","reference_002984.png","4","Benign","2","11605","b2f1c56c792389691ba051d2cec20518fb6705c8d9248da21e7b267b3f54caa0"
"2985","benign","reference_002985.png","4","Benign","2","13211","3d220619c571474bf855075d8fe7add2ffcfb261cf1da1a382c28f8955490e04"
"2986","benign","reference_002986.png","4","Benign","2","12408","389450cbc1a3ddb086457be373cd8b2f8be37d171b3205ab26079638e3d7b516"
"2987","benign","reference_002987.png","4","Benign","2","11763","7e53dc9a4bc3272de98dd35e64b2ae5e24244eab3d3460553ee2334ac4e56776"
"2988","benign","reference_002988.png","4","Benign","2","12260","ef6d78d0dc29819f668cb930845f1e0c95f0255836234415134516b2759261a5"
"2989","benign","reference_002989.png","4","Benign","2","13862","2fdb40095043696531c99b63f9c2b1bbd5dc5fec5f44762a7c79bf9b09de1bec"
"2990","benign","reference_002990.png","4","Benign","2","12035","fd452faf9fb3f906f103059efb8f534298d5ed783a15920a0936ae7e7b8422bb"
"2991","benign","reference_002991.png","4","Benign","2","8594","daeaa0d7b28e2acacee2bc60f9d58c64102ac31c4c8e965c32e84793b954b912"
"2992","benign","reference_002992.png","4","Benign","2","9435","0de1f3d56ae714628a81db5b09e30437da9f9c308b71cc0284b51e58544a13e1"
"2993","benign","reference_002993.png","4","Benign","2","9448","557c27e2eef53f11d3a37f43d66fc758bb300820da8a0e58e56bdea342c29725"
"2994","benign","reference_002994.png","4","Benign","2","8482","6cacc42748ed7482737550a02dac69e6ec705d674fae1994dde735e827633a7f"
"2995","benign","reference_002995.png","4","Benign","2","16368","b9a53103d7fce30f292b5b81af22fed0bbf2a5cbdeec0d3753a1b5dfadb2a249"
"2996","benign","reference_002996.png","4","Benign","2","6377","a222ac5255404967ed9cf6a991f112d965a9dce59f563c9414f2d5f6fea90323"
"2997","benign","reference_002997.png","4","Benign","2","9880","34c8ce238e1eb6ba8fc73ca16afa54cee78cde5489cf3d0915019d339b8d8ccb"
"2998","benign","reference_002998.png","4","Benign","2","9752","ac0bc3d4de1ae3bb6a2d338547b71f3862078d6dcda9b081049a5a55d1ac3c7c"
"2999","benign","reference_002999.png","4","Benign","2","11725","291902da7f6fc9f81cb7f0baf4f1405b891c8829eb96c22c6a90abbf978a2579"
"3000","benign","reference_003000.png","4","Benign","2","10350","47846e67dbe0f049b9d7b42c3907357969dc44c9e422c9119837e6847150b44f"
"3001","benign","reference_003001.png","4","Benign","2","10541","7754958cf3f1a08ccbf26af4b7e439a488773e46be4c344b6a2845989384fa8d"
"3002","benign","reference_003002.png","4","Benign","2","7718","c3a83a394c80a308b53c7b2c5a5a0591298a23592146084a3e6978b954abdfa2"
"3003","benign","reference_003003.png","4","Benign","2","10009","60e8982056f93c482159e5e403893d874eb3ec2bc177ce368e1ca108c161c0a6"
"3004","benign","reference_003004.png","4","Benign","2","8681","555e46a0a1a4fe48424494af48c67bd5c3f7b4f36ad0295f5ef8fd349619fab4"
"3005","benign","reference_003005.png","4","Benign","2","11196","ae96bab2d91e80c5d818e1515764a05f333d9999d81a3f96762792ac6d4af100"
"3006","benign","reference_003006.png","4","Benign","2","14637","ad401f5facf83d08187e96b0d0e2ccc334db09c180f5f3784eca5686172d3a7a"
"3007","benign","reference_003007.png","4","Benign","2","9003","d970761d50fc1164fbd4f4b589e879b4b6fcac3f3a7d9b930253b76d764d4baa"
"3008","benign","reference_003008.png","4","Benign","2","11337","d7c349b8332acdabdac67f961cdf5b2ada5b559a364a455da1f29155096d5dee"
"3009","benign","reference_003009.png","4","Benign","2","11245","f34e857265f1a88bca846e7577b8cf8dd59c1a6e8ac7f77f1aba2ea8ca311b9c"
"3010","benign","reference_003010.png","4","Benign","2","12706","ecfdb9f8522812b609dcfc872beac376f3bc9ac3ce1560f056e2aca42baf5159"
"3011","benign","reference_003011.png","4","Benign","2","8352","696a6754e037c3c520e7626dba98fd01f1b25b4c083c31c0e35ba9a112a0e28c"
"3012","benign","reference_003012.png","4","Benign","2","10535","2b3cae56bc15a7976efd3d01b226029f331bb8e2913f4c2a45b6f0a009ec63a8"
"3013","benign","reference_003013.png","4","Benign","2","10253","c517115dcc767d278d07579f97008a0db998d39cb4179c87b46237fba6efc639"
"3014","benign","reference_003014.png","4","Benign","2","8531","7b85a28540f3d6c1f058d53d6afc8779558bd6df8a438177e604606978c5218a"
"3015","benign","reference_003015.png","4","Benign","2","9152","149c243750c91b92c37f9aa82eaeafbd35dfc38cbaceee90fb9c3df09f711145"
"3016","benign","reference_003016.png","4","Benign","2","10159","d175b5679b798049b489ba788277f3f8f59086a352e52b2f60688d89ada4cb6f"
"3017","benign","reference_003017.png","4","Benign","2","9571","eba3b4621934d3a01d262d5fb0f71d751c796aa0ca6ee74fd36a4a24df1a7fdf"
"3018","benign","reference_003018.png","4","Benign","2","9658","163d22f867fe68d48c0609e7481c2d0f246928eff7b29b563ca36dd26bddc018"
"3019","benign","reference_003019.png","4","Benign","2","12843","0a84bb82c9c961223d069f89b52ac87f29a1e17f6e35c2f6962ed0c70f151626"
"3020","benign","reference_003020.png","4","Benign","2","8814","9c2b3ade3c884ac19731d244d56afe858b64f5916bad77b73d637a82e7b474ef"
"3021","benign","reference_003021.png","4","Benign","2","8277","61453ac59760352e7e3a87d95ea4b3bdf759dee28d29682890bbc4997072d288"
"3022","benign","reference_003022.png","4","Benign","2","8173","4c7cbcf184d611dcd112a7aa5da3a0a52473104c5dc36c4978dd72eaee43affc"
"3023","benign","reference_003023.png","4","Benign","2","10988","34630620f4cbec0bed38050fca84a12645416845103e84f5afe4d5d3aea34362"
"3024","benign","reference_003024.png","4","Benign","2","7736","a496769f522c2fac445c614027e37848be4339bb9231c4b8201d55859bc18957"
"3025","benign","reference_003025.png","4","Benign","2","9869","a4add3fa65904783d49dd0ebb0c92324b5ca4b9b8df580657f6294af10cf66b2"
"3026","benign","reference_003026.png","4","Benign","2","9709","5f875f5dc4e63cc8f331c9c9336ba94fdf4bf22798764f2487447c9a2fba40e6"
"3027","benign","reference_003027.png","4","Benign","2","8614","a3e011cdd8cd160c3410dd6b3f44ebf8a7920be35dfadc47065cead8e01e86dd"
"3028","benign","reference_003028.png","4","Benign","2","12207","6d6807ac381f24a1cef6de66f7bed7b3845441edb11f3ea6f07635acbb762148"
"3029","benign","reference_003029.png","4","Benign","2","10454","18f1e9a42f673ea7a441fc478bbd1d8b25f6c26a9157f6225203aaf6a8715a3e"
"3030","benign","reference_003030.png","4","Benign","2","9660","a2b14da8b593aad4116fb48f46399129f5202d0c29892946aa37955f434745be"
"3031","benign","reference_003031.png","4","Benign","2","14923","0fb79ac6c32173cdb67001d0220bee94acf746e9d97f73de0001adaf5e29a5e3"
"3032","benign","reference_003032.png","4","Benign","2","7659","a9dc0b6145920fd30376e4af58f32a6eba3e5499af7df18b8aedf680f02d6142"
"3033","benign","reference_003033.png","4","Benign","2","12019","2e47464097faba9455f4dd25105f70275cd9b6175e9d857d2febcb20b28f457e"
"3034","benign","reference_003034.png","4","Benign","2","9182","abcc535dea06639731e562618a6c9f9dac8803f642ce6f409d3d69c432792eaf"
"3035","benign","reference_003035.png","4","Benign","2","7130","beb19f6f1a957b586837056f5aacffac468a0b92f60d52792a593572ada25004"
"3036","benign","reference_003036.png","4","Benign","2","10084","656f92cbd57e274f96a94b3801595848c7e4ea4198d4b34ba115a737de240a39"
"3037","benign","reference_003037.png","4","Benign","2","10759","575d4da7dbccc5211ce02da827ab500adc007db655bbb21632533db25ef88592"
"3038","benign","reference_003038.png","4","Benign","2","7309","f2b772665a60e47e92f0cc535d9fe4bee02bdf0528e5e78d7bbc918344ee0cac"
"3039","benign","reference_003039.png","4","Benign","2","12708","04fb711a59cd0259523a58bb234307b3470918e0ae7781f8232aad4ae154823a"
"3040","benign","reference_003040.png","4","Benign","2","3385","004f68273b8ece5d1363902d32bd26d774b5185f64936bcf6bfde72f610d6698"
"3041","benign","reference_003041.png","4","Benign","2","9461","2f19540b3e553313fa2a475983c0eb8d74b280105908dae9e7d43a9a130f92ce"
"3042","benign","reference_003042.png","4","Benign","2","8101","2aa3ee07510ff98d5b2a20edbf5b21278bd89ba4b07cd8626aba6e47620eeb3f"
"3043","benign","reference_003043.png","4","Benign","2","9617","dfc1aa29887e6ffc49163b8b6ccef41af8479947397a3c87f1ac5217b88930b1"
"3044","benign","reference_003044.png","4","Benign","2","10259","4fb3992b42bce0eec4f4f636e452e0ca96340f2ac4aaecc57caf79cfe9e29e60"
"3045","benign","reference_003045.png","4","Benign","2","7796","d0fba6b8c2d42ae08505c0e4ddb3098dad19f3322f3c569661ec47cebcb0d096"
"3046","benign","reference_003046.png","4","Benign","2","11100","7fc12a757ef58122a332226e14d333cf0b7b64da32844872423af9df73e5ba72"
"3047","benign","reference_003047.png","4","Benign","2","8209","f209c979816f93d3f4094737663390ec7bf021f7afe3d4a737884871b2072aab"
"3048","benign","reference_003048.png","4","Benign","2","7984","0fe90b1df00385aad43375eec724e030526e4001200d7bb4440957a4429fb7a7"
"3049","benign","reference_003049.png","4","Benign","2","9648","6661ebcbc5530dd101013d23b9ecf6797130ddcda193538fa8754b65855a1a42"
"3050","benign","reference_003050.png","4","Benign","2","10598","3e34360165953728224806f2e8c2bb79824613281c47dd755b7490f623a0573f"
"3051","benign","reference_003051.png","4","Benign","2","9600","b8506db02ce57b6592b7679ac69d9a96ee390a9f957f1250e46bf6b86bed5dae"
"3052","benign","reference_003052.png","4","Benign","2","10900","77405eb4977c90434e95d8cd54dff57b76b8e3015565748d50430b80792a53f0"
"3053","benign","reference_003053.png","4","Benign","2","11944","6088c1201b7080727dbb335e76aab8c7a9a5a4972fd2df336417dc40673e16b1"
"3054","benign","reference_003054.png","4","Benign","2","8757","60e778022341b6eaee8b502b79cbefe5e59fa0450ab877f4933d963b21e0c939"
"3055","benign","reference_003055.png","4","Benign","2","8230","111ae2dc93b0c38d4218855d73b96ebc90821bb21f78332939d2bcb0aa52f9d5"
"3056","benign","reference_003056.png","4","Benign","2","10221","d23869f292107747a11623cc8aabe329f826b63621c29606d81ce7fcc7ea090f"
"3057","benign","reference_003057.png","4","Benign","2","10316","8f798d3b6f329fa700a058afc187cdf6a2bedea3fc00aaa63bc1930ace676419"
"3058","benign","reference_003058.png","4","Benign","2","11387","fd04608e52150a8aede9469d19679564c8e7d3b9f76458c00165ea7702bf7726"
"3059","benign","reference_003059.png","4","Benign","2","10457","4fbc00ff60bb28af476f322adafe6d77c376152cbb612dfcf8a5c1f2bec33e6d"
"3060","benign","reference_003060.png","4","Benign","2","6937","0ef405f9b45aeb07dfb8f7663548dc5ceb181485c47d38dc9577facf46a5df04"
"3061","benign","reference_003061.png","4","Benign","2","12337","4568999918c42762741af6872d52d9b7da695557fa92dfec7aad239780b80b98"
"3062","benign","reference_003062.png","4","Benign","2","9173","957ac50822b075ab416a92c1e81db757c4fb173ededf115abdcd3dcb60e0abcb"
"3063","benign","reference_003063.png","4","Benign","2","14277","9c446408bda35638efd86feae0acf42555f48306751985292174426e18aa4f37"
"3064","benign","reference_003064.png","4","Benign","2","9103","d4e75d3f0593824dfa113fdfd8d87112f2850ba49dcd6100114479d38fc22143"
"3065","benign","reference_003065.png","4","Benign","2","12894","fd9e903a9c242f84d5821023939f55a0f282e1ea3e08f959bbf2a7df640181a1"
"3066","benign","reference_003066.png","4","Benign","2","10537","3c0262ddebaf6ac41233a074c8ff73434932d133b03919c8cf57674d6beab2c8"
"3067","benign","reference_003067.png","4","Benign","2","5446","92226d693c922455ae7c417b98f70774dffd9f03bc3d62a3c112e4928c88126b"
"3068","benign","reference_003068.png","4","Benign","2","13012","e1161a2906d4e64127bc0cf9e9e9d240e3c82a0f1e2e4a094396ad00dd7283a0"
"3069","benign","reference_003069.png","4","Benign","2","10401","cdb2bf38da8e2ab57d4f6e27430b4dc9d4235f6d74b386a6cd6af48903f71eb9"
"3070","benign","reference_003070.png","4","Benign","2","12505","78d305d6b9a37da15f2959354c03ef2117787dcbf58fdfd74ca45bbcbeaa68bb"
"3071","benign","reference_003071.png","4","Benign","2","11584","c69c488ca420fc50fb8fcf5b54217d6901421dba49c00b3d6803ee5696a95853"
"3072","benign","reference_003072.png","4","Benign","2","13808","79728db48aca41aa5a061b799ba368f091a6b0da618e92e93d120f8d2ab758f2"
"3073","benign","reference_003073.png","4","Benign","2","9315","e4040e71875369d7488b175ca449f413edde207407b0433ea1fd8782582b128c"
"3074","benign","reference_003074.png","4","Benign","2","9971","2803cc83c19e2d436e61238a6367c84099d532e86d63b7cb276196d46fdaea0b"
"3075","benign","reference_003075.png","4","Benign","2","14899","419c414ef997072769ccb490539c2ccba38138fa22a77d80f065f63307e8eae7"
"3076","benign","reference_003076.png","4","Benign","2","8880","2520bfa4e1ca33bc0a13880883e5663d4db38d974e73dd98bfc2e07d27bc6f58"
"3077","benign","reference_003077.png","4","Benign","2","10509","827b4a5c2e0f3e3eb1a9a8aa1e98bfa86b66997b4aaeb2501c4c38e2110c2697"
"3078","benign","reference_003078.png","4","Benign","2","10265","12573b2e3aa6cdeb5c6d619dd4dfa649e0605ae03b210ee68a7466456c5a84ff"
"3079","benign","reference_003079.png","4","Benign","2","15741","2e0b8be0ad76a2e807b1f4eb6626af88e2baeabf11ad653af84dd7ff429719c3"
"3080","benign","reference_003080.png","4","Benign","2","8034","ac323f3ec931bbcdf2ec51b8a0fb9a2de8c296db6c633588b0f6f990e626cb43"
"3081","benign","reference_003081.png","4","Benign","2","5107","4d9031b16c3d57099157e33f40e9c026fef667a72d9ad7f09999ac1036bc7be5"
"3082","benign","reference_003082.png","4","Benign","2","11358","58d01476b3d460fa7d1a0e0ae9e4074b18d20d10c8fe4447dc7f4aef17ef66e3"
"3083","benign","reference_003083.png","4","Benign","2","10851","e59b1d3903c9fd9438b93a5d06fa73035dd5a9a94d6c4ced07c58d333440f4bc"
"3084","benign","reference_003084.png","4","Benign","2","7753","82caddf31be83dc7b9f8c8949ef409d893109ac937b43c3dbb67088e52fa12b4"
"3085","benign","reference_003085.png","4","Benign","2","9308","8cc7219ba3097669958a7643eca02c7482ea9fa2a1a1d7b17da12cfbac5cf89d"
"3086","benign","reference_003086.png","4","Benign","2","10482","04960ff66a27f406c0e7d3de40130f000921555e9133adef0b773f627861b0bc"
"3087","benign","reference_003087.png","4","Benign","2","9360","ee1c0656b798caedc365e9b3e22b893c556999a8f51e7a5db826d48d7bbacc93"
"3088","benign","reference_003088.png","4","Benign","2","7577","b455d9c8cc0305e878c596f371193ab0f8d42ec6a769fd3b12b6c993b728d5da"
"3089","benign","reference_003089.png","4","Benign","8","7888","537a069beb2e96634261663181697ad327faf2b508fee0002bedc1b1fe5acad0"
"3090","benign","reference_003090.png","4","Benign","2","9718","5779f597d566944a6c49beec11aac5d53be601afa721012bdb3b479d599068df"
"3091","benign","reference_003091.png","4","Benign","2","7178","c2b289b9423b403ab16c417667e88738fdb5c09c8fba013abb278065fbd44a08"
"3092","benign","reference_003092.png","4","Benign","2","6634","7790500eb1706e7d3fb5fdb7f5e154b4782f6c9049d6a02e173dda538e51900e"
"3093","benign","reference_003093.png","4","Benign","2","9669","7fd1327f7e070e6c7a231326c796c71692fcebc8c312290760e549e5ad79dc8e"
"3094","benign","reference_003094.png","4","Benign","2","7070","6d3f9de81eb3a46c95565c80cbc5019098bd9742419aeb71235e5ac9bc1f0283"
"3095","benign","reference_003095.png","4","Benign","9","37081","e3c6894bd27d077bceb7107c817a9e543feebaba02fb8ed550d943bf7624faec"
"3096","benign","reference_003096.png","4","Benign","2","8468","f39bcb42c606ed61e9c7a573004d1314a1d3ea5551d6f7bb5eb4bf492130f00a"
"3097","benign","reference_003097.png","4","Benign","9","18872","bfbc919cf3b469134515c4d8539deedbfb30f327b60c6b90f4aacdd9bf5f47ac"
"3098","benign","reference_003098.png","4","Benign","2","11999","4d68b2d046eef52966162b5c0ecf9e450db7f62f2c781f1efccfc3c2f1a78652"
"3099","benign","reference_003099.png","4","Benign","2","13710","00dce327b2d7ff905122ce4d0bbc6b5eac1e5ec6f9cd19df81d58d97b272125d"
"3100","benign","reference_003100.png","4","Benign","2","10828","c9119abb7e80cb7d9aba016170e47744f4f2d26551ad35b6912b935bae2d8872"
"3101","benign","reference_003101.png","4","Benign","2","10302","a3bd2ce762c2af1298b21c5e45c6db6f113998ca75234c55a9bb05830dd97f68"
"3102","benign","reference_003102.png","4","Benign","2","9719","93d087ae32ca6a7dd4313a69c99553e620fcb3ca3fb3fdda8342f98dc36b9257"
"3103","benign","reference_003103.png","4","Benign","2","14318","c679a73b62cafaaaa2e056a7701f66c75d704bd5b6c558344663299dc5edcb2b"
"3104","benign","reference_003104.png","4","Benign","2","10517","845e38d847387a82f142717a23348b34a00601a6e3cdd5300b37e5ae1b729d63"
"3105","benign","reference_003105.png","4","Benign","9","21185","cf634b85179dfe3939208bed232d524ae8568756bebddc6c312f37a6bc99cdd0"
"3106","benign","reference_003106.png","4","Benign","2","14837","01723a5d4ce3b51c98e5fb049ffbad24cbc608e18fc73274fe52d4a246e237bd"
"3107","benign","reference_003107.png","4","Benign","2","10270","a69eddea285ab1c5d3dd2753d2201b3060cec64b79fd2f1a4a9e995fb7e179d8"
"3108","benign","reference_003108.png","4","Benign","2","8416","9fc6703fc57b16d789f0873baf7bd8b43b28320f0441c3bff01d027b46748f8b"
"3109","benign","reference_003109.png","4","Benign","2","9286","c2dce3b508d3b372620dc1ac8d7dbcb069f2e7d667e439a7d123a3e6e9b61ede"
"3110","benign","reference_003110.png","4","Benign","2","8255","906de3c4402958de4ed9e1779ff354b158a730073ccaeccb3ae8219a530cfadd"
"3111","benign","reference_003111.png","4","Benign","2","9265","382baf67af7170d2f04c0d954a964bd52422a8240f75156f2f9b2f093ae29280"
"3112","benign","reference_003112.png","4","Benign","2","6747","c5904520c2bdd468b41e71e7a98ecbbdbf5b65d3b0663e094a59d598b06a9a4d"
"3113","benign","reference_003113.png","4","Benign","2","7722","85fc7678b58e3c246ed7d14dcf05ca7948c07a7723a08c19b4f87e5680949ae5"
"3114","benign","reference_003114.png","4","Benign","2","12092","8b8eaa51b574985f463060bf47a9db45550f8989f1236a00a0127f6a10bf2f1e"
"3115","benign","reference_003115.png","4","Benign","2","10745","528c31e664581ccdc63168e7151e0d314db75df23e588815ea23793c9242f232"
"3116","benign","reference_003116.png","4","Benign","2","10766","6f1a30d04141d81b7062ac630665209efc5ee26d9901cd28c02941eed10a7257"
"3117","benign","reference_003117.png","4","Benign","2","8993","d4c5a3201f1b7203c470a06755b8ef8b0186b3bb05501451bb91a4d966895948"
"3118","benign","reference_003118.png","4","Benign","2","8295","43522d7fdeb89530ffbcf2a70721b3881206fda48b748f27c13b2de5b56f6991"
"3119","benign","reference_003119.png","4","Benign","2","7690","8c361509b56d1751fc55dbc0d83682d5ddf9d436f9a5b0b4852ead497e6f8073"
"3120","benign","reference_003120.png","4","Benign","2","8757","130ec92e5579ff58f0c65c14534d06a38bc21f0bc688e5afe37b70a8eaa9b810"
"3121","benign","reference_003121.png","4","Benign","2","8873","08cd78debcb17415a85c86feb379bc783f61e42768219af35c1e09bb2aa6d70b"
"3122","benign","reference_003122.png","4","Benign","2","10670","33e9203dfea10cfe4a48958ea659b67e002223235abd19460a72389efdd61f5f"
"3123","benign","reference_003123.png","4","Benign","2","8511","be85958d3421ac465106903b76e9eae3a81a299adb2a029f344ba174382fa361"
"3124","benign","reference_003124.png","4","Benign","2","6049","d7f569d16efc7d25b24fa002207fa4b4f6f128c122960ff742a8da3913d4c45c"
"3125","benign","reference_003125.png","4","Benign","2","9295","f41efb91ad8e8da19a0770ad396ff43a028e868fc8171cce055be6e5a4a0504c"
"3126","benign","reference_003126.png","4","Benign","2","8562","d393cf6568dc115593936e65e8cd8b67843daeb2cb8dd4ac2bb1f2e277d99ea6"
"3127","benign","reference_003127.png","4","Benign","2","7904","92f9932c5eee729d253e515a084583eff296a2c6585862c55d53e7c2bac3b125"
"3128","benign","reference_003128.png","4","Benign","2","6477","b6047c7f5602bc3b72f40033541931c1aaccd73aea54dbc98d68b2aad6a941aa"
"3129","benign","reference_003129.png","4","Benign","2","6951","fdad8f9d96d46383c19228cffcd0811d90cb52dd381f2057653b7d4bb76f7a34"
"3130","benign","reference_003130.png","4","Benign","2","6602","88aedcfca4a4bad85614ec4f2b4155661c882b20a559d05b3cd711fe4a5d0b51"
"3131","benign","reference_003131.png","4","Benign","2","6773","c461728d84209da185180a63d1b8171fb44bc4805732afc2772ab22ca787f402"
"3132","benign","reference_003132.png","4","Benign","2","11589","eb819127297b35bbbe2bd5c74019278dc48502d88393a24d60e90488763a7b2f"
"3133","benign","reference_003133.png","4","Benign","2","9402","597d7d9c913b53ffb7c48177aef090d08ebafbb7d329e9f31ce5f81b526245e2"
"3134","benign","reference_003134.png","4","Benign","2","8087","d34b36174cc6f7e6f51923bca64c8d7cc34f51c08ff6ec553c394e3080b9bcd9"
"3135","benign","reference_003135.png","4","Benign","2","7299","2f93237e201be2c89e19b272a9b4b6f9c790e867a78eb5fa9dea5df8dfc3b901"
"3136","benign","reference_003136.png","4","Benign","2","8004","d9f1cc8513fc9b59e1447b56b24bbe38ac08d462f77bb525306d740a3412c9fd"
"3137","benign","reference_003137.png","4","Benign","2","6206","2b80fbeeed33e57f7c15d2af96c1a6e9d5d138db63435f0e6934ebe1bf133635"
"3138","benign","reference_003138.png","4","Benign","2","8528","44b220a850492d59416daac7b665732e1308fd91015b6943a7230008e794319b"
"3139","benign","reference_003139.png","4","Benign","2","7011","3549d4849353569560dbe05aee4f2f065d4bd14803554816b1ce954ab36a914e"
"3140","benign","reference_003140.png","4","Benign","2","8589","c9d7464cddc5218a720cd4a8c6a3c110744e73ede47cde198d88877849d2b74e"
"3141","benign","reference_003141.png","4","Benign","2","10195","a0d8b8ab7964db492b3aff5e927b7104637e2a9e93595bce5eb14528bf39eb1d"
"3142","benign","reference_003142.png","4","Benign","2","8404","b5a277ac9e06c0c33b0e8c3c489b86d0030366ba673fb851657b9ae11bc04329"
"3143","benign","reference_003143.png","4","Benign","2","7573","a2a62b4616dff9e7452c32d9678ba3958008a7f689f8501f409805fc30b8c704"
"3144","benign","reference_003144.png","4","Benign","2","8614","5777f30b2ccd91a1ef3e680ca9c136a2413a48910f6123310ac193338e55bf03"
"3145","benign","reference_003145.png","4","Benign","2","7268","a7482ac43ac99ffc045c38b8a1e478ee2c6524e0d13aba52b205fde870d591d2"
"3146","benign","reference_003146.png","4","Benign","2","8032","0e409b8bddb178898361c90640b77a698582098cc4cce6ef0d7cedd4039c49ce"
"3147","benign","reference_003147.png","4","Benign","2","7748","6d84dec09b9e27595cbab968f05d03299b3ae31fefe8741dcac86bb3e937f317"
"3148","benign","reference_003148.png","4","Benign","2","8205","b2f2fd4a61ee6de3904c3b8a0d4b1cd3d255636fe711217eb8e35620a043159b"
"3149","benign","reference_003149.png","4","Benign","4","3167","0bfff9903f987f40f90b24098b050db17d6ca46962f02353923ee357b0e3debc"
"3150","benign","reference_003150.png","4","Benign","4","7486","0d2041875355263de9238d07bb1e1383377779594c2ba08a998ea4767a8b8291"
"3151","benign","reference_003151.png","4","Benign","4","5299","3155623010aa80ee21ad7da4fb795a3e7b7f41c33fdb2700b339e744b16f3294"
"3152","benign","reference_003152.png","4","Benign","4","4762","0a0cf31c04a4dbd4615be919ae5084b0d3cf9339e9009f22261871f70e4c4ced"
